;avg_cost;Steps;Wall_Time
0;9.762674331665039;0;1649678853.4362657
1;9.285890579223633;10240;1649678853.5094368
2;8.522178649902344;20480;1649678853.5720828
3;8.203575134277344;30720;1649678853.6360784
4;7.739278793334961;40960;1649678853.6974754
5;7.632045745849609;51200;1649678853.762408
6;7.348372459411621;61440;1649678853.8259978
7;7.307828903198242;71680;1649678853.8849373
8;7.127098083496094;81920;1649678853.940852
9;6.94232177734375;92160;1649678854.0077984
10;6.672056198120117;102400;1649678854.0701532
11;6.5378875732421875;112640;1649678854.1381118
12;6.4190874099731445;122880;1649678854.2042384
13;6.226051330566406;133120;1649678854.2615273
14;6.1340131759643555;143360;1649678854.322591
15;6.035789966583252;153600;1649678854.381292
16;5.896456718444824;163840;1649678854.4404764
17;5.794426441192627;174080;1649678854.503418
18;5.63449764251709;184320;1649678854.5653112
19;5.529144763946533;194560;1649678854.6240711
20;5.501913547515869;204800;1649678854.6854281
21;5.3866729736328125;215040;1649678854.7494009
22;5.3409223556518555;225280;1649678854.812243
23;5.31660270690918;235520;1649678854.8778505
24;5.278411865234375;245760;1649678854.947716
25;5.2222137451171875;256000;1649678855.0102623
26;5.2618913650512695;266240;1649678855.0698383
27;5.183732986450195;276480;1649678855.1360753
28;5.153192520141602;286720;1649678855.202835
29;5.123412132263184;296960;1649678855.2595255
30;5.139406681060791;307200;1649678855.3185093
31;5.107110977172852;317440;1649678855.378324
32;5.117061138153076;327680;1649678855.4397264
33;5.070888519287109;337920;1649678855.5056453
34;5.036195755004883;348160;1649678855.5694923
35;5.0242919921875;358400;1649678855.6300504
36;4.98389196395874;368640;1649678855.6938677
37;4.9510393142700195;378880;1649678855.7602181
38;4.977272987365723;389120;1649678855.8272884
39;4.909637451171875;399360;1649678855.887321
40;4.9433698654174805;409600;1649678855.9544117
41;4.896291255950928;419840;1649678856.0215645
42;4.8916425704956055;430080;1649678856.088853
43;4.835867881774902;440320;1649678856.1484919
44;4.867356300354004;450560;1649678856.2102356
45;4.791622161865234;460800;1649678856.2691429
46;4.767047882080078;471040;1649678856.3311424
47;4.792052745819092;481280;1649678856.3887231
48;4.797240734100342;491520;1649678856.451682
49;4.737260818481445;501760;1649678856.5179157
50;4.774753570556641;512000;1649678856.5819705
51;4.748804092407227;522240;1649678856.6548035
52;4.768279552459717;532480;1649678856.7138662
53;4.758438587188721;542720;1649678856.779417
54;4.7622528076171875;552960;1649678856.8435576
55;4.747010231018066;563200;1649678856.9103513
56;4.731324672698975;573440;1649678856.975488
57;4.688015937805176;583680;1649678857.0454285
58;4.722512722015381;593920;1649678857.1048574
59;4.652947902679443;604160;1649678857.1652098
60;4.722596168518066;614400;1649678857.2251005
61;4.715811729431152;624640;1649678857.2859612
62;4.67831563949585;634880;1649678857.3471203
63;4.649331092834473;645120;1649678857.4061239
64;4.639892578125;655360;1649678857.4666944
65;4.6339311599731445;665600;1649678857.5305352
66;4.626378059387207;675840;1649678857.5980492
67;4.65747594833374;686080;1649678857.6598701
68;4.651782512664795;696320;1649678857.7196245
69;4.649221420288086;706560;1649678857.777499
70;4.597149848937988;716800;1649678857.838393
71;4.646688461303711;727040;1649678857.900982
72;4.633746147155762;737280;1649678857.9636745
73;4.625811576843262;747520;1649678858.029602
74;4.631700038909912;757760;1649678858.0963743
75;4.618619918823242;768000;1649678858.1552632
76;4.581618309020996;778240;1649678858.2132218
77;4.619163990020752;788480;1649678858.274899
78;4.5704827308654785;798720;1649678858.343283
79;4.618325710296631;808960;1649678858.4081693
80;4.581134796142578;819200;1649678858.4791389
81;4.557382583618164;829440;1649678858.5500338
82;4.564270973205566;839680;1649678858.6229188
83;4.559700012207031;849920;1649678858.6937253
84;4.547082901000977;860160;1649678858.7648053
85;4.545959949493408;870400;1649678858.835279
86;4.550464630126953;880640;1649678858.9099288
87;4.59414005279541;890880;1649678858.9841192
88;4.587335109710693;901120;1649678859.0589244
89;4.551236629486084;911360;1649678859.1296794
90;4.526965141296387;921600;1649678859.1983724
91;4.5557451248168945;931840;1649678859.2708473
92;4.558331489562988;942080;1649678859.3406112
93;4.525058746337891;952320;1649678859.4109426
94;4.503745079040527;962560;1649678859.4797494
95;4.512911319732666;972800;1649678859.5512857
96;4.527551174163818;983040;1649678859.6221392
97;4.532160758972168;993280;1649678859.6907
98;4.506429195404053;1003520;1649678859.7445605
99;4.553949356079102;1013760;1649678859.8119347
100;4.5244340896606445;1024000;1649678862.576422
101;4.494123935699463;1034240;1649678862.6651664
102;4.464344501495361;1044480;1649678862.737366
103;4.481812477111816;1054720;1649678862.8015587
104;4.4938578605651855;1064960;1649678862.870351
105;4.4724225997924805;1075200;1649678862.9369266
106;4.465240478515625;1085440;1649678863.002613
107;4.465061187744141;1095680;1649678863.0715005
108;4.451390266418457;1105920;1649678863.139924
109;4.456709861755371;1116160;1649678863.2087522
110;4.478854179382324;1126400;1649678863.2720754
111;4.4574294090271;1136640;1649678863.33341
112;4.440610885620117;1146880;1649678863.3933778
113;4.428569793701172;1157120;1649678863.4548604
114;4.476055145263672;1167360;1649678863.5120115
115;4.456310272216797;1177600;1649678863.5696282
116;4.47285270690918;1187840;1649678863.631799
117;4.460990905761719;1198080;1649678863.6945295
118;4.4637064933776855;1208320;1649678863.75094
119;4.4494404792785645;1218560;1649678863.814883
120;4.460572719573975;1228800;1649678863.8829827
121;4.46613073348999;1239040;1649678863.9418745
122;4.419787406921387;1249280;1649678864.0021708
123;4.421327590942383;1259520;1649678864.068803
124;4.4160919189453125;1269760;1649678864.1320076
125;4.445807456970215;1280000;1649678864.1926737
126;4.46373987197876;1290240;1649678864.2609444
127;4.447059631347656;1300480;1649678864.3244832
128;4.422972202301025;1310720;1649678864.388781
129;4.462886333465576;1320960;1649678864.4569607
130;4.446927070617676;1331200;1649678864.5281258
131;4.424149990081787;1341440;1649678864.5931647
132;4.423587322235107;1351680;1649678864.6556818
133;4.420575141906738;1361920;1649678864.7217739
134;4.401381492614746;1372160;1649678864.7869322
135;4.423778533935547;1382400;1649678864.8531415
136;4.383916854858398;1392640;1649678864.9185078
137;4.416676998138428;1402880;1649678864.9849486
138;4.409963130950928;1413120;1649678865.051556
139;4.404266357421875;1423360;1649678865.1215527
140;4.400668144226074;1433600;1649678865.1887567
141;4.388540267944336;1443840;1649678865.2513523
142;4.379288196563721;1454080;1649678865.312621
143;4.364592552185059;1464320;1649678865.379563
144;4.3412299156188965;1474560;1649678865.4395196
145;4.355710983276367;1484800;1649678865.502435
146;4.349517822265625;1495040;1649678865.5607183
147;4.387184143066406;1505280;1649678865.6220798
148;4.356417655944824;1515520;1649678865.6847975
149;4.413531303405762;1525760;1649678865.7516832
150;4.390290260314941;1536000;1649678865.8172073
151;4.355275630950928;1546240;1649678865.8915153
152;4.376696586608887;1556480;1649678865.960125
153;4.398909568786621;1566720;1649678866.0240688
154;4.351951599121094;1576960;1649678866.0864625
155;4.358522891998291;1587200;1649678866.1712136
156;4.352975845336914;1597440;1649678866.235501
157;4.352293014526367;1607680;1649678866.301564
158;4.379653453826904;1617920;1649678866.3670657
159;4.364032745361328;1628160;1649678866.4331489
160;4.330656051635742;1638400;1649678866.5012264
161;4.369952201843262;1648640;1649678866.573983
162;4.3137898445129395;1658880;1649678866.6446195
163;4.358720779418945;1669120;1649678866.711632
164;4.38043212890625;1679360;1649678866.7695825
165;4.376884460449219;1689600;1649678866.8263233
166;4.362798690795898;1699840;1649678866.889818
167;4.328648090362549;1710080;1649678866.9573975
168;4.339980125427246;1720320;1649678867.019555
169;4.336702346801758;1730560;1649678867.084169
170;4.361359596252441;1740800;1649678867.1545308
171;4.37873649597168;1751040;1649678867.2249029
172;4.354559898376465;1761280;1649678867.2880008
173;4.334653854370117;1771520;1649678867.3569167
174;4.335738182067871;1781760;1649678867.4244785
175;4.339845657348633;1792000;1649678867.491355
176;4.319468021392822;1802240;1649678867.5614154
177;4.322227478027344;1812480;1649678867.623725
178;4.340601921081543;1822720;1649678867.6883287
179;4.317719459533691;1832960;1649678867.7546072
180;4.302887916564941;1843200;1649678867.8195186
181;4.30167293548584;1853440;1649678867.8861837
182;4.299729347229004;1863680;1649678867.9573278
183;4.292429447174072;1873920;1649678868.018185
184;4.317842960357666;1884160;1649678868.0862591
185;4.282493591308594;1894400;1649678868.1506636
186;4.314990997314453;1904640;1649678868.2132375
187;4.3298845291137695;1914880;1649678868.2771273
188;4.279903888702393;1925120;1649678868.343279
189;4.30031681060791;1935360;1649678868.4120696
190;4.2928361892700195;1945600;1649678868.4717731
191;4.313134670257568;1955840;1649678868.528817
192;4.284492492675781;1966080;1649678868.5982668
193;4.30255126953125;1976320;1649678868.6708405
194;4.298513412475586;1986560;1649678868.7430315
195;4.263535499572754;1996800;1649678868.8044739
196;4.300042629241943;2007040;1649678868.871309
197;4.280102252960205;2017280;1649678868.942893
198;4.273550987243652;2027520;1649678869.0090308
199;4.283221244812012;2037760;1649678869.0732243
200;4.294578552246094;2048000;1649678871.8318973
201;4.300617218017578;2058240;1649678871.9128056
202;4.269815921783447;2068480;1649678871.97248
203;4.283174991607666;2078720;1649678872.046827
204;4.252151012420654;2088960;1649678872.1223154
205;4.25705099105835;2099200;1649678872.2009375
206;4.307574272155762;2109440;1649678872.2802567
207;4.281197547912598;2119680;1649678872.3593013
208;4.277255058288574;2129920;1649678872.4301643
209;4.265537261962891;2140160;1649678872.4964929
210;4.272295951843262;2150400;1649678872.5552301
211;4.27858304977417;2160640;1649678872.6195498
212;4.270861625671387;2170880;1649678872.6783655
213;4.286730766296387;2181120;1649678872.7359023
214;4.242857933044434;2191360;1649678872.7958944
215;4.266045570373535;2201600;1649678872.859883
216;4.2862749099731445;2211840;1649678872.919082
217;4.2814459800720215;2222080;1649678872.9859362
218;4.243494033813477;2232320;1649678873.0473812
219;4.252668857574463;2242560;1649678873.1127157
220;4.25218391418457;2252800;1649678873.1710324
221;4.248000144958496;2263040;1649678873.2316005
222;4.254940986633301;2273280;1649678873.2944305
223;4.2537126541137695;2283520;1649678873.3514295
224;4.268938064575195;2293760;1649678873.416089
225;4.265357494354248;2304000;1649678873.4762533
226;4.272763252258301;2314240;1649678873.5371048
227;4.23167085647583;2324480;1649678873.5940046
228;4.254570960998535;2334720;1649678873.653792
229;4.225244522094727;2344960;1649678873.7168088
230;4.236031532287598;2355200;1649678873.7749732
231;4.240218162536621;2365440;1649678873.8303366
232;4.233903884887695;2375680;1649678873.8878436
233;4.210363388061523;2385920;1649678873.9453547
234;4.238397598266602;2396160;1649678874.0062742
235;4.248327255249023;2406400;1649678874.0719817
236;4.1963372230529785;2416640;1649678874.1299121
237;4.21572732925415;2426880;1649678874.186241
238;4.200111389160156;2437120;1649678874.2443917
239;4.2284722328186035;2447360;1649678874.3021786
240;4.231813430786133;2457600;1649678874.3592277
241;4.2055158615112305;2467840;1649678874.4207306
242;4.188836574554443;2478080;1649678874.4861138
243;4.1992950439453125;2488320;1649678874.553048
244;4.270235061645508;2498560;1649678874.6133993
245;4.175567626953125;2508800;1649678874.670775
246;4.2328948974609375;2519040;1649678874.7312298
247;4.19578742980957;2529280;1649678874.795816
248;4.214022159576416;2539520;1649678874.8534086
249;4.169188499450684;2549760;1649678874.9166784
250;4.238149166107178;2560000;1649678874.9737537
251;4.202071189880371;2570240;1649678875.0342844
252;4.188172340393066;2580480;1649678875.0983825
253;4.196540832519531;2590720;1649678875.1560867
254;4.182834625244141;2600960;1649678875.215049
255;4.21905517578125;2611200;1649678875.2805932
256;4.24606990814209;2621440;1649678875.3667936
257;4.216424942016602;2631680;1649678875.4328353
258;4.22361946105957;2641920;1649678875.4914997
259;4.206804275512695;2652160;1649678875.551881
260;4.219761848449707;2662400;1649678875.6159952
261;4.180779457092285;2672640;1649678875.676258
262;4.175548553466797;2682880;1649678875.7318535
263;4.198901653289795;2693120;1649678875.7912152
264;4.180757522583008;2703360;1649678875.8547907
265;4.1848673820495605;2713600;1649678875.91271
266;4.22553825378418;2723840;1649678875.9736555
267;4.168826103210449;2734080;1649678876.038077
268;4.207062721252441;2744320;1649678876.095769
269;4.202200889587402;2754560;1649678876.173912
270;4.19339656829834;2764800;1649678876.237565
271;4.190981864929199;2775040;1649678876.294231
272;4.171491622924805;2785280;1649678876.3527465
273;4.197089672088623;2795520;1649678876.4110265
274;4.177534103393555;2805760;1649678876.4676635
275;4.177319526672363;2816000;1649678876.5287166
276;4.192720890045166;2826240;1649678876.5933154
277;4.184818267822266;2836480;1649678876.6518643
278;4.188224792480469;2846720;1649678876.7091894
279;4.173824310302734;2856960;1649678876.770672
280;4.134731769561768;2867200;1649678876.840587
281;4.194234371185303;2877440;1649678876.9042518
282;4.189226150512695;2887680;1649678876.9621162
283;4.185128211975098;2897920;1649678877.0270393
284;4.18375825881958;2908160;1649678877.0864298
285;4.160571575164795;2918400;1649678877.1440532
286;4.145345687866211;2928640;1649678877.204414
287;4.174903869628906;2938880;1649678877.268242
288;4.155959129333496;2949120;1649678877.3279274
289;4.181241989135742;2959360;1649678877.3849077
290;4.18189811706543;2969600;1649678877.4509153
291;4.1563873291015625;2979840;1649678877.5129344
292;4.173341751098633;2990080;1649678877.5726745
293;4.165454864501953;3000320;1649678877.6335504
294;4.163987636566162;3010560;1649678877.6960633
295;4.12813138961792;3020800;1649678877.758284
296;4.1826372146606445;3031040;1649678877.8233454
297;4.171501159667969;3041280;1649678877.881374
298;4.166232109069824;3051520;1649678877.9390395
299;4.154899597167969;3061760;1649678877.997024
300;4.170212745666504;3072000;1649678880.770005
301;4.147831916809082;3082240;1649678880.8307872
302;4.166792869567871;3092480;1649678880.890546
303;4.140854835510254;3102720;1649678880.9482021
304;4.168559551239014;3112960;1649678881.01154
305;4.14556884765625;3123200;1649678881.0758114
306;4.170507907867432;3133440;1649678881.1333175
307;4.161846160888672;3143680;1649678881.193096
308;4.14753532409668;3153920;1649678881.2552018
309;4.129082679748535;3164160;1649678881.313225
310;4.144747257232666;3174400;1649678881.3666112
311;4.16991662979126;3184640;1649678881.4235394
312;4.197317600250244;3194880;1649678881.4849973
313;4.146970748901367;3205120;1649678881.5418196
314;4.148698329925537;3215360;1649678881.6057765
315;4.151961326599121;3225600;1649678881.6701794
316;4.1655731201171875;3235840;1649678881.7282205
317;4.146365165710449;3246080;1649678881.783642
318;4.181247711181641;3256320;1649678881.844119
319;4.15722131729126;3266560;1649678881.911694
320;4.123049736022949;3276800;1649678881.9687254
321;4.1583333015441895;3287040;1649678882.0310209
322;4.1437835693359375;3297280;1649678882.0896208
323;4.140588760375977;3307520;1649678882.1500344
324;4.122376918792725;3317760;1649678882.2062488
325;4.150613784790039;3328000;1649678882.2686615
326;4.146322250366211;3338240;1649678882.3325355
327;4.1497416496276855;3348480;1649678882.3941548
328;4.158585548400879;3358720;1649678882.4534748
329;4.130490779876709;3368960;1649678882.5170043
330;4.128179550170898;3379200;1649678882.5768847
331;4.192168235778809;3389440;1649678882.636079
332;4.122993469238281;3399680;1649678882.6939368
333;4.1875176429748535;3409920;1649678882.755997
334;4.122872352600098;3420160;1649678882.8201447
335;4.122312545776367;3430400;1649678882.8810616
336;4.143726348876953;3440640;1649678882.9394739
337;4.136427402496338;3450880;1649678883.011938
338;4.109264373779297;3461120;1649678883.0753305
339;4.140689849853516;3471360;1649678883.1476986
340;4.147580146789551;3481600;1649678883.2152507
341;4.159570693969727;3491840;1649678883.2879539
342;4.144638538360596;3502080;1649678883.3545115
343;4.1584625244140625;3512320;1649678883.4279482
344;4.130730628967285;3522560;1649678883.5010617
345;4.17988395690918;3532800;1649678883.5646555
346;4.136750221252441;3543040;1649678883.6237533
347;4.14667272567749;3553280;1649678883.6859858
348;4.130845546722412;3563520;1649678883.7546644
349;4.115564346313477;3573760;1649678883.8251302
350;4.133905410766602;3584000;1649678883.8911378
351;4.145754814147949;3594240;1649678883.9657917
352;4.150775909423828;3604480;1649678884.0449035
353;4.161853790283203;3614720;1649678884.122365
354;4.087119102478027;3624960;1649678884.1969802
355;4.115513801574707;3635200;1649678884.2642243
356;4.135077476501465;3645440;1649678884.3283513
357;4.134540557861328;3655680;1649678884.3857546
358;4.143309593200684;3665920;1649678884.4482062
359;4.091924667358398;3676160;1649678884.5144548
360;4.134149074554443;3686400;1649678884.5767713
361;4.131346702575684;3696640;1649678884.6401567
362;4.115541934967041;3706880;1649678884.6949966
363;4.1399641036987305;3717120;1649678884.751863
364;4.120038032531738;3727360;1649678884.8162208
365;4.1243896484375;3737600;1649678884.8757448
366;4.118190765380859;3747840;1649678884.9319842
367;4.110482692718506;3758080;1649678884.9918928
368;4.125040054321289;3768320;1649678885.054498
369;4.121001243591309;3778560;1649678885.1128857
370;4.126569747924805;3788800;1649678885.1765018
371;4.154083251953125;3799040;1649678885.2347314
372;4.104996681213379;3809280;1649678885.2952096
373;4.139616966247559;3819520;1649678885.359083
374;4.120482444763184;3829760;1649678885.4218123
375;4.107824325561523;3840000;1649678885.4814658
376;4.093589782714844;3850240;1649678885.5405412
377;4.08840799331665;3860480;1649678885.5967832
378;4.088918209075928;3870720;1649678885.655503
379;4.097469329833984;3880960;1649678885.7175527
380;4.116145133972168;3891200;1649678885.781102
381;4.098731994628906;3901440;1649678885.8401592
382;4.140467643737793;3911680;1649678885.8964758
383;4.1263017654418945;3921920;1649678885.9561188
384;4.1129374504089355;3932160;1649678886.0206525
385;4.128771781921387;3942400;1649678886.0779777
386;4.126462936401367;3952640;1649678886.141488
387;4.132183074951172;3962880;1649678886.2060537
388;4.128253936767578;3973120;1649678886.2708
389;4.0899248123168945;3983360;1649678886.3229861
390;4.118369102478027;3993600;1649678886.3825426
391;4.1051106452941895;4003840;1649678886.4436572
392;4.120502948760986;4014080;1649678886.503064
393;4.076896667480469;4024320;1649678886.5729363
394;4.122302055358887;4034560;1649678886.637683
395;4.099638938903809;4044800;1649678886.6954548
396;4.0909929275512695;4055040;1649678886.7522886
397;4.09710693359375;4065280;1649678886.8143446
398;4.1319499015808105;4075520;1649678886.8754148
399;4.100087642669678;4085760;1649678886.9388378
400;4.091496467590332;4096000;1649678889.5986276
401;4.139732837677002;4106240;1649678889.6658092
402;4.08841609954834;4116480;1649678889.7369187
403;4.105367183685303;4126720;1649678889.811461
404;4.096096038818359;4136960;1649678889.8814847
405;4.093663215637207;4147200;1649678889.9386542
406;4.116683006286621;4157440;1649678889.9982982
407;4.09889030456543;4167680;1649678890.062658
408;4.120327472686768;4177920;1649678890.120299
409;4.128965854644775;4188160;1649678890.1758673
410;4.104639053344727;4198400;1649678890.2367597
411;4.095759868621826;4208640;1649678890.300203
412;4.093877792358398;4218880;1649678890.362746
413;4.095053672790527;4229120;1649678890.4215097
414;4.1068644523620605;4239360;1649678890.484076
415;4.074577808380127;4249600;1649678890.5413117
416;4.112454414367676;4259840;1649678890.604242
417;4.102322101593018;4270080;1649678890.6695406
418;4.085366725921631;4280320;1649678890.734874
419;4.080026626586914;4290560;1649678890.7922692
420;4.095041275024414;4300800;1649678890.8549306
421;4.078890800476074;4311040;1649678890.917839
422;4.099783897399902;4321280;1649678890.9757159
423;4.10630989074707;4331520;1649678891.0389283
424;4.0775556564331055;4341760;1649678891.096432
425;4.096549034118652;4352000;1649678891.1556795
426;4.057797908782959;4362240;1649678891.2179906
427;4.092947006225586;4372480;1649678891.2702167
428;4.084655284881592;4382720;1649678891.3267627
429;4.112789154052734;4392960;1649678891.3851893
430;4.104748725891113;4403200;1649678891.444375
431;4.079555511474609;4413440;1649678891.5002637
432;4.127355575561523;4423680;1649678891.5592139
433;4.136883735656738;4433920;1649678891.6212258
434;4.106009483337402;4444160;1649678891.6840975
435;4.107489109039307;4454400;1649678891.7420874
436;4.103390693664551;4464640;1649678891.802907
437;4.077112674713135;4474880;1649678891.8661478
438;4.104465007781982;4485120;1649678891.9238555
439;4.066884517669678;4495360;1649678891.9791207
440;4.110342025756836;4505600;1649678892.035762
441;4.1214141845703125;4515840;1649678892.0913217
442;4.121287822723389;4526080;1649678892.150892
443;4.123523712158203;4536320;1649678892.2095687
444;4.108859062194824;4546560;1649678892.2648623
445;4.075505256652832;4556800;1649678892.321748
446;4.110055923461914;4567040;1649678892.3773255
447;4.095136642456055;4577280;1649678892.4370618
448;4.107619285583496;4587520;1649678892.4997323
449;4.108447551727295;4597760;1649678892.5583434
450;4.100702285766602;4608000;1649678892.6216016
451;4.091835021972656;4618240;1649678892.6795607
452;4.11171293258667;4628480;1649678892.7311969
453;4.070248126983643;4638720;1649678892.7876244
454;4.083773612976074;4648960;1649678892.8514614
455;4.086090087890625;4659200;1649678892.9188004
456;4.121087551116943;4669440;1649678892.9848044
457;4.131056785583496;4679680;1649678893.0435355
458;4.101585388183594;4689920;1649678893.1003907
459;4.108852386474609;4700160;1649678893.1600776
460;4.061563014984131;4710400;1649678893.2318797
461;4.087778091430664;4720640;1649678893.2919443
462;4.065380573272705;4730880;1649678893.3557844
463;4.072090148925781;4741120;1649678893.4128315
464;4.097671031951904;4751360;1649678893.476424
465;4.078807830810547;4761600;1649678893.5407495
466;4.1057634353637695;4771840;1649678893.6011136
467;4.1214823722839355;4782080;1649678893.6886141
468;4.101647853851318;4792320;1649678893.7484882
469;4.097006797790527;4802560;1649678893.8075855
470;4.097684860229492;4812800;1649678893.871443
471;4.071819305419922;4823040;1649678893.9290483
472;4.070883750915527;4833280;1649678893.9889739
473;4.07303524017334;4843520;1649678894.0529797
474;4.102621078491211;4853760;1649678894.1106493
475;4.062679290771484;4864000;1649678894.1736124
476;4.0955352783203125;4874240;1649678894.233901
477;4.115588188171387;4884480;1649678894.2972622
478;4.095080852508545;4894720;1649678894.365686
479;4.127860069274902;4904960;1649678894.4418344
480;4.0697479248046875;4915200;1649678894.5139494
481;4.078845500946045;4925440;1649678894.585725
482;4.0828142166137695;4935680;1649678894.6619918
483;4.080237865447998;4945920;1649678894.7262712
484;4.098855018615723;4956160;1649678894.789598
485;4.080489635467529;4966400;1649678894.8490179
486;4.089538097381592;4976640;1649678894.9052536
487;4.060046195983887;4986880;1649678894.9649553
488;4.093499183654785;4997120;1649678895.020454
489;4.08223819732666;5007360;1649678895.08268
490;4.089234352111816;5017600;1649678895.1403875
491;4.088726997375488;5027840;1649678895.2060616
492;4.0838704109191895;5038080;1649678895.2799413
493;4.106290340423584;5048320;1649678895.3485513
494;4.0602569580078125;5058560;1649678895.4180417
495;4.056429862976074;5068800;1649678895.4839115
496;4.0683088302612305;5079040;1649678895.5422654
497;4.083351135253906;5089280;1649678895.6035736
498;4.067558288574219;5099520;1649678895.668486
499;4.058350563049316;5109760;1649678895.7308173
500;4.074113845825195;5120000;1649678898.181928
501;4.0698394775390625;5130240;1649678898.244338
502;4.087855339050293;5140480;1649678898.3029742
503;4.0580644607543945;5150720;1649678898.364647
504;4.064612865447998;5160960;1649678898.4224505
505;4.1000823974609375;5171200;1649678898.4839427
506;4.069674015045166;5181440;1649678898.547089
507;4.076053142547607;5191680;1649678898.6029766
508;4.074831962585449;5201920;1649678898.6625454
509;4.067166328430176;5212160;1649678898.7251523
510;4.093751430511475;5222400;1649678898.7877626
511;4.066341400146484;5232640;1649678898.8434966
512;4.054823398590088;5242880;1649678898.901605
513;4.10349702835083;5253120;1649678898.9593313
514;4.079113960266113;5263360;1649678899.0189645
515;4.075676918029785;5273600;1649678899.0828614
516;4.0764641761779785;5283840;1649678899.1407676
517;4.058676719665527;5294080;1649678899.19683
518;4.064535140991211;5304320;1649678899.2547646
519;4.078550338745117;5314560;1649678899.3101344
520;4.109235763549805;5324800;1649678899.4190907
521;4.0707106590271;5335040;1649678899.479636
522;4.100359916687012;5345280;1649678899.54162
523;4.068809509277344;5355520;1649678899.6053016
524;4.056365013122559;5365760;1649678899.6638975
525;4.0871171951293945;5376000;1649678899.7245867
526;4.099452018737793;5386240;1649678899.78455
527;4.090069770812988;5396480;1649678899.8463843
528;4.0838303565979;5406720;1649678899.912002
529;4.0752644538879395;5416960;1649678899.9759257
530;4.080289840698242;5427200;1649678900.0405025
531;4.086410045623779;5437440;1649678900.0980017
532;4.112917900085449;5447680;1649678900.1580038
533;4.069659233093262;5457920;1649678900.2227876
534;4.070013046264648;5468160;1649678900.282254
535;4.077449798583984;5478400;1649678900.339592
536;4.068765640258789;5488640;1649678900.4008167
537;4.07692813873291;5498880;1649678900.4654348
538;4.075796127319336;5509120;1649678900.5253468
539;4.0551605224609375;5519360;1649678900.5804424
540;4.064980506896973;5529600;1649678900.63939
541;4.042869567871094;5539840;1649678900.7046561
542;4.094136714935303;5550080;1649678900.7630708
543;4.073430061340332;5560320;1649678900.8236353
544;4.071626663208008;5570560;1649678900.8866405
545;4.035772323608398;5580800;1649678900.9450548
546;4.065469741821289;5591040;1649678901.000439
547;4.078065872192383;5601280;1649678901.0594356
548;4.074450969696045;5611520;1649678901.1151776
549;4.0859880447387695;5621760;1649678901.1740823
550;4.096338272094727;5632000;1649678901.2383235
551;4.038796424865723;5642240;1649678901.3055844
552;4.056848526000977;5652480;1649678901.3716772
553;4.057686805725098;5662720;1649678901.4286084
554;4.0763068199157715;5672960;1649678901.488958
555;4.073577880859375;5683200;1649678901.5524518
556;4.059754848480225;5693440;1649678901.6095984
557;4.065673828125;5703680;1649678901.6680713
558;4.067639350891113;5713920;1649678901.7314672
559;4.037278175354004;5724160;1649678901.795795
560;4.023031234741211;5734400;1649678901.8517933
561;4.039954662322998;5744640;1649678901.9071677
562;4.0674543380737305;5754880;1649678901.966804
563;4.082423210144043;5765120;1649678902.0236542
564;4.068752288818359;5775360;1649678902.083328
565;4.086052894592285;5785600;1649678902.1473725
566;4.064282417297363;5795840;1649678902.2063134
567;4.071594715118408;5806080;1649678902.2633123
568;4.066624641418457;5816320;1649678902.3221138
569;4.07938814163208;5826560;1649678902.3896356
570;4.082981586456299;5836800;1649678902.4534035
571;4.079681396484375;5847040;1649678902.5242763
572;4.074854850769043;5857280;1649678902.590048
573;4.066837787628174;5867520;1649678902.6479506
574;4.075920104980469;5877760;1649678902.7083511
575;4.050943374633789;5888000;1649678902.7725694
576;4.0632452964782715;5898240;1649678902.831178
577;4.032108306884766;5908480;1649678902.8866882
578;4.08481502532959;5918720;1649678902.9477806
579;4.056490421295166;5928960;1649678903.0112646
580;4.034350872039795;5939200;1649678903.0702958
581;4.051244735717773;5949440;1649678903.1344454
582;4.0617570877075195;5959680;1649678903.1929305
583;4.082845211029053;5969920;1649678903.2541194
584;4.0451765060424805;5980160;1649678903.3176913
585;4.041660785675049;5990400;1649678903.3777182
586;4.058071136474609;6000640;1649678903.436558
587;4.065209865570068;6010880;1649678903.4964597
588;4.038856506347656;6021120;1649678903.5548718
589;4.04680871963501;6031360;1649678903.6178691
590;4.055774211883545;6041600;1649678903.674871
591;4.059910297393799;6051840;1649678903.7369313
592;4.053915977478027;6062080;1649678903.8011131
593;4.076777458190918;6072320;1649678903.859488
594;4.049983024597168;6082560;1649678903.9192238
595;4.04709529876709;6092800;1649678903.98272
596;4.068608283996582;6103040;1649678904.0514812
597;4.0687055587768555;6113280;1649678904.1114104
598;4.051848888397217;6123520;1649678904.1688898
599;4.056910514831543;6133760;1649678904.228402
600;4.0695013999938965;6144000;1649678907.0258074
601;4.024588584899902;6154240;1649678907.105189
602;4.082084655761719;6164480;1649678907.1850085
603;4.02810001373291;6174720;1649678907.2652397
604;4.06204080581665;6184960;1649678907.3466985
605;4.078688621520996;6195200;1649678907.4152708
606;4.070781707763672;6205440;1649678907.4798832
607;4.093213081359863;6215680;1649678907.5382686
608;4.06966495513916;6225920;1649678907.5977137
609;4.062761306762695;6236160;1649678907.6629126
610;4.062585830688477;6246400;1649678907.7231872
611;4.077000617980957;6256640;1649678907.7800126
612;4.06943416595459;6266880;1649678907.8362124
613;4.070414066314697;6277120;1649678907.9028687
614;4.036978721618652;6287360;1649678907.9673955
615;4.082989692687988;6297600;1649678908.0412743
616;4.074160099029541;6307840;1649678908.1131217
617;4.050192832946777;6318080;1649678908.1880865
618;4.058475971221924;6328320;1649678908.2575564
619;4.063928127288818;6338560;1649678908.3282864
620;4.070854663848877;6348800;1649678908.3846118
621;4.05299186706543;6359040;1649678908.44466
622;4.077768802642822;6369280;1649678908.5096269
623;4.064492225646973;6379520;1649678908.5687363
624;4.080029010772705;6389760;1649678908.625843
625;4.071171283721924;6400000;1649678908.6837356
626;4.058435440063477;6410240;1649678908.7475245
627;4.061261177062988;6420480;1649678908.8096094
628;4.040614128112793;6430720;1649678908.8680804
629;4.06680154800415;6440960;1649678908.9215474
630;4.037489414215088;6451200;1649678908.9839795
631;4.020729064941406;6461440;1649678909.0492284
632;4.063357353210449;6471680;1649678909.1124642
633;4.033755302429199;6481920;1649678909.1721723
634;4.052757263183594;6492160;1649678909.2285998
635;4.067111968994141;6502400;1649678909.2899158
636;4.0540971755981445;6512640;1649678909.3554542
637;4.051560878753662;6522880;1649678909.4113524
638;4.0633344650268555;6533120;1649678909.4686608
639;4.064484596252441;6543360;1649678909.5266004
640;4.051494121551514;6553600;1649678909.5841796
641;4.040105819702148;6563840;1649678909.6468406
642;4.080374240875244;6574080;1649678909.704086
643;4.04900598526001;6584320;1649678909.7625542
644;4.054882049560547;6594560;1649678909.823665
645;4.052496433258057;6604800;1649678909.879314
646;4.067489147186279;6615040;1649678909.941968
647;4.018009185791016;6625280;1649678910.0074203
648;4.068607330322266;6635520;1649678910.0706868
649;4.058813571929932;6645760;1649678910.138137
650;4.086634159088135;6656000;1649678910.2008293
651;4.055200099945068;6666240;1649678910.2590184
652;4.070724010467529;6676480;1649678910.334795
653;4.064958095550537;6686720;1649678910.4028351
654;4.047546863555908;6696960;1649678910.4647295
655;4.05417537689209;6707200;1649678910.5299993
656;4.064718246459961;6717440;1649678910.5989745
657;4.051591873168945;6727680;1649678910.6588755
658;4.070831298828125;6737920;1649678910.7261262
659;4.055544376373291;6748160;1649678910.7836392
660;4.0286664962768555;6758400;1649678910.8359694
661;4.040482044219971;6768640;1649678910.891321
662;4.044732093811035;6778880;1649678910.951544
663;4.033195495605469;6789120;1649678911.0227027
664;4.066324234008789;6799360;1649678911.0837417
665;4.070949554443359;6809600;1649678911.1464455
666;4.03477668762207;6819840;1649678911.2024412
667;4.06440544128418;6830080;1649678911.2680733
668;4.08689546585083;6840320;1649678911.3369565
669;4.075779914855957;6850560;1649678911.4027078
670;4.071234226226807;6860800;1649678911.4601872
671;4.020802974700928;6871040;1649678911.5217562
672;4.071891784667969;6881280;1649678911.5788815
673;4.058902263641357;6891520;1649678911.6353667
674;4.067014694213867;6901760;1649678911.6931453
675;4.056972026824951;6912000;1649678911.7502615
676;4.041388511657715;6922240;1649678911.8140588
677;4.032015800476074;6932480;1649678911.8782911
678;4.040936470031738;6942720;1649678911.9371748
679;4.018179416656494;6952960;1649678911.994987
680;4.049193382263184;6963200;1649678912.051761
681;4.037613868713379;6973440;1649678912.1147645
682;4.038328170776367;6983680;1649678912.1718206
683;4.040452003479004;6993920;1649678912.2370203
684;4.066009521484375;7004160;1649678912.3016005
685;4.037990093231201;7014400;1649678912.3648577
686;4.054937362670898;7024640;1649678912.4335513
687;4.029417037963867;7034880;1649678912.4992194
688;4.058650970458984;7045120;1649678912.560506
689;4.009748458862305;7055360;1649678912.6241043
690;4.000417232513428;7065600;1649678912.6865728
691;4.028456687927246;7075840;1649678912.7497435
692;4.022691249847412;7086080;1649678912.8068635
693;4.051356792449951;7096320;1649678912.8687894
694;4.050217628479004;7106560;1649678912.9389622
695;4.0273027420043945;7116800;1649678913.004836
696;4.0463480949401855;7127040;1649678913.0611248
697;4.050575256347656;7137280;1649678913.1238887
698;4.075486660003662;7147520;1649678913.1810358
699;4.046905517578125;7157760;1649678913.2386525
700;4.085038661956787;7168000;1649678915.9330235
701;4.039831161499023;7178240;1649678916.0058315
702;4.047292232513428;7188480;1649678916.0715868
703;4.042663097381592;7198720;1649678916.144732
704;4.057693958282471;7208960;1649678916.2180014
705;4.068103313446045;7219200;1649678916.2873049
706;4.035848617553711;7229440;1649678916.351155
707;4.034023761749268;7239680;1649678916.4161057
708;4.04719352722168;7249920;1649678916.484633
709;4.035635948181152;7260160;1649678916.551141
710;4.041285037994385;7270400;1649678916.6193562
711;4.030351638793945;7280640;1649678916.6863432
712;4.037087917327881;7290880;1649678916.7523
713;4.025881767272949;7301120;1649678916.816329
714;4.036007881164551;7311360;1649678916.8831902
715;4.051286697387695;7321600;1649678916.9453294
716;4.048621654510498;7331840;1649678917.007288
717;4.067009925842285;7342080;1649678917.0749862
718;4.045741081237793;7352320;1649678917.1414402
719;4.061229705810547;7362560;1649678917.2117672
720;4.00942850112915;7372800;1649678917.2808218
721;4.029807090759277;7383040;1649678917.3461387
722;4.043829917907715;7393280;1649678917.4086797
723;4.034590244293213;7403520;1649678917.473515
724;4.027343273162842;7413760;1649678917.5427566
725;4.041743278503418;7424000;1649678917.60897
726;4.038805961608887;7434240;1649678917.6728578
727;4.041492462158203;7444480;1649678917.740549
728;4.0455427169799805;7454720;1649678917.8023891
729;4.0191192626953125;7464960;1649678917.8680952
730;4.043389320373535;7475200;1649678917.931933
731;4.036655902862549;7485440;1649678917.9984288
732;4.0575714111328125;7495680;1649678918.062786
733;4.02766752243042;7505920;1649678918.1314015
734;4.066030025482178;7516160;1649678918.2014616
735;4.0391411781311035;7526400;1649678918.2719975
736;4.058225631713867;7536640;1649678918.3443305
737;4.039567947387695;7546880;1649678918.4144495
738;4.0377302169799805;7557120;1649678918.4794245
739;4.044905662536621;7567360;1649678918.5404396
740;4.043896675109863;7577600;1649678918.6410096
741;4.027229309082031;7587840;1649678918.7020712
742;4.033522605895996;7598080;1649678918.762079
743;4.04779052734375;7608320;1649678918.826396
744;4.043975830078125;7618560;1649678918.8982937
745;4.060436248779297;7628800;1649678918.9692013
746;4.058345794677734;7639040;1649678919.0440924
747;4.0454559326171875;7649280;1649678919.1116066
748;4.039710998535156;7659520;1649678919.1701653
749;4.046003341674805;7669760;1649678919.2396147
750;4.042923927307129;7680000;1649678919.3113136
751;4.075579643249512;7690240;1649678919.3774133
752;4.043698787689209;7700480;1649678919.4452188
753;4.0171709060668945;7710720;1649678919.5046241
754;4.051556587219238;7720960;1649678919.571996
755;4.024627208709717;7731200;1649678919.6430147
756;4.055960655212402;7741440;1649678919.7093773
757;4.041197776794434;7751680;1649678919.7702124
758;4.0260844230651855;7761920;1649678919.8349202
759;4.020183563232422;7772160;1649678919.903406
760;4.031949996948242;7782400;1649678919.9758408
761;4.0194196701049805;7792640;1649678920.053352
762;4.067531585693359;7802880;1649678920.1283681
763;4.016275882720947;7813120;1649678920.2047608
764;4.032097816467285;7823360;1649678920.2701821
765;4.026998519897461;7833600;1649678920.3369641
766;4.024012565612793;7843840;1649678920.400127
767;4.047104358673096;7854080;1649678920.4583094
768;4.058565616607666;7864320;1649678920.525616
769;4.032719612121582;7874560;1649678920.5886152
770;4.011726379394531;7884800;1649678920.6506047
771;4.009297847747803;7895040;1649678920.7132444
772;4.03928279876709;7905280;1649678920.7695506
773;4.036057472229004;7915520;1649678920.8405566
774;4.037920951843262;7925760;1649678920.904466
775;4.018066883087158;7936000;1649678920.972733
776;4.053879737854004;7946240;1649678921.0380902
777;4.0283966064453125;7956480;1649678921.0989683
778;4.059454441070557;7966720;1649678921.155878
779;4.043094635009766;7976960;1649678921.2182086
780;4.02647590637207;7987200;1649678921.2773767
781;4.0239481925964355;7997440;1649678921.3408566
782;4.055222988128662;8007680;1649678921.3981981
783;4.021728515625;8017920;1649678921.4561694
784;4.0203704833984375;8028160;1649678921.5261483
785;4.022646903991699;8038400;1649678921.5951464
786;4.049009323120117;8048640;1649678921.6564069
787;4.012199878692627;8058880;1649678921.7293804
788;4.058749198913574;8069120;1649678921.7946415
789;4.009023666381836;8079360;1649678921.8614464
790;4.034830093383789;8089600;1649678921.9299889
791;4.022883415222168;8099840;1649678922.0044694
792;4.014054298400879;8110080;1649678922.0785687
793;4.0299530029296875;8120320;1649678922.1510692
794;4.01825475692749;8130560;1649678922.2229125
795;4.020339488983154;8140800;1649678922.2934463
796;4.015643119812012;8151040;1649678922.363254
797;4.017948150634766;8161280;1649678922.4331536
798;4.012864589691162;8171520;1649678922.503037
799;4.030855178833008;8181760;1649678922.5749815
800;3.9973888397216797;8192000;1649678925.379096
801;4.008520126342773;8202240;1649678925.4480712
802;4.058829307556152;8212480;1649678925.5183852
803;4.023975849151611;8222720;1649678925.584706
804;4.006011486053467;8232960;1649678925.6648746
805;4.032581329345703;8243200;1649678925.739204
806;4.04289436340332;8253440;1649678925.8149672
807;4.044676303863525;8263680;1649678925.884498
808;4.0333251953125;8273920;1649678925.9467413
809;4.04315185546875;8284160;1649678926.010214
810;4.042914390563965;8294400;1649678926.078905
811;4.0347676277160645;8304640;1649678926.1523278
812;4.048099517822266;8314880;1649678926.225395
813;4.035579204559326;8325120;1649678926.2890213
814;4.019652843475342;8335360;1649678926.3580952
815;4.040155410766602;8345600;1649678926.4239113
816;4.026034355163574;8355840;1649678926.4974864
817;4.04045295715332;8366080;1649678926.55752
818;4.033469200134277;8376320;1649678926.6235976
819;4.044980049133301;8386560;1649678926.6842647
820;4.042032718658447;8396800;1649678926.742183
821;3.9819812774658203;8407040;1649678926.807154
822;4.050940036773682;8417280;1649678926.8757336
823;4.015593528747559;8427520;1649678926.944184
824;4.059327125549316;8437760;1649678927.0272965
825;4.038388252258301;8448000;1649678927.1005588
826;4.049875736236572;8458240;1649678927.1723387
827;4.005526542663574;8468480;1649678927.242877
828;4.030743598937988;8478720;1649678927.313269
829;3.9971303939819336;8488960;1649678927.3771198
830;3.9947848320007324;8499200;1649678927.4419496
831;4.0280046463012695;8509440;1649678927.5107598
832;4.046014785766602;8519680;1649678927.5846221
833;4.034443378448486;8529920;1649678927.6400597
834;4.029236793518066;8540160;1649678927.7058508
835;4.029256820678711;8550400;1649678927.7753162
836;4.051865577697754;8560640;1649678927.8480933
837;4.043272495269775;8570880;1649678927.9120858
838;4.024796485900879;8581120;1649678927.9836655
839;4.016929626464844;8591360;1649678928.0604959
840;4.041961669921875;8601600;1649678928.136979
841;4.0249738693237305;8611840;1649678928.210645
842;4.061404705047607;8622080;1649678928.2829282
843;4.026286602020264;8632320;1649678928.3469503
844;4.005967617034912;8642560;1649678928.4080796
845;4.050164222717285;8652800;1649678928.4804368
846;4.038724899291992;8663040;1649678928.5552204
847;4.0145978927612305;8673280;1649678928.6350725
848;3.984818935394287;8683520;1649678928.7078176
849;4.039944648742676;8693760;1649678928.780855
850;4.01263427734375;8704000;1649678928.8563142
851;4.001996040344238;8714240;1649678928.9304478
852;4.037484169006348;8724480;1649678929.0048735
853;4.0228271484375;8734720;1649678929.079501
854;4.008906364440918;8744960;1649678929.1427164
855;4.010863780975342;8755200;1649678929.2035902
856;4.00863790512085;8765440;1649678929.2666245
857;4.0055389404296875;8775680;1649678929.3447573
858;3.9978723526000977;8785920;1649678929.4152038
859;4.027882099151611;8796160;1649678929.4757705
860;4.070244789123535;8806400;1649678929.540073
861;4.014336585998535;8816640;1649678929.6139245
862;4.012415885925293;8826880;1649678929.6872015
863;4.0388593673706055;8837120;1649678929.747485
864;4.034915924072266;8847360;1649678929.809356
865;4.028537750244141;8857600;1649678929.8801417
866;4.043791770935059;8867840;1649678929.9586637
867;4.01962947845459;8878080;1649678930.0388684
868;4.032710552215576;8888320;1649678930.1062758
869;4.020410537719727;8898560;1649678930.1719918
870;4.0148024559021;8908800;1649678930.2321165
871;4.052562713623047;8919040;1649678930.3060784
872;4.035916328430176;8929280;1649678930.383031
873;4.019278049468994;8939520;1649678930.4649491
874;4.033431053161621;8949760;1649678930.546805
875;4.0313920974731445;8960000;1649678930.6276095
876;4.045863151550293;8970240;1649678930.7081313
877;4.036336898803711;8980480;1649678930.7889082
878;4.01061487197876;8990720;1649678930.8707416
879;4.032772064208984;9000960;1649678930.940717
880;4.014078617095947;9011200;1649678931.0178347
881;4.031499862670898;9021440;1649678931.0977535
882;4.054999351501465;9031680;1649678931.1766114
883;3.983710289001465;9041920;1649678931.2537096
884;4.047985553741455;9052160;1649678931.329793
885;4.035007476806641;9062400;1649678931.4059129
886;4.048050880432129;9072640;1649678931.4772494
887;4.037087440490723;9082880;1649678931.5502753
888;4.031287670135498;9093120;1649678931.6219056
889;4.032859802246094;9103360;1649678931.6925645
890;4.006195068359375;9113600;1649678931.7627347
891;4.032920837402344;9123840;1649678931.833717
892;3.9969968795776367;9134080;1649678931.9080074
893;4.059582710266113;9144320;1649678931.9852762
894;4.008237838745117;9154560;1649678932.064375
895;4.003652572631836;9164800;1649678932.145474
896;4.0429887771606445;9175040;1649678932.2276382
897;3.985405921936035;9185280;1649678932.3040032
898;3.997943878173828;9195520;1649678932.3760502
899;4.016615390777588;9205760;1649678932.4452581
900;4.010660171508789;9216000;1649678935.1678476
901;4.045168399810791;9226240;1649678935.236931
902;4.003565788269043;9236480;1649678935.3067355
903;4.036229610443115;9246720;1649678935.378728
904;4.024144172668457;9256960;1649678935.4500542
905;4.018085956573486;9267200;1649678935.5201237
906;4.0009002685546875;9277440;1649678935.5912304
907;4.009662628173828;9287680;1649678935.6623955
908;3.999173402786255;9297920;1649678935.7366955
909;3.9917373657226562;9308160;1649678935.8095279
910;4.006255626678467;9318400;1649678935.8810568
911;4.027815818786621;9328640;1649678935.9514499
912;4.01111364364624;9338880;1649678936.0246787
913;4.019123077392578;9349120;1649678936.0950272
914;4.026270866394043;9359360;1649678936.1605916
915;3.996269702911377;9369600;1649678936.2273939
916;4.015260696411133;9379840;1649678936.295267
917;4.034379959106445;9390080;1649678936.3650908
918;4.0371809005737305;9400320;1649678936.4361172
919;4.027139663696289;9410560;1649678936.5061958
920;4.014110565185547;9420800;1649678936.5804906
921;4.037513732910156;9431040;1649678936.6493077
922;4.012317657470703;9441280;1649678936.7183237
923;4.0027546882629395;9451520;1649678936.7890828
924;4.006056308746338;9461760;1649678936.86001
925;4.000106334686279;9472000;1649678936.9288478
926;4.003119468688965;9482240;1649678937.0049767
927;3.9851460456848145;9492480;1649678937.077315
928;3.99416446685791;9502720;1649678937.1418943
929;4.009506702423096;9512960;1649678937.209934
930;3.992215633392334;9523200;1649678937.2762136
931;4.021458625793457;9533440;1649678937.342153
932;4.019010066986084;9543680;1649678937.417676
933;4.001071453094482;9553920;1649678937.4905894
934;4.0037455558776855;9564160;1649678937.5572114
935;4.027534484863281;9574400;1649678937.626804
936;4.01600456237793;9584640;1649678937.6930075
937;4.00750732421875;9594880;1649678937.7592504
938;4.022268295288086;9605120;1649678937.826413
939;4.025177001953125;9615360;1649678937.897014
940;4.007214546203613;9625600;1649678937.9674604
941;4.0142693519592285;9635840;1649678938.043645
942;4.02153205871582;9646080;1649678938.112411
943;3.996917247772217;9656320;1649678938.1836088
944;3.9944121837615967;9666560;1649678938.2573113
945;4.024143695831299;9676800;1649678938.3238344
946;4.019566535949707;9687040;1649678938.3939414
947;3.985623359680176;9697280;1649678938.4657578
948;4.023069381713867;9707520;1649678938.5344403
949;4.030049800872803;9717760;1649678938.6031294
950;4.021930694580078;9728000;1649678938.670396
951;4.014443874359131;9738240;1649678938.7358718
952;4.022876739501953;9748480;1649678938.8084433
953;4.008195877075195;9758720;1649678938.8803098
954;4.016851425170898;9768960;1649678938.9511676
955;4.007270812988281;9779200;1649678939.0268035
956;4.0151495933532715;9789440;1649678939.1008239
957;4.014876365661621;9799680;1649678939.170355
958;4.033792495727539;9809920;1649678939.237955
959;4.021646022796631;9820160;1649678939.3139641
960;4.00855827331543;9830400;1649678939.3894775
961;4.0056657791137695;9840640;1649678939.46571
962;4.020737648010254;9850880;1649678939.5330935
963;3.991668701171875;9861120;1649678939.6037126
964;3.974679708480835;9871360;1649678939.6639426
965;4.026304244995117;9881600;1649678939.7249444
966;4.010870456695557;9891840;1649678939.7843132
967;4.024161338806152;9902080;1649678939.8430505
968;4.040045738220215;9912320;1649678939.9028413
969;4.006479263305664;9922560;1649678939.9668486
970;3.9971561431884766;9932800;1649678940.0232062
971;3.988189220428467;9943040;1649678940.0833087
972;3.9806697368621826;9953280;1649678940.149586
973;3.989394426345825;9963520;1649678940.21056
974;4.020384788513184;9973760;1649678940.2649698
975;4.009803771972656;9984000;1649678940.3224745
976;3.999772548675537;9994240;1649678940.3767898
977;3.9954724311828613;10004480;1649678940.437579
978;4.03995418548584;10014720;1649678940.5051692
979;4.033575057983398;10024960;1649678940.5670352
980;4.018543243408203;10035200;1649678940.6310978
981;4.043939113616943;10045440;1649678940.691665
982;4.008835315704346;10055680;1649678940.7513437
983;4.005975723266602;10065920;1649678940.8121405
984;4.0139851570129395;10076160;1649678940.8724332
985;4.022321701049805;10086400;1649678940.9308777
986;4.035968780517578;10096640;1649678940.9904675
987;3.9997568130493164;10106880;1649678941.0552292
988;3.996833324432373;10117120;1649678941.1145537
989;4.043172836303711;10127360;1649678941.17444
990;4.021389007568359;10137600;1649678941.2341125
991;4.031368255615234;10147840;1649678941.3109725
992;4.008896350860596;10158080;1649678941.3697822
993;3.997493028640747;10168320;1649678941.4285583
994;4.032140254974365;10178560;1649678941.484389
995;4.013186931610107;10188800;1649678941.544841
996;4.039919853210449;10199040;1649678941.6050036
997;4.0057830810546875;10209280;1649678941.66457
998;4.019218444824219;10219520;1649678941.724058
999;4.001909255981445;10229760;1649678941.783099
1000;3.997495651245117;10240000;1649678944.2748597
1001;4.020092964172363;10250240;1649678944.3394425
1002;4.019701957702637;10260480;1649678944.4063332
1003;4.0077924728393555;10270720;1649678944.4755754
1004;3.9924230575561523;10280960;1649678944.5493593
1005;4.011092185974121;10291200;1649678944.6232765
1006;4.038637161254883;10301440;1649678944.6963131
1007;4.023268222808838;10311680;1649678944.7671537
1008;3.997694969177246;10321920;1649678944.8332958
1009;4.032844543457031;10332160;1649678944.8980932
1010;4.007182598114014;10342400;1649678944.9699013
1011;4.01312255859375;10352640;1649678945.0380704
1012;4.021209716796875;10362880;1649678945.1070254
1013;3.9947543144226074;10373120;1649678945.180202
1014;4.057025909423828;10383360;1649678945.271811
1015;4.030135154724121;10393600;1649678945.3392255
1016;4.02126932144165;10403840;1649678945.410552
1017;4.008946895599365;10414080;1649678945.4832397
1018;3.992255926132202;10424320;1649678945.5533853
1019;3.995720148086548;10434560;1649678945.6253693
1020;4.025905609130859;10444800;1649678945.6955905
1021;4.042293548583984;10455040;1649678945.7633731
1022;3.9930412769317627;10465280;1649678945.8341377
1023;4.015603065490723;10475520;1649678945.909785
1024;4.042544364929199;10485760;1649678945.9762914
1025;4.029201507568359;10496000;1649678946.0487437
1026;4.010346412658691;10506240;1649678946.1265073
1027;4.020104885101318;10516480;1649678946.1970294
1028;4.014444351196289;10526720;1649678946.267448
1029;4.007659912109375;10536960;1649678946.3390899
1030;3.9943861961364746;10547200;1649678946.4044704
1031;3.9987127780914307;10557440;1649678946.4730892
1032;3.993011474609375;10567680;1649678946.542144
1033;4.0187177658081055;10577920;1649678946.6105824
1034;4.0169148445129395;10588160;1649678946.683863
1035;4.013421535491943;10598400;1649678946.7580056
1036;3.9823741912841797;10608640;1649678946.8249047
1037;3.9924511909484863;10618880;1649678946.8949401
1038;3.9749794006347656;10629120;1649678946.965725
1039;4.0474748611450195;10639360;1649678947.0365026
1040;3.9962542057037354;10649600;1649678947.1053307
1041;4.004803657531738;10659840;1649678947.1759875
1042;3.990891933441162;10670080;1649678947.2457328
1043;3.9945068359375;10680320;1649678947.310847
1044;4.003371238708496;10690560;1649678947.376721
1045;3.983489751815796;10700800;1649678947.4464157
1046;4.0066633224487305;10711040;1649678947.5117033
1047;3.992288589477539;10721280;1649678947.5738
1048;4.008659839630127;10731520;1649678947.6326241
1049;4.023278713226318;10741760;1649678947.695239
1050;3.9977641105651855;10752000;1649678947.7675812
1051;3.982316493988037;10762240;1649678947.837201
1052;4.020464897155762;10772480;1649678947.8941996
1053;4.01652193069458;10782720;1649678947.9533803
1054;4.018459796905518;10792960;1649678948.015124
1055;4.012065410614014;10803200;1649678948.0773995
1056;4.0214385986328125;10813440;1649678948.1360881
1057;4.002645492553711;10823680;1649678948.1923335
1058;4.02342414855957;10833920;1649678948.2599761
1059;3.987787961959839;10844160;1649678948.3239024
1060;4.013805389404297;10854400;1649678948.3773463
1061;3.9966797828674316;10864640;1649678948.434118
1062;3.9701786041259766;10874880;1649678948.498309
1063;4.013474941253662;10885120;1649678948.5724177
1064;4.023399353027344;10895360;1649678948.6327386
1065;4.013629913330078;10905600;1649678948.6940339
1066;3.9955029487609863;10915840;1649678948.7524264
1067;3.9970288276672363;10926080;1649678948.8141892
1068;4.017974853515625;10936320;1649678948.883918
1069;4.004597187042236;10946560;1649678948.949832
1070;4.004398822784424;10956800;1649678949.0168536
1071;4.003182888031006;10967040;1649678949.088486
1072;3.981996536254883;10977280;1649678949.1565323
1073;4.003773212432861;10987520;1649678949.2207854
1074;4.004604339599609;10997760;1649678949.2824478
1075;4.020619869232178;11008000;1649678949.3362212
1076;3.9906158447265625;11018240;1649678949.3933969
1077;4.027630805969238;11028480;1649678949.4574025
1078;3.9934792518615723;11038720;1649678949.5147846
1079;4.016806602478027;11048960;1649678949.577885
1080;4.004699230194092;11059200;1649678949.6339881
1081;3.9853110313415527;11069440;1649678949.6901731
1082;4.001473426818848;11079680;1649678949.7467225
1083;3.9892992973327637;11089920;1649678949.8089623
1084;4.014537811279297;11100160;1649678949.867057
1085;4.010526657104492;11110400;1649678949.9314237
1086;4.020264148712158;11120640;1649678949.9966824
1087;3.9950032234191895;11130880;1649678950.0559807
1088;4.005663871765137;11141120;1649678950.118891
1089;3.981590747833252;11151360;1649678950.1758451
1090;3.9927566051483154;11161600;1649678950.2406213
1091;3.9996166229248047;11171840;1649678950.2959864
1092;3.9953246116638184;11182080;1649678950.359617
1093;4.022921562194824;11192320;1649678950.4292562
1094;4.010418891906738;11202560;1649678950.491806
1095;4.01046085357666;11212800;1649678950.5637112
1096;3.992277145385742;11223040;1649678950.6257434
1097;4.020834922790527;11233280;1649678950.6864514
1098;3.9948229789733887;11243520;1649678950.7457597
1099;4.008313179016113;11253760;1649678950.8093345
1100;3.9785361289978027;11264000;1649678953.604549
1101;4.00642204284668;11274240;1649678953.6693754
1102;4.001834392547607;11284480;1649678953.7300203
1103;3.9932754039764404;11294720;1649678953.7982457
1104;4.009018898010254;11304960;1649678953.8610709
1105;4.018840789794922;11315200;1649678953.9265764
1106;3.9841747283935547;11325440;1649678953.9961596
1107;3.9833340644836426;11335680;1649678954.0609136
1108;3.9784984588623047;11345920;1649678954.118265
1109;3.9933648109436035;11356160;1649678954.1817756
1110;3.9949960708618164;11366400;1649678954.2415576
1111;3.9918432235717773;11376640;1649678954.3101873
1112;3.968841075897217;11386880;1649678954.382372
1113;3.9920525550842285;11397120;1649678954.4492164
1114;4.01215934753418;11407360;1649678954.5170882
1115;4.006836891174316;11417600;1649678954.5919034
1116;4.0171380043029785;11427840;1649678954.6573389
1117;3.991971254348755;11438080;1649678954.7163403
1118;4.000643730163574;11448320;1649678954.7764904
1119;4.003450393676758;11458560;1649678954.8326683
1120;3.996777057647705;11468800;1649678954.890112
1121;3.9880685806274414;11479040;1649678954.952506
1122;4.024235725402832;11489280;1649678955.0236924
1123;3.9939124584198;11499520;1649678955.0951173
1124;3.991659641265869;11509760;1649678955.1629264
1125;4.038084030151367;11520000;1649678955.23357
1126;4.009325981140137;11530240;1649678955.306093
1127;4.0098161697387695;11540480;1649678955.3723812
1128;3.993678092956543;11550720;1649678955.4375536
1129;3.9721992015838623;11560960;1649678955.5031636
1130;4.004790306091309;11571200;1649678955.5635808
1131;4.0035319328308105;11581440;1649678955.6243606
1132;4.004387855529785;11591680;1649678955.686178
1133;4.000871658325195;11601920;1649678955.7462318
1134;3.998884677886963;11612160;1649678955.8108263
1135;4.015242576599121;11622400;1649678955.8791893
1136;4.00383186340332;11632640;1649678955.9415636
1137;4.003260135650635;11642880;1649678956.013146
1138;4.022932052612305;11653120;1649678956.0857437
1139;4.00667667388916;11663360;1649678956.1514893
1140;4.006654262542725;11673600;1649678956.2220328
1141;4.017868995666504;11683840;1649678956.2946973
1142;4.017703056335449;11694080;1649678956.362674
1143;4.015151023864746;11704320;1649678956.426835
1144;4.024637222290039;11714560;1649678956.4913895
1145;3.985501289367676;11724800;1649678956.5498672
1146;3.985894203186035;11735040;1649678956.6057854
1147;3.9739573001861572;11745280;1649678956.6641695
1148;3.991499423980713;11755520;1649678956.723259
1149;4.013341903686523;11765760;1649678956.7839735
1150;4.005463600158691;11776000;1649678956.839911
1151;4.01569938659668;11786240;1649678956.896505
1152;3.9843335151672363;11796480;1649678956.955912
1153;3.995081901550293;11806720;1649678957.0134954
1154;3.997939109802246;11816960;1649678957.075945
1155;3.9936368465423584;11827200;1649678957.134027
1156;3.9878945350646973;11837440;1649678957.190635
1157;3.987198829650879;11847680;1649678957.252612
1158;3.9794130325317383;11857920;1649678957.3169408
1159;4.010437488555908;11868160;1649678957.379005
1160;4.0077972412109375;11878400;1649678957.4377408
1161;4.012935161590576;11888640;1649678957.4949777
1162;3.9799070358276367;11898880;1649678957.5516262
1163;3.990118980407715;11909120;1649678957.6164184
1164;4.001395225524902;11919360;1649678957.6834114
1165;3.981475591659546;11929600;1649678957.7448277
1166;3.988175392150879;11939840;1649678957.8073227
1167;3.991405725479126;11950080;1649678957.868289
1168;3.9912805557250977;11960320;1649678957.9357686
1169;3.990633249282837;11970560;1649678957.998566
1170;3.984198570251465;11980800;1649678958.066393
1171;4.0042901039123535;11991040;1649678958.1302576
1172;4.007661819458008;12001280;1649678958.1973033
1173;4.014377593994141;12011520;1649678958.2591932
1174;3.99167537689209;12021760;1649678958.3276982
1175;3.9774608612060547;12032000;1649678958.3920867
1176;4.0179548263549805;12042240;1649678958.460595
1177;3.9704742431640625;12052480;1649678958.5285394
1178;4.047510147094727;12062720;1649678958.6004167
1179;4.011877536773682;12072960;1649678958.6666744
1180;3.9724786281585693;12083200;1649678958.730315
1181;3.9792027473449707;12093440;1649678958.7898128
1182;4.00303316116333;12103680;1649678958.8549237
1183;3.974216938018799;12113920;1649678958.9268134
1184;4.020525932312012;12124160;1649678958.9935493
1185;4.0113725662231445;12134400;1649678959.0527964
1186;4.0227155685424805;12144640;1649678959.1211667
1187;4.011157035827637;12154880;1649678959.1905088
1188;4.016424655914307;12165120;1649678959.2573872
1189;3.971369743347168;12175360;1649678959.3283334
1190;3.9660861492156982;12185600;1649678959.3980317
1191;3.9947733879089355;12195840;1649678959.4636726
1192;3.996159553527832;12206080;1649678959.5224638
1193;4.004724502563477;12216320;1649678959.5895875
1194;3.9810428619384766;12226560;1649678959.654822
1195;4.034534454345703;12236800;1649678959.7172792
1196;4.005067348480225;12247040;1649678959.785318
1197;3.9805996417999268;12257280;1649678959.8531916
1198;4.030122756958008;12267520;1649678959.9142218
1199;4.013355255126953;12277760;1649678959.9753942
1200;3.999403953552246;12288000;1649678962.4161918
1201;4.0163421630859375;12298240;1649678962.494158
1202;4.031037330627441;12308480;1649678962.5637603
1203;3.9977645874023438;12318720;1649678962.6303322
1204;3.9959557056427;12328960;1649678962.6989162
1205;3.9949467182159424;12339200;1649678962.76789
1206;3.9894070625305176;12349440;1649678962.8375158
1207;3.9951276779174805;12359680;1649678962.9040096
1208;3.9907279014587402;12369920;1649678962.979316
1209;3.9998631477355957;12380160;1649678963.0548475
1210;3.99859619140625;12390400;1649678963.126277
1211;3.987412691116333;12400640;1649678963.1938288
1212;4.011783599853516;12410880;1649678963.2611723
1213;4.032229423522949;12421120;1649678963.3273098
1214;3.9893672466278076;12431360;1649678963.3959687
1215;4.023396015167236;12441600;1649678963.4643977
1216;3.980879306793213;12451840;1649678963.534421
1217;3.9814186096191406;12462080;1649678963.605517
1218;4.01333475112915;12472320;1649678963.668052
1219;4.0066680908203125;12482560;1649678963.7349093
1220;3.988823413848877;12492800;1649678963.8031967
1221;3.9925312995910645;12503040;1649678963.8747325
1222;3.9739012718200684;12513280;1649678963.943208
1223;4.001433849334717;12523520;1649678964.015371
1224;3.98175311088562;12533760;1649678964.085679
1225;3.9715445041656494;12544000;1649678964.1548011
1226;3.9568066596984863;12554240;1649678964.2240648
1227;3.9877562522888184;12564480;1649678964.2904117
1228;3.994269371032715;12574720;1649678964.3606997
1229;3.957284688949585;12584960;1649678964.4282463
1230;3.9883081912994385;12595200;1649678964.5003445
1231;3.9654183387756348;12605440;1649678964.5742075
1232;3.976825475692749;12615680;1649678964.6395328
1233;3.958576202392578;12625920;1649678964.7073023
1234;3.987844467163086;12636160;1649678964.773845
1235;3.9807863235473633;12646400;1649678964.8379824
1236;3.982022762298584;12656640;1649678964.9065032
1237;3.9657492637634277;12666880;1649678964.9692411
1238;4.015600681304932;12677120;1649678965.0352654
1239;4.001969814300537;12687360;1649678965.102017
1240;3.9954917430877686;12697600;1649678965.1697736
1241;3.995380163192749;12707840;1649678965.2393901
1242;3.9867279529571533;12718080;1649678965.3076656
1243;3.998992443084717;12728320;1649678965.379131
1244;4.006002426147461;12738560;1649678965.449522
1245;3.976881504058838;12748800;1649678965.518519
1246;3.9831979274749756;12759040;1649678965.588089
1247;4.009079933166504;12769280;1649678965.6595001
1248;4.005169868469238;12779520;1649678965.7237756
1249;3.982354164123535;12789760;1649678965.819857
1250;4.0424957275390625;12800000;1649678965.888654
1251;3.999697208404541;12810240;1649678965.9587576
1252;3.9829115867614746;12820480;1649678966.025295
1253;3.94586181640625;12830720;1649678966.0935376
1254;3.9864442348480225;12840960;1649678966.158842
1255;3.9579999446868896;12851200;1649678966.2224603
1256;3.991657257080078;12861440;1649678966.29491
1257;3.984313488006592;12871680;1649678966.3724756
1258;3.970435619354248;12881920;1649678966.4449694
1259;3.9855167865753174;12892160;1649678966.517802
1260;4.012961387634277;12902400;1649678966.5906718
1261;4.002038955688477;12912640;1649678966.6591482
1262;3.996037244796753;12922880;1649678966.7234464
1263;3.9797043800354004;12933120;1649678966.7889252
1264;3.9623031616210938;12943360;1649678966.8614855
1265;3.9761228561401367;12953600;1649678966.9333456
1266;3.995225191116333;12963840;1649678967.0039198
1267;3.986602783203125;12974080;1649678967.0749962
1268;4.005486011505127;12984320;1649678967.139017
1269;3.9927978515625;12994560;1649678967.201909
1270;3.953604221343994;13004800;1649678967.273778
1271;4.002536296844482;13015040;1649678967.3463492
1272;3.994832992553711;13025280;1649678967.4149966
1273;3.980912208557129;13035520;1649678967.4871817
1274;3.968986749649048;13045760;1649678967.5584424
1275;3.9931468963623047;13056000;1649678967.628669
1276;4.024198532104492;13066240;1649678967.6993449
1277;4.025566101074219;13076480;1649678967.76985
1278;3.963205337524414;13086720;1649678967.8382235
1279;3.985316276550293;13096960;1649678967.90992
1280;3.9901983737945557;13107200;1649678967.9852612
1281;4.013398170471191;13117440;1649678968.062394
1282;4.004961013793945;13127680;1649678968.1433308
1283;3.979194402694702;13137920;1649678968.2239287
1284;3.987701892852783;13148160;1649678968.2993202
1285;3.9864914417266846;13158400;1649678968.3689675
1286;3.9933481216430664;13168640;1649678968.4337554
1287;3.9676127433776855;13178880;1649678968.5013137
1288;3.9803314208984375;13189120;1649678968.5682068
1289;3.992987632751465;13199360;1649678968.6316547
1290;3.974360704421997;13209600;1649678968.6969528
1291;4.005688190460205;13219840;1649678968.7706616
1292;3.996469497680664;13230080;1649678968.8341365
1293;3.987346887588501;13240320;1649678968.9004178
1294;3.9736616611480713;13250560;1649678968.9645894
1295;3.966660499572754;13260800;1649678969.036786
1296;3.9788341522216797;13271040;1649678969.1117768
1297;3.9883151054382324;13281280;1649678969.173503
1298;3.992187023162842;13291520;1649678969.2531197
1299;3.966804027557373;13301760;1649678969.3151855
1300;3.9761288166046143;13312000;1649678972.1117241
1301;3.974483013153076;13322240;1649678972.1779284
1302;3.993839740753174;13332480;1649678972.2341826
1303;3.9929659366607666;13342720;1649678972.2942526
1304;4.000089645385742;13352960;1649678972.3536866
1305;3.9833827018737793;13363200;1649678972.4186144
1306;4.002950191497803;13373440;1649678972.4856205
1307;3.9850823879241943;13383680;1649678972.551569
1308;3.9980475902557373;13393920;1649678972.6150212
1309;3.999622106552124;13404160;1649678972.6783097
1310;3.985610008239746;13414400;1649678972.7358513
1311;3.9926321506500244;13424640;1649678972.7971184
1312;3.999126434326172;13434880;1649678972.8599348
1313;3.998776912689209;13445120;1649678972.922423
1314;3.991550922393799;13455360;1649678972.986969
1315;3.971615791320801;13465600;1649678973.0514228
1316;3.9798998832702637;13475840;1649678973.1187227
1317;4.01400089263916;13486080;1649678973.1844127
1318;4.00096321105957;13496320;1649678973.2426112
1319;3.9981789588928223;13506560;1649678973.3054016
1320;4.007830619812012;13516800;1649678973.3681486
1321;3.9833645820617676;13527040;1649678973.4317884
1322;3.9696638584136963;13537280;1649678973.4930463
1323;3.9691386222839355;13547520;1649678973.561582
1324;3.9847187995910645;13557760;1649678973.6267319
1325;3.9994449615478516;13568000;1649678973.6889875
1326;4.012075901031494;13578240;1649678973.7469954
1327;3.9800028800964355;13588480;1649678973.812462
1328;3.9871230125427246;13598720;1649678973.873769
1329;3.9847159385681152;13608960;1649678973.9394233
1330;3.9739294052124023;13619200;1649678974.003049
1331;4.001522064208984;13629440;1649678974.06924
1332;3.995960235595703;13639680;1649678974.1309538
1333;3.9912924766540527;13649920;1649678974.191453
1334;3.994408130645752;13660160;1649678974.250046
1335;3.993338108062744;13670400;1649678974.3182335
1336;3.970673084259033;13680640;1649678974.3829346
1337;4.008108139038086;13690880;1649678974.4418364
1338;3.978732109069824;13701120;1649678974.504858
1339;3.991415500640869;13711360;1649678974.5629828
1340;4.012733459472656;13721600;1649678974.6298196
1341;3.9889278411865234;13731840;1649678974.702046
1342;4.009886741638184;13742080;1649678974.7678432
1343;4.000622272491455;13752320;1649678974.829422
1344;4.011338233947754;13762560;1649678974.8860226
1345;3.9883384704589844;13772800;1649678974.945821
1346;4.002321243286133;13783040;1649678975.0076778
1347;3.9786133766174316;13793280;1649678975.0691795
1348;3.9922828674316406;13803520;1649678975.1306083
1349;3.9739718437194824;13813760;1649678975.194768
1350;3.986405849456787;13824000;1649678975.2581508
1351;4.001810073852539;13834240;1649678975.3258245
1352;3.998936891555786;13844480;1649678975.3928437
1353;3.9832205772399902;13854720;1649678975.456538
1354;3.9801125526428223;13864960;1649678975.5202935
1355;3.9865803718566895;13875200;1649678975.5833035
1356;4.023303985595703;13885440;1649678975.6464894
1357;3.955737352371216;13895680;1649678975.7097323
1358;3.971658706665039;13905920;1649678975.7700298
1359;3.9789111614227295;13916160;1649678975.8368437
1360;3.9773178100585938;13926400;1649678975.8949609
1361;3.9948644638061523;13936640;1649678975.9519503
1362;3.9676098823547363;13946880;1649678976.0175467
1363;3.9977779388427734;13957120;1649678976.0807
1364;4.01274299621582;13967360;1649678976.136889
1365;4.004791259765625;13977600;1649678976.191738
1366;3.9655396938323975;13987840;1649678976.2480404
1367;3.9879119396209717;13998080;1649678976.304364
1368;3.974012613296509;14008320;1649678976.3616993
1369;3.9847214221954346;14018560;1649678976.4231803
1370;3.977489471435547;14028800;1649678976.480857
1371;3.990220308303833;14039040;1649678976.5398135
1372;3.989302635192871;14049280;1649678976.5962875
1373;3.997683525085449;14059520;1649678976.6625743
1374;3.9814658164978027;14069760;1649678976.726778
1375;3.9860997200012207;14080000;1649678976.7862644
1376;3.9715213775634766;14090240;1649678976.844477
1377;3.9706552028656006;14100480;1649678976.902969
1378;4.01339054107666;14110720;1649678976.9586008
1379;3.993873119354248;14120960;1649678977.0247455
1380;3.969348669052124;14131200;1649678977.0877368
1381;4.002962112426758;14141440;1649678977.1476607
1382;3.976853132247925;14151680;1649678977.2187724
1383;3.991994857788086;14161920;1649678977.2807872
1384;4.004848480224609;14172160;1649678977.3413763
1385;3.97597336769104;14182400;1649678977.4005265
1386;3.979030132293701;14192640;1649678977.459358
1387;4.000357151031494;14202880;1649678977.5211236
1388;3.9819588661193848;14213120;1649678977.5856075
1389;3.977109432220459;14223360;1649678977.6501386
1390;3.9695754051208496;14233600;1649678977.7133424
1391;3.9771244525909424;14243840;1649678977.774107
1392;3.996971607208252;14254080;1649678977.8377984
1393;3.961965560913086;14264320;1649678977.9021504
1394;3.9737935066223145;14274560;1649678977.9654405
1395;4.013254642486572;14284800;1649678978.0330496
1396;3.985612630844116;14295040;1649678978.095859
1397;4.006570339202881;14305280;1649678978.151605
1398;3.9954891204833984;14315520;1649678978.2068508
1399;4.008127212524414;14325760;1649678978.274304
1400;3.9653825759887695;14336000;1649678980.7417603
1401;3.9818220138549805;14346240;1649678980.8040788
1402;4.015295505523682;14356480;1649678980.8721774
1403;3.983682870864868;14366720;1649678980.9422119
1404;3.974665641784668;14376960;1649678981.0058239
1405;4.001631259918213;14387200;1649678981.0810165
1406;3.9915177822113037;14397440;1649678981.153037
1407;3.9628586769104004;14407680;1649678981.226017
1408;3.9734816551208496;14417920;1649678981.3005016
1409;3.9658522605895996;14428160;1649678981.3793702
1410;3.989377498626709;14438400;1649678981.455214
1411;3.9670517444610596;14448640;1649678981.5321825
1412;3.988699436187744;14458880;1649678981.6015682
1413;3.9797985553741455;14469120;1649678981.6689951
1414;4.009962558746338;14479360;1649678981.7411292
1415;3.972395420074463;14489600;1649678981.8207593
1416;4.029951095581055;14499840;1649678981.895338
1417;3.9811413288116455;14510080;1649678981.9690962
1418;3.9926648139953613;14520320;1649678982.034071
1419;3.9539105892181396;14530560;1649678982.0956247
1420;3.978924512863159;14540800;1649678982.1622686
1421;3.9897332191467285;14551040;1649678982.2405264
1422;3.975719928741455;14561280;1649678982.313257
1423;3.985199451446533;14571520;1649678982.3861346
1424;3.999079942703247;14581760;1649678982.465582
1425;3.9846255779266357;14592000;1649678982.5493147
1426;4.005598068237305;14602240;1649678982.6297421
1427;3.9873557090759277;14612480;1649678982.7097719
1428;3.9983596801757812;14622720;1649678982.786896
1429;3.9980361461639404;14632960;1649678982.863392
1430;3.975954532623291;14643200;1649678982.9415464
1431;3.967200517654419;14653440;1649678983.0196898
1432;4.015995979309082;14663680;1649678983.105988
1433;3.953402519226074;14673920;1649678983.1847773
1434;4.014594078063965;14684160;1649678983.2657413
1435;4.010786056518555;14694400;1649678983.3461688
1436;3.9813437461853027;14704640;1649678983.424545
1437;3.9907240867614746;14714880;1649678983.498872
1438;3.9896321296691895;14725120;1649678983.5706472
1439;3.9638967514038086;14735360;1649678983.6402645
1440;3.9734256267547607;14745600;1649678983.706071
1441;3.9743261337280273;14755840;1649678983.775006
1442;3.9638071060180664;14766080;1649678983.8447144
1443;3.978248357772827;14776320;1649678983.9221265
1444;3.9815664291381836;14786560;1649678983.9877245
1445;4.023945331573486;14796800;1649678984.0613458
1446;4.001432418823242;14807040;1649678984.1335874
1447;3.99927020072937;14817280;1649678984.206398
1448;4.020143985748291;14827520;1649678984.281983
1449;3.9981963634490967;14837760;1649678984.3674822
1450;4.002874374389648;14848000;1649678984.4451315
1451;3.9827797412872314;14858240;1649678984.516935
1452;3.992678642272949;14868480;1649678984.5835938
1453;3.9972758293151855;14878720;1649678984.645369
1454;3.9976401329040527;14888960;1649678984.7042027
1455;3.9814789295196533;14899200;1649678984.7707765
1456;3.9721860885620117;14909440;1649678984.8377526
1457;3.9690656661987305;14919680;1649678984.9110465
1458;3.974835157394409;14929920;1649678984.9791746
1459;3.976309061050415;14940160;1649678985.0424995
1460;3.966696262359619;14950400;1649678985.108844
1461;3.978053569793701;14960640;1649678985.1839862
1462;3.9692742824554443;14970880;1649678985.2571528
1463;3.9796717166900635;14981120;1649678985.3252852
1464;3.9822559356689453;14991360;1649678985.3990967
1465;3.975146770477295;15001600;1649678985.4720206
1466;3.9829907417297363;15011840;1649678985.5464182
1467;3.9479939937591553;15022080;1649678985.6121788
1468;3.989823341369629;15032320;1649678985.6734176
1469;3.9556145668029785;15042560;1649678985.7421892
1470;3.966252326965332;15052800;1649678985.8092406
1471;3.969510316848755;15063040;1649678985.881224
1472;3.9866981506347656;15073280;1649678985.9473531
1473;3.9710707664489746;15083520;1649678986.0094922
1474;4.009487628936768;15093760;1649678986.0871785
1475;3.960019588470459;15104000;1649678986.167888
1476;3.991744041442871;15114240;1649678986.2424269
1477;3.9737935066223145;15124480;1649678986.309871
1478;3.9578404426574707;15134720;1649678986.3900914
1479;4.017655849456787;15144960;1649678986.4697163
1480;3.9942727088928223;15155200;1649678986.5410147
1481;3.9808497428894043;15165440;1649678986.62416
1482;3.9842841625213623;15175680;1649678986.6919956
1483;3.964718818664551;15185920;1649678986.7592258
1484;3.9868974685668945;15196160;1649678986.834717
1485;3.981905937194824;15206400;1649678986.8988311
1486;3.9933853149414062;15216640;1649678986.9753041
1487;3.972508430480957;15226880;1649678987.0477412
1488;3.9425971508026123;15237120;1649678987.123077
1489;3.9950098991394043;15247360;1649678987.1943972
1490;4.004724502563477;15257600;1649678987.2705777
1491;3.9760541915893555;15267840;1649678987.3476582
1492;3.9793789386749268;15278080;1649678987.4174457
1493;3.9802072048187256;15288320;1649678987.4853241
1494;3.9993226528167725;15298560;1649678987.5604582
1495;3.995286464691162;15308800;1649678987.6328595
1496;3.9748783111572266;15319040;1649678987.701532
1497;3.972949504852295;15329280;1649678987.7791142
1498;3.976139545440674;15339520;1649678987.851982
1499;3.9775197505950928;15349760;1649678987.9219706
1500;3.985956907272339;15360000;1649678991.0887578
1501;3.9735279083251953;15370240;1649678991.16844
1502;3.971467971801758;15380480;1649678991.2497761
1503;3.9650261402130127;15390720;1649678991.3273127
1504;3.9685540199279785;15400960;1649678991.3949337
1505;3.9844436645507812;15411200;1649678991.4674556
1506;3.9716265201568604;15421440;1649678991.5342274
1507;4.020414352416992;15431680;1649678991.590978
1508;3.9767768383026123;15441920;1649678991.6515343
1509;3.951828718185425;15452160;1649678991.7113285
1510;3.9699838161468506;15462400;1649678991.7757893
1511;3.973264694213867;15472640;1649678991.836612
1512;3.975750684738159;15482880;1649678991.8988886
1513;3.9832072257995605;15493120;1649678991.96698
1514;3.976346969604492;15503360;1649678992.05496
1515;3.978299617767334;15513600;1649678992.1315622
1516;3.9781386852264404;15523840;1649678992.2081137
1517;3.988819122314453;15534080;1649678992.2798731
1518;3.9842562675476074;15544320;1649678992.3581471
1519;3.9863927364349365;15554560;1649678992.4460087
1520;3.9657325744628906;15564800;1649678992.5104084
1521;3.9730496406555176;15575040;1649678992.5740213
1522;3.9799509048461914;15585280;1649678992.6374402
1523;3.9883275032043457;15595520;1649678992.70775
1524;3.979416847229004;15605760;1649678992.778234
1525;3.9930548667907715;15616000;1649678992.8524992
1526;3.9778013229370117;15626240;1649678992.9236248
1527;4.014496803283691;15636480;1649678992.9849567
1528;4.002830505371094;15646720;1649678993.043383
1529;3.9813146591186523;15656960;1649678993.1024518
1530;3.9943530559539795;15667200;1649678993.170745
1531;3.998476266860962;15677440;1649678993.2373223
1532;4.007696151733398;15687680;1649678993.294621
1533;3.976591110229492;15697920;1649678993.3581872
1534;3.9955081939697266;15708160;1649678993.417655
1535;3.9468023777008057;15718400;1649678993.4760585
1536;3.9859580993652344;15728640;1649678993.550131
1537;3.9753577709198;15738880;1649678993.613632
1538;3.9686546325683594;15749120;1649678993.6853092
1539;3.9822885990142822;15759360;1649678993.7536247
1540;3.9904346466064453;15769600;1649678993.8264456
1541;3.9845449924468994;15779840;1649678993.8993928
1542;3.949647903442383;15790080;1649678993.968516
1543;3.976027488708496;15800320;1649678994.032615
1544;3.9908361434936523;15810560;1649678994.1056256
1545;3.9804282188415527;15820800;1649678994.1780713
1546;3.9773168563842773;15831040;1649678994.2507963
1547;3.9699060916900635;15841280;1649678994.3244522
1548;3.980991840362549;15851520;1649678994.3965397
1549;3.9869630336761475;15861760;1649678994.4695399
1550;3.9788029193878174;15872000;1649678994.5416126
1551;3.9642090797424316;15882240;1649678994.6206267
1552;3.9696450233459473;15892480;1649678994.6989954
1553;3.953857421875;15902720;1649678994.776154
1554;3.9584178924560547;15912960;1649678994.8476648
1555;3.9835376739501953;15923200;1649678994.9171238
1556;3.9810597896575928;15933440;1649678994.986802
1557;3.987545967102051;15943680;1649678995.0569596
1558;3.9799723625183105;15953920;1649678995.1262302
1559;3.9649648666381836;15964160;1649678995.189849
1560;3.96612548828125;15974400;1649678995.2550833
1561;3.990300416946411;15984640;1649678995.3297215
1562;3.993955135345459;15994880;1649678995.399548
1563;3.9989137649536133;16005120;1649678995.4706573
1564;4.003547668457031;16015360;1649678995.5402746
1565;3.9638733863830566;16025600;1649678995.6096902
1566;4.007037162780762;16035840;1649678995.6811507
1567;4.0066728591918945;16046080;1649678995.7509174
1568;3.9631762504577637;16056320;1649678995.8219383
1569;4.01102876663208;16066560;1649678995.8931901
1570;3.970597505569458;16076800;1649678995.9620128
1571;4.004780292510986;16087040;1649678996.0332875
1572;3.9807281494140625;16097280;1649678996.102335
1573;3.974998950958252;16107520;1649678996.1765714
1574;3.959853410720825;16117760;1649678996.2469559
1575;3.986182689666748;16128000;1649678996.3174365
1576;3.9754152297973633;16138240;1649678996.3879473
1577;3.991898775100708;16148480;1649678996.457702
1578;3.964211940765381;16158720;1649678996.5251746
1579;4.008514404296875;16168960;1649678996.5939898
1580;3.9833219051361084;16179200;1649678996.6625059
1581;3.9810049533843994;16189440;1649678996.730608
1582;3.9600038528442383;16199680;1649678996.795413
1583;4.003962993621826;16209920;1649678996.8586295
1584;3.982666492462158;16220160;1649678996.9322941
1585;3.964205741882324;16230400;1649678997.0
1586;3.943340301513672;16240640;1649678997.0602055
1587;3.958087682723999;16250880;1649678997.1221194
1588;3.967053174972534;16261120;1649678997.1940114
1589;3.9952898025512695;16271360;1649678997.264295
1590;3.96342134475708;16281600;1649678997.329332
1591;3.947009801864624;16291840;1649678997.3945913
1592;3.9642868041992188;16302080;1649678997.4582267
1593;3.973548650741577;16312320;1649678997.5214798
1594;3.9648449420928955;16322560;1649678997.5889072
1595;3.9692633152008057;16332800;1649678997.659047
1596;3.9717721939086914;16343040;1649678997.728161
1597;3.9451045989990234;16353280;1649678997.792948
1598;3.9806413650512695;16363520;1649678997.8521135
1599;3.9943904876708984;16373760;1649678997.913664
1600;3.978624105453491;16384000;1649679000.4590886
