;nll;Steps;Wall_Time
0;38.783447265625;0;1647946821.4666445
1;19.98721694946289;50;1647946824.7305899
2;16.142681121826172;100;1647946828.1234665
3;16.49958038330078;150;1647946831.316862
4;14.184247970581055;200;1647946834.503297
5;13.608845710754395;250;1647946837.706621
6;12.6417236328125;300;1647946840.833888
7;12.070537567138672;350;1647946843.9620576
8;13.027803421020508;400;1647946847.2359433
9;12.180728912353516;450;1647946850.799091
10;11.45948600769043;500;1647946854.4954143
11;10.911174774169922;550;1647946858.2306778
12;11.255815505981445;600;1647946861.8871372
13;10.797540664672852;650;1647946865.5364418
14;10.38558578491211;700;1647946869.147234
15;10.287367820739746;750;1647946872.750615
16;9.779266357421875;800;1647946876.296722
17;10.932199478149414;850;1647946880.0060277
18;9.426263809204102;900;1647946883.6883569
19;10.107503890991211;950;1647946887.3547146
20;10.199380874633789;1000;1647946890.985628
21;8.622638702392578;1050;1647946894.6136239
22;9.027080535888672;1100;1647946897.7445564
23;8.630302429199219;1150;1647946900.8910418
24;9.139008522033691;1200;1647946904.0579374
25;10.044868469238281;1250;1647946907.2440872
26;9.065210342407227;1300;1647946910.5187225
27;9.297735214233398;1350;1647946913.6337218
28;8.984804153442383;1400;1647946916.800119
29;8.498188018798828;1450;1647946919.9982722
30;8.644979476928711;1500;1647946923.1707916
31;8.409509658813477;1550;1647946926.3106463
32;8.643964767456055;1600;1647946929.41079
33;8.3418607711792;1650;1647946932.6273727
34;8.356786727905273;1700;1647946935.7376404
35;8.069581985473633;1750;1647946938.8452306
36;8.44601821899414;1800;1647946941.9578876
37;7.747255325317383;1850;1647946945.003664
38;8.18467903137207;1900;1647946948.040637
39;7.395841121673584;1950;1647946951.0801709
40;8.417787551879883;2000;1647946954.150456
41;8.105585098266602;2050;1647946957.140707
42;7.681000709533691;2100;1647946960.146086
43;7.80388069152832;2150;1647946963.2327998
44;9.534708023071289;2200;1647946966.2366173
45;8.22901725769043;2250;1647946969.2267542
46;7.269017219543457;2300;1647946972.3374672
47;8.043790817260742;2350;1647946975.4395492
48;7.826939582824707;2400;1647946978.4764504
49;6.97092866897583;2450;1647946981.5788362
50;7.833798408508301;2500;1647946991.2823143
51;7.973805904388428;2550;1647946994.620325
52;7.272193908691406;2600;1647946997.804011
53;7.496843338012695;2650;1647947000.9977252
54;7.500546932220459;2700;1647947004.0896797
55;6.62931489944458;2750;1647947006.9737735
56;6.933304786682129;2800;1647947009.794941
57;6.638774394989014;2850;1647947012.6351402
58;7.189172267913818;2900;1647947015.5920665
59;6.9849629402160645;2950;1647947018.450949
60;6.508068084716797;3000;1647947021.2659788
61;6.661085605621338;3050;1647947024.1411374
62;6.390358924865723;3100;1647947027.300011
63;7.115610122680664;3150;1647947030.2436185
64;6.460556983947754;3200;1647947033.1906419
65;6.837133884429932;3250;1647947036.2080274
66;6.6893310546875;3300;1647947039.108677
67;6.814877033233643;3350;1647947041.8975601
68;5.889811038970947;3400;1647947044.7822838
69;6.578070640563965;3450;1647947047.8305104
70;6.806999206542969;3500;1647947050.8146362
71;7.0622735023498535;3550;1647947053.7838237
72;6.01057243347168;3600;1647947056.8381622
73;6.398815155029297;3650;1647947059.7269206
74;6.261908531188965;3700;1647947062.673643
75;7.053876876831055;3750;1647947065.5453935
76;6.329593658447266;3800;1647947068.444352
77;6.813107967376709;3850;1647947071.2534423
78;6.231851577758789;3900;1647947074.0364656
79;7.169215202331543;3950;1647947076.8452146
80;6.6775665283203125;4000;1647947080.1002102
81;5.825592517852783;4050;1647947083.2884774
82;6.351437091827393;4100;1647947086.4739554
83;6.422318458557129;4150;1647947089.8122892
84;6.181127548217773;4200;1647947093.1327207
85;6.562471389770508;4250;1647947096.4842305
86;6.143413066864014;4300;1647947099.9268408
87;5.618363380432129;4350;1647947103.3103487
88;6.2974653244018555;4400;1647947106.6840582
89;6.039916038513184;4450;1647947110.0983033
90;6.460474967956543;4500;1647947113.4444113
91;6.021258354187012;4550;1647947116.8243597
92;5.791604042053223;4600;1647947120.2826462
93;5.757023811340332;4650;1647947123.71174
94;5.55211067199707;4700;1647947127.102756
95;5.71930456161499;4750;1647947130.5415518
96;6.080286026000977;4800;1647947133.9623008
97;6.785684585571289;4850;1647947137.3795469
98;5.827963829040527;4900;1647947140.8266847
99;6.279019355773926;4950;1647947144.2489402
100;6.118902206420898;5000;1647947154.509763
101;6.250772476196289;5050;1647947157.4854481
102;5.919723033905029;5100;1647947160.4552994
103;5.439054489135742;5150;1647947163.4561777
104;5.954237937927246;5200;1647947166.2726407
105;7.601744651794434;5250;1647947169.1624382
106;6.338972568511963;5300;1647947172.101274
107;6.356056213378906;5350;1647947174.9530277
108;5.931877613067627;5400;1647947177.7826447
109;5.953253746032715;5450;1647947180.6721697
110;5.462146759033203;5500;1647947183.7881165
111;5.977542877197266;5550;1647947187.0931013
112;5.907845973968506;5600;1647947190.4244106
113;5.300716400146484;5650;1647947193.3493638
114;5.6152544021606445;5700;1647947196.240249
115;5.462183952331543;5750;1647947199.1616821
116;4.897686004638672;5800;1647947201.9551482
117;5.607204437255859;5850;1647947204.8471305
118;5.270571708679199;5900;1647947207.6583242
119;5.099230766296387;5950;1647947210.4946434
120;5.084280014038086;6000;1647947213.2611856
121;4.843327522277832;6050;1647947216.175825
122;6.183300495147705;6100;1647947218.4471607
123;5.6177239418029785;6150;1647947220.7076569
124;5.192523956298828;6200;1647947222.9668987
125;5.002753734588623;6250;1647947225.2652383
126;5.071812629699707;6300;1647947227.5295212
127;5.483305931091309;6350;1647947229.8260045
128;5.242913722991943;6400;1647947232.091835
129;5.638482093811035;6450;1647947234.3759518
130;4.889132022857666;6500;1647947236.6800706
131;5.069610595703125;6550;1647947238.965257
132;5.160287380218506;6600;1647947241.2244122
133;6.3515238761901855;6650;1647947243.4883296
134;7.379676818847656;6700;1647947245.7743316
135;5.932295799255371;6750;1647947248.0383086
136;5.485258102416992;6800;1647947250.298387
137;6.488273620605469;6850;1647947252.5609832
138;6.123223781585693;6900;1647947254.8209019
139;5.001675605773926;6950;1647947257.1236732
140;5.4970173835754395;7000;1647947259.3840892
141;5.296292304992676;7050;1647947261.6470003
142;5.675342559814453;7100;1647947263.9067643
143;5.773720741271973;7150;1647947266.5563467
144;5.662893772125244;7200;1647947269.443817
145;5.571661472320557;7250;1647947272.3250942
146;5.971645355224609;7300;1647947275.3931923
147;5.966188430786133;7350;1647947278.5149133
148;4.992506980895996;7400;1647947281.5892236
149;6.19365119934082;7450;1647947284.7087793
150;5.408565998077393;7500;1647947294.1954007
151;5.567450046539307;7550;1647947297.2211351
152;5.205150604248047;7600;1647947300.2793732
153;5.148589134216309;7650;1647947303.1000743
154;5.298709869384766;7700;1647947305.944846
155;4.9592390060424805;7750;1647947308.855725
156;6.362581253051758;7800;1647947311.6764672
157;4.959224700927734;7850;1647947314.4961424
158;5.677163124084473;7900;1647947317.3630238
159;5.48325252532959;7950;1647947320.3898885
160;5.493427276611328;8000;1647947323.4971352
161;5.299854278564453;8050;1647947326.5509706
162;5.732937335968018;8100;1647947329.677178
163;5.842005729675293;8150;1647947332.7517035
164;5.531930923461914;8200;1647947335.8070745
165;4.974595546722412;8250;1647947338.8648844
166;5.366240978240967;8300;1647947341.9063976
167;6.368180274963379;8350;1647947344.7667935
168;5.200624465942383;8400;1647947347.6426227
169;6.225128173828125;8450;1647947350.6761565
170;6.1724724769592285;8500;1647947353.7531917
171;5.141674518585205;8550;1647947356.7528787
172;5.57670783996582;8600;1647947359.702181
173;5.588642597198486;8650;1647947362.7609746
174;5.434185981750488;8700;1647947365.7128425
175;5.427221298217773;8750;1647947368.7095954
176;4.798328876495361;8800;1647947371.8659372
177;5.963936805725098;8850;1647947375.1353955
178;5.567724227905273;8900;1647947378.3922782
179;5.799172878265381;8950;1647947381.6949637
180;5.264853477478027;9000;1647947385.0222576
181;5.05898904800415;9050;1647947388.2504747
182;6.408271789550781;9100;1647947391.441623
183;5.669440746307373;9150;1647947394.7373645
184;5.227291107177734;9200;1647947397.921862
185;5.410549163818359;9250;1647947401.0946207
186;5.230298042297363;9300;1647947404.3826773
187;5.242271423339844;9350;1647947407.568428
188;5.497250556945801;9400;1647947410.7421103
189;5.013958930969238;9450;1647947414.0257914
190;5.37373161315918;9500;1647947417.243924
191;5.593461036682129;9550;1647947420.470816
192;5.175602912902832;9600;1647947423.8270812
193;4.564427375793457;9650;1647947427.1340003
194;4.364170074462891;9700;1647947430.3741128
195;5.014515399932861;9750;1647947433.6239824
196;4.9677581787109375;9800;1647947436.971395
197;5.143543720245361;9850;1647947440.181192
198;5.172840118408203;9900;1647947443.4346988
199;5.612664699554443;9950;1647947446.716339
200;6.216736793518066;10000;1647947456.3954186
201;6.0828142166137695;10050;1647947459.521062
202;5.3805437088012695;10100;1647947462.5928607
203;4.677125930786133;10150;1647947465.6730719
204;5.35923957824707;10200;1647947469.7576354
205;6.257174491882324;10250;1647947472.8261817
206;5.818676948547363;10300;1647947475.8901377
207;6.144810199737549;10350;1647947479.0089695
208;5.077603340148926;10400;1647947482.0895212
209;5.07099723815918;10450;1647947485.1104827
210;4.854851722717285;10500;1647947488.1403093
211;4.267467975616455;10550;1647947491.0515745
212;4.563806533813477;10600;1647947493.9179275
213;4.693604946136475;10650;1647947496.8307412
214;4.945394992828369;10700;1647947500.3164325
215;5.130378723144531;10750;1647947503.8050292
216;5.292331218719482;10800;1647947507.3014307
217;4.877036094665527;10850;1647947510.860676
218;4.924838542938232;10900;1647947514.3456311
219;4.9707536697387695;10950;1647947517.721953
220;5.095324516296387;11000;1647947521.222156
221;5.4542365074157715;11050;1647947524.760773
222;4.790053844451904;11100;1647947528.2789745
223;5.099114418029785;11150;1647947531.8427968
224;4.251835346221924;11200;1647947535.312161
225;4.457165241241455;11250;1647947538.7712977
226;4.52431583404541;11300;1647947542.2945943
227;4.869651794433594;11350;1647947545.7738745
228;3.8838915824890137;11400;1647947549.2787282
229;4.567696571350098;11450;1647947552.7979405
230;4.06271505355835;11500;1647947556.261456
231;4.425363063812256;11550;1647947559.688492
232;4.493967056274414;11600;1647947562.9596844
233;5.149871349334717;11650;1647947566.0000544
234;5.420990943908691;11700;1647947569.0834951
235;5.375746250152588;11750;1647947572.2491608
236;5.025952339172363;11800;1647947575.3243327
237;4.533768653869629;11850;1647947578.4719162
238;4.486209869384766;11900;1647947581.6848557
239;4.332192897796631;11950;1647947584.8262682
240;4.934825897216797;12000;1647947587.894888
241;4.099444389343262;12050;1647947591.014178
242;4.042742729187012;12100;1647947594.4095721
243;3.8970999717712402;12150;1647947597.76795
244;4.531766891479492;12200;1647947601.2430358
245;4.4166259765625;12250;1647947604.7833412
246;4.74643611907959;12300;1647947608.300333
247;4.7372870445251465;12350;1647947611.754507
248;4.253467559814453;12400;1647947615.1980195
249;4.36860990524292;12450;1647947618.6255767
250;4.805635452270508;12500;1647947628.804497
251;4.6306962966918945;12550;1647947631.9547987
252;4.168407917022705;12600;1647947635.0984704
253;5.20166540145874;12650;1647947638.1501899
254;4.9816436767578125;12700;1647947641.1434186
255;4.488638877868652;12750;1647947644.1889217
256;4.631120204925537;12800;1647947647.3271139
257;4.268244743347168;12850;1647947650.3623948
258;4.382291793823242;12900;1647947653.411053
259;5.374460220336914;12950;1647947656.5503216
260;4.065556049346924;13000;1647947659.6309643
261;5.259148597717285;13050;1647947662.725907
262;4.330422401428223;13100;1647947665.9171505
263;4.369054794311523;13150;1647947668.9936416
264;4.360029220581055;13200;1647947672.0357215
265;5.042505264282227;13250;1647947675.0755732
266;5.30714225769043;13300;1647947678.1737292
267;5.647663116455078;13350;1647947681.148638
268;4.746586322784424;13400;1647947684.2152698
269;4.041080474853516;13450;1647947687.3556595
270;4.834150314331055;13500;1647947690.4172544
271;5.584112167358398;13550;1647947693.4698803
272;5.115108966827393;13600;1647947696.4983878
273;4.931639671325684;13650;1647947699.7145774
274;5.314523696899414;13700;1647947702.8126054
275;5.624009609222412;13750;1647947705.8749917
276;6.122331619262695;13800;1647947708.999261
277;6.1256561279296875;13850;1647947712.073421
278;5.270258903503418;13900;1647947715.113332
279;5.124121189117432;13950;1647947718.1756198
280;5.09046745300293;14000;1647947721.2546031
281;4.932084083557129;14050;1647947724.2937176
282;5.718247413635254;14100;1647947727.3185804
283;4.939752101898193;14150;1647947730.4313812
284;5.055919647216797;14200;1647947733.4069204
285;4.801925182342529;14250;1647947736.4471605
286;4.762448787689209;14300;1647947739.5981786
287;4.932548522949219;14350;1647947742.6083891
288;4.787315368652344;14400;1647947745.7057378
289;4.724960803985596;14450;1647947748.7860563
290;4.463284015655518;14500;1647947751.892691
291;4.708210468292236;14550;1647947754.866646
292;5.215798377990723;14600;1647947757.897762
293;4.779390811920166;14650;1647947761.0332167
294;4.158217906951904;14700;1647947764.0683057
295;4.393951416015625;14750;1647947767.11035
296;4.581646919250488;14800;1647947770.1662672
297;4.199938774108887;14850;1647947773.269345
298;4.178983211517334;14900;1647947776.3057728
299;3.817348003387451;14950;1647947779.372424
300;4.175110816955566;15000;1647947788.7922683
301;4.500341415405273;15050;1647947791.843053
302;4.84940767288208;15100;1647947794.799102
303;5.053567886352539;15150;1647947797.6532753
304;4.649865627288818;15200;1647947800.5531943
305;4.828296661376953;15250;1647947803.50373
306;4.314847946166992;15300;1647947806.2578173
307;4.162049293518066;15350;1647947809.019744
308;4.514381408691406;15400;1647947811.7272942
309;4.17219352722168;15450;1647947814.725317
310;4.440515518188477;15500;1647947817.5220861
311;5.070827007293701;15550;1647947820.3492444
312;4.169970512390137;15600;1647947823.4009905
313;4.123538970947266;15650;1647947826.377744
314;3.9517509937286377;15700;1647947829.3119755
315;3.830791711807251;15750;1647947832.188146
316;4.179883003234863;15800;1647947835.1382637
317;4.54872465133667;15850;1647947838.0069818
318;4.869812965393066;15900;1647947840.7969751
319;4.459901809692383;15950;1647947843.7069142
320;4.519885063171387;16000;1647947846.6688962
321;3.9184961318969727;16050;1647947849.5092525
322;4.558074951171875;16100;1647947852.378161
323;4.064180374145508;16150;1647947855.3883932
324;4.747447967529297;16200;1647947858.2033293
325;4.999661922454834;16250;1647947860.9555511
326;4.037595748901367;16300;1647947863.7953348
327;4.92673921585083;16350;1647947866.7272558
328;4.427654266357422;16400;1647947869.5220616
329;5.439671516418457;16450;1647947872.278131
330;4.041680335998535;16500;1647947875.1503716
331;4.353612899780273;16550;1647947878.156294
332;5.102890968322754;16600;1647947880.9911802
333;4.409358024597168;16650;1647947883.8710797
334;4.305902004241943;16700;1647947886.8808885
335;4.360288619995117;16750;1647947889.6559772
336;4.472786903381348;16800;1647947892.532757
337;4.292612075805664;16850;1647947895.3018558
338;4.403116703033447;16900;1647947898.193596
339;4.47898006439209;16950;1647947900.9819245
340;5.211155891418457;17000;1647947903.784689
341;5.3916168212890625;17050;1647947906.5789242
342;5.048019886016846;17100;1647947909.4778988
343;5.171562194824219;17150;1647947912.3078089
344;5.0406084060668945;17200;1647947915.1245494
345;4.290770053863525;17250;1647947918.1269104
346;4.598324775695801;17300;1647947921.0500824
347;4.3434739112854;17350;1647947923.8720415
348;4.297394752502441;17400;1647947926.6709292
349;3.9434549808502197;17450;1647947929.5744967
350;4.624073028564453;17500;1647947939.0181358
351;5.086820125579834;17550;1647947941.9652941
352;4.524113178253174;17600;1647947944.889457
353;4.325685977935791;17650;1647947947.7883978
354;4.189506530761719;17700;1647947950.6742551
355;4.221267223358154;17750;1647947953.4316328
356;4.371106147766113;17800;1647947956.1632648
357;4.347257614135742;17850;1647947958.8995318
358;4.387810707092285;17900;1647947961.7340078
359;4.149839878082275;17950;1647947964.527544
360;4.114170074462891;18000;1647947967.3267584
361;4.643815994262695;18050;1647947970.190255
362;4.089576244354248;18100;1647947972.9585698
363;4.439404487609863;18150;1647947975.7732346
364;4.2415266036987305;18200;1647947978.6097858
365;4.840563774108887;18250;1647947981.7766268
366;4.146533966064453;18300;1647947984.8881633
367;3.959601879119873;18350;1647947987.9188166
368;4.634981155395508;18400;1647947991.0408006
369;4.223973751068115;18450;1647947994.0911915
370;4.238487720489502;18500;1647947997.1171815
371;4.244490623474121;18550;1647948000.152618
372;4.756706237792969;18600;1647948003.2211566
373;3.803987503051758;18650;1647948006.2770975
374;3.675724506378174;18700;1647948009.2938755
375;3.857693672180176;18750;1647948012.314071
376;4.016297817230225;18800;1647948015.3264349
377;4.016493320465088;18850;1647948018.3969438
378;3.8988282680511475;18900;1647948021.4327438
379;3.5480761528015137;18950;1647948024.5547833
380;3.615083932876587;19000;1647948027.530984
381;3.914339542388916;19050;1647948030.445719
382;4.837280750274658;19100;1647948033.3295195
383;5.877297401428223;19150;1647948036.1617372
384;4.579172134399414;19200;1647948038.8895938
385;3.9130916595458984;19250;1647948041.6201236
386;3.973814010620117;19300;1647948044.4844267
387;3.9081034660339355;19350;1647948047.2244034
388;3.7411279678344727;19400;1647948049.9946144
389;3.791097640991211;19450;1647948052.7275481
390;3.850600242614746;19500;1647948055.6597784
391;4.480874061584473;19550;1647948058.3978944
392;3.8736836910247803;19600;1647948061.1507328
393;3.879056453704834;19650;1647948063.9262815
394;3.794673204421997;19700;1647948066.8451967
395;4.296067714691162;19750;1647948069.5824258
396;4.3759894371032715;19800;1647948072.29409
397;4.132043838500977;19850;1647948075.1714616
398;4.459697246551514;19900;1647948078.0048738
399;3.8255300521850586;19950;1647948080.8320138
400;4.634000778198242;20000;1647948090.3021414
401;3.705411434173584;20050;1647948093.269113
402;4.014358043670654;20100;1647948096.3544142
403;4.0826616287231445;20150;1647948099.2759671
404;4.466777324676514;20200;1647948102.0678985
405;5.145174980163574;20250;1647948104.93094
406;3.857457160949707;20300;1647948107.8862972
407;3.3696541786193848;20350;1647948110.8021774
408;3.7413222789764404;20400;1647948113.7107897
409;3.974799156188965;20450;1647948116.4941845
410;3.9793636798858643;20500;1647948119.3996232
411;4.541499614715576;20550;1647948122.2958968
412;4.372708320617676;20600;1647948125.113619
413;3.997551679611206;20650;1647948128.0571623
414;4.219527244567871;20700;1647948130.9064257
415;4.579526424407959;20750;1647948133.6789408
416;4.5889692306518555;20800;1647948136.4598207
417;4.165665149688721;20850;1647948139.383618
418;3.6855814456939697;20900;1647948142.1458755
419;3.928989887237549;20950;1647948144.9843612
420;3.824432849884033;21000;1647948147.831833
421;3.6796958446502686;21050;1647948150.823512
422;3.327780246734619;21100;1647948153.6354825
423;3.783653736114502;21150;1647948156.44671
424;4.339682579040527;21200;1647948159.3559182
425;3.7933883666992188;21250;1647948162.2174532
426;4.127054214477539;21300;1647948165.007134
427;4.257458686828613;21350;1647948167.858012
428;3.6643552780151367;21400;1647948170.7417934
429;3.6225368976593018;21450;1647948173.5540595
430;3.2995028495788574;21500;1647948176.4456313
431;4.550542831420898;21550;1647948179.2588828
432;4.133985996246338;21600;1647948182.199928
433;3.909259080886841;21650;1647948185.078387
434;3.7447400093078613;21700;1647948187.983129
435;3.5981268882751465;21750;1647948190.891314
436;4.234901428222656;21800;1647948193.7734857
437;4.04594612121582;21850;1647948196.5826554
438;3.8138480186462402;21900;1647948199.3854308
439;3.672147035598755;21950;1647948202.2166429
440;3.6321630477905273;22000;1647948205.0042982
441;3.665262460708618;22050;1647948207.7705705
442;3.7735939025878906;22100;1647948210.5173814
443;3.5163283348083496;22150;1647948213.3779445
444;3.8080620765686035;22200;1647948216.1414778
445;4.575567245483398;22250;1647948218.936387
446;3.6847727298736572;22300;1647948221.6934052
447;3.3960859775543213;22350;1647948224.5652547
448;3.530291795730591;22400;1647948227.3975034
449;3.4477131366729736;22450;1647948230.1584053
450;3.8344502449035645;22500;1647948239.4197662
451;3.4091808795928955;22550;1647948242.3657126
452;4.136467933654785;22600;1647948245.5908709
453;3.5416512489318848;22650;1647948248.6629758
454;4.435518741607666;22700;1647948251.729856
455;4.452908515930176;22750;1647948254.8167377
456;4.224100589752197;22800;1647948257.658264
457;3.9567790031433105;22850;1647948260.5036738
458;4.24492073059082;22900;1647948263.3520515
459;4.047225475311279;22950;1647948266.2029042
460;3.7350339889526367;23000;1647948269.0435166
461;3.3798091411590576;23050;1647948271.8422318
462;3.351102828979492;23100;1647948274.719456
463;3.1862967014312744;23150;1647948277.5923023
464;3.883596897125244;23200;1647948280.4594238
465;4.239798545837402;23250;1647948283.3316972
466;3.3711719512939453;23300;1647948286.19817
467;4.257432460784912;23350;1647948289.0180702
468;4.194316864013672;23400;1647948291.823653
469;4.253942489624023;23450;1647948294.692885
470;4.169646739959717;23500;1647948297.5868933
471;3.7613909244537354;23550;1647948300.491777
472;3.709503173828125;23600;1647948303.2653413
473;4.2679290771484375;23650;1647948306.1236694
474;3.576004981994629;23700;1647948308.9641285
475;3.71694278717041;23750;1647948311.763659
476;4.781232833862305;23800;1647948314.5700471
477;4.575075626373291;23850;1647948317.4952273
478;4.548256874084473;23900;1647948320.2942533
479;3.5213232040405273;23950;1647948323.0715086
480;3.104668140411377;24000;1647948325.8789244
481;3.823963165283203;24050;1647948328.7472708
482;3.670712947845459;24100;1647948331.5426207
483;3.133401870727539;24150;1647948334.3116133
484;3.979809284210205;24200;1647948337.1559172
485;4.100680828094482;24250;1647948340.0309558
486;3.475172519683838;24300;1647948342.8296742
487;3.6180574893951416;24350;1647948345.6853125
488;3.694247245788574;24400;1647948348.5292757
489;3.874253511428833;24450;1647948351.2929044
490;4.553905963897705;24500;1647948354.073307
491;3.702131748199463;24550;1647948356.8401787
492;4.216043949127197;24600;1647948359.7345653
493;3.9552855491638184;24650;1647948362.5653832
494;4.1167683601379395;24700;1647948365.3618667
495;3.707136631011963;24750;1647948368.1638937
496;4.118297576904297;24800;1647948371.0509884
497;4.163486480712891;24850;1647948373.843993
498;4.418328285217285;24900;1647948376.6489873
499;3.9215354919433594;24950;1647948379.554767
500;3.2059898376464844;25000;1647948388.8095925
501;3.22949481010437;25050;1647948392.2964044
502;3.885044574737549;25100;1647948395.7779512
503;3.751448392868042;25150;1647948399.1728108
504;4.20474910736084;25200;1647948402.5682623
505;3.791736602783203;25250;1647948405.8820548
506;3.7624895572662354;25300;1647948409.1865106
507;4.785406112670898;25350;1647948412.5591238
508;4.195693492889404;25400;1647948415.8537734
509;3.843909978866577;25450;1647948419.2141478
510;3.4684808254241943;25500;1647948422.565344
511;3.9555201530456543;25550;1647948425.9117997
512;3.2965424060821533;25600;1647948429.24613
513;3.61761474609375;25650;1647948432.6366296
514;4.719449996948242;25700;1647948435.9840822
515;4.9642133712768555;25750;1647948439.3279808
516;3.3315563201904297;25800;1647948442.7093215
517;3.1611106395721436;25850;1647948446.0199265
518;3.1989784240722656;25900;1647948449.1912293
519;4.08586311340332;25950;1647948452.2477586
520;3.9185948371887207;26000;1647948455.3224692
521;3.678913116455078;26050;1647948458.379161
522;3.249268054962158;26100;1647948461.3858118
523;4.1577372550964355;26150;1647948464.4382443
524;3.304007053375244;26200;1647948467.4751256
525;3.23773193359375;26250;1647948470.4821692
526;4.3220720291137695;26300;1647948473.4706607
527;3.7167978286743164;26350;1647948476.5237904
528;3.302623987197876;26400;1647948479.5748117
529;3.3768491744995117;26450;1647948482.5870905
530;3.6296708583831787;26500;1647948485.6383345
531;3.1963095664978027;26550;1647948488.7257776
532;3.7933685779571533;26600;1647948491.9756637
533;3.3069355487823486;26650;1647948495.2482717
534;3.4098944664001465;26700;1647948498.4630735
535;3.19101619720459;26750;1647948501.6857288
536;3.5788090229034424;26800;1647948504.859514
537;3.780900001525879;26850;1647948508.1327357
538;3.832223415374756;26900;1647948511.393945
539;3.7076101303100586;26950;1647948514.5150383
540;3.923269748687744;27000;1647948517.7635365
541;4.141356468200684;27050;1647948520.990977
542;3.915309429168701;27100;1647948524.217062
543;2.774228096008301;27150;1647948527.5182943
544;2.933709144592285;27200;1647948530.7301815
545;3.5501322746276855;27250;1647948533.9622815
546;3.9801650047302246;27300;1647948537.2517147
547;3.251636028289795;27350;1647948540.5341992
548;3.311587333679199;27400;1647948543.752477
549;3.354185104370117;27450;1647948546.9886546
550;3.5486035346984863;27500;1647948556.71326
551;3.368851661682129;27550;1647948559.9176047
552;3.517141580581665;27600;1647948563.0086942
553;3.078022003173828;27650;1647948566.166102
554;3.8536477088928223;27700;1647948569.3119764
555;3.793036460876465;27750;1647948572.3361895
556;3.9974541664123535;27800;1647948575.3417635
557;4.242537975311279;27850;1647948578.395223
558;3.583219051361084;27900;1647948581.509653
559;3.4863200187683105;27950;1647948584.5474806
560;3.836060047149658;28000;1647948587.5991297
561;3.589387893676758;28050;1647948590.6555834
562;3.7790119647979736;28100;1647948593.4798355
563;3.5429487228393555;28150;1647948596.2848773
564;3.8952691555023193;28200;1647948599.0364656
565;3.08789324760437;28250;1647948601.8740225
566;3.3242416381835938;28300;1647948604.6534832
567;3.172957420349121;28350;1647948607.435808
568;3.980586528778076;28400;1647948610.249308
569;3.738978862762451;28450;1647948613.0636005
570;3.156033992767334;28500;1647948615.8377573
571;3.3509023189544678;28550;1647948618.5639646
572;3.17293119430542;28600;1647948621.4290245
573;3.7779541015625;28650;1647948624.2075124
574;4.041383266448975;28700;1647948626.954063
575;3.708064079284668;28750;1647948629.738512
576;3.7530195713043213;28800;1647948632.5628588
577;4.436793327331543;28850;1647948635.3634338
578;3.300278902053833;28900;1647948638.1341817
579;3.0690269470214844;28950;1647948640.8673227
580;3.446244955062866;29000;1647948643.7572215
581;3.9764318466186523;29050;1647948646.5907664
582;4.447186470031738;29100;1647948649.3696783
583;3.8204288482666016;29150;1647948652.1212502
584;3.199817180633545;29200;1647948654.9492898
585;3.9482998847961426;29250;1647948657.6968222
586;3.6899302005767822;29300;1647948660.490721
587;4.094154357910156;29350;1647948663.3298748
588;3.9199893474578857;29400;1647948666.0805545
589;3.683638095855713;29450;1647948668.9014845
590;4.029052257537842;29500;1647948671.6452754
591;3.9091553688049316;29550;1647948674.557085
592;4.155466079711914;29600;1647948677.3624272
593;3.672729253768921;29650;1647948680.1662269
594;3.3326034545898438;29700;1647948682.968521
595;3.3386197090148926;29750;1647948685.9374223
596;3.8162333965301514;29800;1647948688.8698192
597;3.652924060821533;29850;1647948691.6922936
598;3.6654136180877686;29900;1647948694.582649
599;3.645301342010498;29950;1647948697.403125
600;3.3809375762939453;30000;1647948706.9473488
601;3.3999011516571045;30050;1647948709.9870825
602;3.4120285511016846;30100;1647948712.9062722
603;3.5891523361206055;30150;1647948715.755326
604;3.741875648498535;30200;1647948718.6013072
605;3.659451484680176;30250;1647948721.5016315
606;4.09318733215332;30300;1647948724.3858724
607;3.6820499897003174;30350;1647948727.3645527
608;3.3972620964050293;30400;1647948730.228051
609;3.700730323791504;30450;1647948733.0387065
610;3.6544718742370605;30500;1647948735.8559487
611;4.662550926208496;30550;1647948738.786433
612;3.6951828002929688;30600;1647948741.665352
613;3.721517562866211;30650;1647948744.4974873
614;4.022061347961426;30700;1647948747.3960643
615;4.081015586853027;30750;1647948750.2885149
616;3.91029953956604;30800;1647948753.0898328
617;4.158287048339844;30850;1647948755.9825766
618;3.7269411087036133;30900;1647948758.9174347
619;3.475982666015625;30950;1647948761.7737498
620;3.8086373805999756;31000;1647948764.6317496
621;3.9571306705474854;31050;1647948767.513624
622;4.633271217346191;31100;1647948770.4064035
623;4.061861991882324;31150;1647948773.243302
624;3.799537181854248;31200;1647948776.0679426
625;3.6849842071533203;31250;1647948778.944814
626;3.550856113433838;31300;1647948781.755354
627;4.28276252746582;31350;1647948784.6254704
628;4.799836158752441;31400;1647948787.4931688
629;4.7208123207092285;31450;1647948790.3746552
630;3.7383034229278564;31500;1647948793.2204015
631;3.341691017150879;31550;1647948796.0759194
632;3.398019790649414;31600;1647948798.8600554
633;3.716853618621826;31650;1647948801.7820415
634;4.008974075317383;31700;1647948804.5386147
635;3.5312390327453613;31750;1647948807.3324604
636;4.581018447875977;31800;1647948810.1639867
637;3.505000591278076;31850;1647948812.944696
638;3.3599283695220947;31900;1647948815.7406213
639;3.5729894638061523;31950;1647948818.5773923
640;4.496188163757324;32000;1647948821.4650137
641;4.30160665512085;32050;1647948824.2284045
642;5.086418151855469;32100;1647948827.0996764
643;4.706921577453613;32150;1647948829.9252121
644;4.008460521697998;32200;1647948832.774079
645;3.4527437686920166;32250;1647948835.5851119
646;3.564864158630371;32300;1647948838.3847988
647;3.538332939147949;32350;1647948841.1712215
648;3.095259428024292;32400;1647948844.0229669
649;4.803491115570068;32450;1647948846.8869085
650;3.9119019508361816;32500;1647948856.0157828
651;4.090891361236572;32550;1647948859.0126007
652;4.88998556137085;32600;1647948861.9680932
653;4.848383903503418;32650;1647948864.9971597
654;4.99131441116333;32700;1647948867.7641454
655;5.415376663208008;32750;1647948870.5476885
656;5.082615375518799;32800;1647948873.3800166
657;4.610166072845459;32850;1647948876.2674184
658;3.7803795337677;32900;1647948879.0837176
659;3.8250489234924316;32950;1647948882.0068166
660;3.78161883354187;33000;1647948884.8866804
661;3.425020694732666;33050;1647948887.761673
662;3.6393935680389404;33100;1647948890.5919287
663;3.7381303310394287;33150;1647948893.3767955
664;3.814826011657715;33200;1647948896.2217236
665;3.7113380432128906;33250;1647948899.0201283
666;3.5165152549743652;33300;1647948901.8149672
667;3.486987590789795;33350;1647948904.6896214
668;3.498506546020508;33400;1647948907.538102
669;3.3421597480773926;33450;1647948910.340214
670;3.8578290939331055;33500;1647948913.160853
671;4.186628818511963;33550;1647948916.0887127
672;4.199850082397461;33600;1647948918.9096317
673;3.8698768615722656;33650;1647948921.8047633
674;4.181236267089844;33700;1647948924.6869764
675;4.093618392944336;33750;1647948927.6246362
676;3.6576738357543945;33800;1647948930.372524
677;3.3373427391052246;33850;1647948933.1769905
678;3.2374794483184814;33900;1647948936.1428337
679;3.889927387237549;33950;1647948939.0647507
680;4.126852989196777;34000;1647948941.9461613
681;4.1549072265625;34050;1647948944.7192085
682;3.5340518951416016;34100;1647948947.643151
683;3.483152151107788;34150;1647948950.4627216
684;3.574540138244629;34200;1647948953.2790093
685;3.790635347366333;34250;1647948956.0598373
686;3.9764392375946045;34300;1647948958.9027507
687;3.5131173133850098;34350;1647948961.7228405
688;3.5133183002471924;34400;1647948964.5826395
689;4.5021209716796875;34450;1647948967.4412224
690;5.409283638000488;34500;1647948970.2537515
691;4.003604412078857;34550;1647948973.04336
692;3.520686626434326;34600;1647948975.8456657
693;3.479696035385132;34650;1647948978.7701936
694;3.490983486175537;34700;1647948981.6147652
695;3.622753143310547;34750;1647948984.4565697
696;3.644881248474121;34800;1647948987.328053
697;3.6738674640655518;34850;1647948990.242861
698;4.401042938232422;34900;1647948993.1255782
699;4.3744611740112305;34950;1647948995.9434
700;3.692540168762207;35000;1647949005.4287353
701;4.355006217956543;35050;1647949008.416175
702;3.6694703102111816;35100;1647949011.3791828
703;3.6149697303771973;35150;1647949014.1893432
704;3.2059972286224365;35200;1647949016.9020588
705;3.641869068145752;35250;1647949019.6728556
706;4.079662322998047;35300;1647949022.496865
707;3.297023296356201;35350;1647949025.2613454
708;3.692899227142334;35400;1647949028.1124647
709;3.9606666564941406;35450;1647949030.9665728
710;3.5241034030914307;35500;1647949033.7191262
711;3.7124576568603516;35550;1647949036.4858232
712;4.279267311096191;35600;1647949039.2939143
713;4.5690507888793945;35650;1647949042.0867884
714;3.9462432861328125;35700;1647949044.8571658
715;4.067820072174072;35750;1647949047.6204753
716;4.033862590789795;35800;1647949050.3160233
717;3.6354153156280518;35850;1647949053.0898774
718;3.3539910316467285;35900;1647949055.8240292
719;4.3236799240112305;35950;1647949058.5789428
720;3.9574167728424072;36000;1647949061.3106532
721;3.717349052429199;36050;1647949064.196503
722;3.623368501663208;36100;1647949067.0601048
723;3.632133722305298;36150;1647949069.8536751
724;3.9355437755584717;36200;1647949072.7900474
725;3.878713369369507;36250;1647949075.5760715
726;3.5003325939178467;36300;1647949078.3584056
727;3.53818678855896;36350;1647949081.1984746
728;3.474350929260254;36400;1647949084.079158
729;4.218120574951172;36450;1647949086.9055984
730;5.066895484924316;36500;1647949089.7096567
731;3.6390204429626465;36550;1647949092.5058424
732;3.0046186447143555;36600;1647949095.3241131
733;2.8250718116760254;36650;1647949098.1212294
734;2.6529903411865234;36700;1647949100.889029
735;2.87894868850708;36750;1647949103.6666355
736;3.1440258026123047;36800;1647949106.5131545
737;3.6750423908233643;36850;1647949109.2782953
738;3.243431329727173;36900;1647949112.0327165
739;3.2785000801086426;36950;1647949114.830312
740;3.158997058868408;37000;1647949117.6736612
741;3.742122173309326;37050;1647949120.5009935
742;3.1411962509155273;37100;1647949123.2946608
743;3.439534902572632;37150;1647949126.0703533
744;3.1618752479553223;37200;1647949128.8582258
745;3.2057323455810547;37250;1647949131.645887
746;3.447432518005371;37300;1647949134.4922578
747;3.840808629989624;37350;1647949137.3735304
748;3.4214606285095215;37400;1647949140.1842644
749;3.0793683528900146;37450;1647949143.0026865
750;3.3932652473449707;37500;1647949152.2894592
751;2.8339967727661133;37550;1647949155.3746924
752;3.071589946746826;37600;1647949158.5853667
753;3.6874923706054688;37650;1647949161.687069
754;3.8896050453186035;37700;1647949164.781899
755;3.494591474533081;37750;1647949167.8938231
756;3.940918207168579;37800;1647949171.000648
757;3.705665111541748;37850;1647949174.0903416
758;3.6025540828704834;37900;1647949177.227403
759;2.888974905014038;37950;1647949180.3449616
760;3.272695541381836;38000;1647949183.461954
761;3.3896141052246094;38050;1647949186.5831518
762;3.318378448486328;38100;1647949189.6880374
763;3.6033244132995605;38150;1647949192.7602181
764;3.4162533283233643;38200;1647949195.8117971
765;3.192105770111084;38250;1647949198.9461737
766;3.3600635528564453;38300;1647949201.9923778
767;3.393723487854004;38350;1647949205.071563
768;3.544830799102783;38400;1647949208.1989207
769;3.8723933696746826;38450;1647949211.29113
770;3.1351876258850098;38500;1647949214.3549192
771;3.41658878326416;38550;1647949217.3641741
772;3.111642360687256;38600;1647949220.4891741
773;3.305264949798584;38650;1647949223.5379868
774;4.296145439147949;38700;1647949226.64073
775;3.6176486015319824;38750;1647949229.7342324
776;3.429518699645996;38800;1647949232.7554827
777;3.8311069011688232;38850;1647949235.893515
778;3.8735170364379883;38900;1647949238.934601
779;3.806793212890625;38950;1647949241.997851
780;3.49373197555542;39000;1647949245.0986993
781;3.8676881790161133;39050;1647949248.150365
782;3.6385433673858643;39100;1647949251.2987592
783;3.608798027038574;39150;1647949254.3207464
784;3.5917446613311768;39200;1647949257.3660138
785;3.685152530670166;39250;1647949260.4437616
786;3.964296817779541;39300;1647949263.570161
787;2.9428834915161133;39350;1647949266.5927532
788;3.166483163833618;39400;1647949269.6920397
789;3.0739047527313232;39450;1647949272.8202503
790;3.199573278427124;39500;1647949275.9284058
791;3.083719253540039;39550;1647949279.0546577
792;3.538536548614502;39600;1647949282.0781543
793;3.8672008514404297;39650;1647949285.1409538
794;3.598299980163574;39700;1647949288.2641773
795;3.449683666229248;39750;1647949291.3336964
796;3.1426291465759277;39800;1647949294.4165478
797;3.4100518226623535;39850;1647949297.4855466
798;3.468020439147949;39900;1647949300.4808285
799;3.4585862159729004;39950;1647949303.535314
800;3.4464423656463623;40000;1647949313.5455327
801;3.528606414794922;40050;1647949316.7271047
802;4.1223464012146;40100;1647949319.7184215
803;3.786187171936035;40150;1647949322.7020829
804;3.4758667945861816;40200;1647949325.7642462
805;3.668137550354004;40250;1647949328.6848009
806;3.595198631286621;40300;1647949331.6124299
807;3.476529836654663;40350;1647949334.4854233
808;3.3098573684692383;40400;1647949337.5379782
809;3.5459604263305664;40450;1647949340.50351
810;3.706610679626465;40500;1647949343.4652634
811;3.0243642330169678;40550;1647949346.4460518
812;3.280083179473877;40600;1647949349.337794
813;3.8140759468078613;40650;1647949352.2785318
814;3.263840675354004;40700;1647949355.2041044
815;2.892082691192627;40750;1647949358.2444823
816;2.8843908309936523;40800;1647949361.1931622
817;3.048872470855713;40850;1647949364.090296
818;3.3586502075195312;40900;1647949367.0748823
819;3.404050827026367;40950;1647949369.95399
820;3.3247950077056885;41000;1647949372.8713598
821;3.3755064010620117;41050;1647949375.798063
822;3.9919486045837402;41100;1647949378.7124279
823;2.698861837387085;41150;1647949381.5076666
824;3.151432991027832;41200;1647949384.334301
825;2.8204004764556885;41250;1647949387.3193324
826;3.8059725761413574;41300;1647949390.255043
827;4.443797588348389;41350;1647949393.0929646
828;4.272293567657471;41400;1647949395.9448218
829;4.152159690856934;41450;1647949398.951846
830;4.41473388671875;41500;1647949401.7945464
831;3.7962186336517334;41550;1647949404.6393065
832;3.899644613265991;41600;1647949407.5562603
833;3.528132915496826;41650;1647949410.461008
834;3.543201446533203;41700;1647949413.2250764
835;3.8044121265411377;41750;1647949416.0411735
836;4.133153915405273;41800;1647949418.885689
837;3.441030740737915;41850;1647949421.7453957
838;3.2280585765838623;41900;1647949424.6283104
839;3.6795527935028076;41950;1647949427.4844549
840;4.941198825836182;42000;1647949430.405866
841;3.358157157897949;42050;1647949433.178097
842;3.691229820251465;42100;1647949435.958876
843;3.792344570159912;42150;1647949438.738316
844;3.628234386444092;42200;1647949441.5912864
845;3.6793951988220215;42250;1647949444.4394252
846;3.2531914710998535;42300;1647949447.3125217
847;3.510505199432373;42350;1647949450.195042
848;3.7705538272857666;42400;1647949453.121266
849;3.3758983612060547;42450;1647949456.0282404
850;3.6477127075195312;42500;1647949465.3340297
851;4.057629585266113;42550;1647949468.8513324
852;3.444035053253174;42600;1647949472.4419935
853;3.3153181076049805;42650;1647949475.9507866
854;3.788787841796875;42700;1647949479.3532236
855;3.445686101913452;42750;1647949482.7553642
856;3.4640252590179443;42800;1647949486.1627307
857;3.627821207046509;42850;1647949489.551594
858;3.651174545288086;42900;1647949492.9873066
859;3.710984706878662;42950;1647949496.3701282
860;3.587254047393799;43000;1647949499.780039
861;3.531708240509033;43050;1647949503.2014217
862;3.2908873558044434;43100;1647949506.5467892
863;3.2577948570251465;43150;1647949509.9683194
864;3.6424946784973145;43200;1647949513.4361668
865;4.202096939086914;43250;1647949516.9523587
866;3.9885947704315186;43300;1647949520.401471
867;3.977146863937378;43350;1647949523.7830818
868;3.44466495513916;43400;1647949527.236369
869;3.445322036743164;43450;1647949530.6327558
870;3.2991580963134766;43500;1647949534.0465746
871;3.5596065521240234;43550;1647949537.4603353
872;3.327392339706421;43600;1647949540.8197262
873;3.456667423248291;43650;1647949544.20948
874;3.775999069213867;43700;1647949547.6348433
875;3.1661128997802734;43750;1647949551.0765715
876;3.3421237468719482;43800;1647949554.4984353
877;3.2016868591308594;43850;1647949557.9529774
878;3.194654703140259;43900;1647949561.4028785
879;3.278801918029785;43950;1647949564.888362
880;4.265842914581299;44000;1647949568.3410878
881;4.0352606773376465;44050;1647949571.7079484
882;4.0021562576293945;44100;1647949575.1684723
883;4.275954723358154;44150;1647949578.5916457
884;3.2598180770874023;44200;1647949581.9790003
885;3.371520519256592;44250;1647949585.385105
886;3.43727445602417;44300;1647949588.8085601
887;3.4537274837493896;44350;1647949592.173273
888;3.4164254665374756;44400;1647949595.5247302
889;3.4658408164978027;44450;1647949598.9515882
890;3.8483662605285645;44500;1647949602.38566
891;3.4562270641326904;44550;1647949605.7878108
892;4.493206024169922;44600;1647949609.188007
893;3.9334123134613037;44650;1647949612.620885
894;3.0060219764709473;44700;1647949616.0824552
895;3.8157944679260254;44750;1647949619.5725243
896;3.690270185470581;44800;1647949623.0516827
897;3.4710071086883545;44850;1647949626.517131
898;3.7856574058532715;44900;1647949629.9646034
899;3.8222365379333496;44950;1647949633.3912866
900;3.343219757080078;45000;1647949643.2397745
901;2.841189384460449;45050;1647949646.7626128
902;2.798018217086792;45100;1647949650.2687824
903;3.253486394882202;45150;1647949653.6454153
904;3.1925110816955566;45200;1647949656.9871676
905;2.9344582557678223;45250;1647949660.354338
906;3.047234535217285;45300;1647949663.7312877
907;3.6107969284057617;45350;1647949667.0506954
908;3.5443286895751953;45400;1647949670.4838398
909;3.240293025970459;45450;1647949673.9008098
910;3.785421371459961;45500;1647949677.2844532
911;3.4595770835876465;45550;1647949680.6467006
912;3.2458298206329346;45600;1647949684.0364094
913;3.214578628540039;45650;1647949687.3574781
914;3.1765129566192627;45700;1647949690.681423
915;2.9830503463745117;45750;1647949694.115741
916;3.211456060409546;45800;1647949697.4010677
917;2.8600656986236572;45850;1647949700.490034
918;3.003234386444092;45900;1647949703.6087177
919;3.0653810501098633;45950;1647949706.688301
920;2.695573091506958;46000;1647949709.731004
921;3.0032849311828613;46050;1647949712.8512352
922;3.318655490875244;46100;1647949715.9197123
923;4.924546718597412;46150;1647949718.9944828
924;3.4924538135528564;46200;1647949722.013911
925;3.1481268405914307;46250;1647949725.1198332
926;3.688596248626709;46300;1647949728.27412
927;3.7682132720947266;46350;1647949731.3752909
928;3.3574047088623047;46400;1647949734.5079675
929;3.4536919593811035;46450;1647949737.6207612
930;3.284456729888916;46500;1647949740.8389122
931;3.758697032928467;46550;1647949744.0225606
932;3.169098138809204;46600;1647949747.2124126
933;2.783768653869629;46650;1647949750.3595483
934;2.6722474098205566;46700;1647949753.498598
935;2.8822035789489746;46750;1647949756.6151679
936;3.7585701942443848;46800;1647949759.725842
937;3.699471950531006;46850;1647949762.8317351
938;3.077465057373047;46900;1647949765.9887645
939;3.2217016220092773;46950;1647949769.1086693
940;3.2238855361938477;47000;1647949772.2799788
941;3.0066733360290527;47050;1647949775.361615
942;2.625894069671631;47100;1647949778.500139
943;4.231924057006836;47150;1647949781.5964763
944;3.26963472366333;47200;1647949784.7155688
945;2.786410331726074;47250;1647949787.8383925
946;2.914750814437866;47300;1647949790.9115522
947;2.9199206829071045;47350;1647949794.0136964
948;3.2637295722961426;47400;1647949797.1173425
949;2.9462814331054688;47450;1647949800.197096
950;2.9145920276641846;47500;1647949809.9970186
951;3.0120558738708496;47550;1647949813.2178855
952;3.6289076805114746;47600;1647949816.3337145
953;3.397324800491333;47650;1647949819.4148626
954;4.28224515914917;47700;1647949822.4944282
955;3.2260799407958984;47750;1647949825.5297089
956;3.0774247646331787;47800;1647949828.6186159
957;3.00901198387146;47850;1647949831.5753899
958;3.0870518684387207;47900;1647949834.6562526
959;3.7096939086914062;47950;1647949837.6846833
960;3.4385104179382324;48000;1647949840.740543
961;3.5477118492126465;48050;1647949843.7848802
962;3.3914358615875244;48100;1647949846.7931492
963;3.0468344688415527;48150;1647949849.880336
964;3.240088939666748;48200;1647949852.993114
965;3.8758840560913086;48250;1647949856.0618727
966;3.442268133163452;48300;1647949859.0834758
967;3.63568115234375;48350;1647949862.2265532
968;4.149573802947998;48400;1647949865.3722358
969;3.6848766803741455;48450;1647949868.587226
970;3.8424901962280273;48500;1647949871.7981603
971;4.37789249420166;48550;1647949875.0425537
972;3.579395055770874;48600;1647949878.2671514
973;3.8330154418945312;48650;1647949881.612456
974;3.8803467750549316;48700;1647949884.8597991
975;4.55012321472168;48750;1647949888.130489
976;4.195008277893066;48800;1647949891.3606899
977;3.2770285606384277;48850;1647949894.6444118
978;3.133247137069702;48900;1647949897.7888234
979;3.039707660675049;48950;1647949900.8228657
980;4.106479644775391;49000;1647949903.832095
981;4.240523815155029;49050;1647949906.8647747
982;3.707825183868408;49100;1647949909.836854
983;3.1060166358947754;49150;1647949912.9503
984;3.3991448879241943;49200;1647949915.9848807
985;3.1273884773254395;49250;1647949919.0189695
986;3.0663821697235107;49300;1647949922.0008814
987;3.520350933074951;49350;1647949925.0857158
988;3.333108901977539;49400;1647949928.0997133
989;3.8892998695373535;49450;1647949931.1125472
990;3.8073372840881348;49500;1647949934.1367447
991;3.479635238647461;49550;1647949937.1173573
992;3.3951637744903564;49600;1647949940.112046
993;3.6039621829986572;49650;1647949943.0801322
994;3.28823184967041;49700;1647949946.1059883
995;3.183394432067871;49750;1647949949.0807767
996;3.350452423095703;49800;1647949952.082655
997;3.330294609069824;49850;1647949955.117829
998;3.1664347648620605;49900;1647949958.0981832
999;3.1442384719848633;49950;1647949961.4215488
1000;3.7886147499084473;50000;1647949971.07167
1001;3.323881149291992;50050;1647949974.2635376
1002;3.1593339443206787;50100;1647949977.433293
1003;3.2379043102264404;50150;1647949980.5324154
1004;3.5852508544921875;50200;1647949983.6186457
1005;3.330927610397339;50250;1647949986.7292697
1006;3.0345730781555176;50300;1647949989.8128726
1007;3.1290135383605957;50350;1647949992.9162245
1008;3.043386936187744;50400;1647949995.97644
1009;3.2584404945373535;50450;1647949999.1259437
1010;3.0769286155700684;50500;1647950002.1683586
1011;3.4051551818847656;50550;1647950005.270454
1012;3.0864391326904297;50600;1647950008.3977816
1013;3.1361846923828125;50650;1647950011.4066577
1014;2.745436191558838;50700;1647950014.5081306
1015;3.181241273880005;50750;1647950017.6302536
1016;3.5459837913513184;50800;1647950020.7037818
1017;3.050611972808838;50850;1647950023.75734
1018;3.2216107845306396;50900;1647950026.8072693
1019;3.4127392768859863;50950;1647950029.8823142
1020;3.453969955444336;51000;1647950032.9353113
1021;3.3651463985443115;51050;1647950035.9885402
1022;4.048760890960693;51100;1647950039.1193182
1023;2.9000980854034424;51150;1647950042.2361765
1024;4.300339698791504;51200;1647950045.354573
1025;3.6574501991271973;51250;1647950048.4778605
1026;4.121916770935059;51300;1647950051.6202514
1027;4.131178855895996;51350;1647950054.714614
1028;4.191714286804199;51400;1647950057.8060157
1029;4.398063659667969;51450;1647950060.9139524
1030;4.175681114196777;51500;1647950064.0289578
1031;3.7241504192352295;51550;1647950067.1391406
1032;3.94108247756958;51600;1647950070.3063338
1033;3.661525249481201;51650;1647950073.4084475
1034;3.413463592529297;51700;1647950076.4856136
1035;4.213649749755859;51750;1647950079.3997464
1036;3.6290345191955566;51800;1647950082.3063521
1037;2.8630433082580566;51850;1647950085.1897912
1038;3.2421844005584717;51900;1647950088.1287575
1039;3.157202959060669;51950;1647950091.0583954
1040;3.4064128398895264;52000;1647950093.8732226
1041;3.1508216857910156;52050;1647950096.7730076
1042;3.456035614013672;52100;1647950099.7099195
1043;3.6890523433685303;52150;1647950102.6243496
1044;3.5552492141723633;52200;1647950105.4755807
1045;4.597672462463379;52250;1647950108.3876414
1046;4.549190044403076;52300;1647950111.2649803
1047;4.154326915740967;52350;1647950114.2402256
1048;3.537111759185791;52400;1647950117.2413065
1049;4.229947090148926;52450;1647950120.394101
1050;4.042978286743164;52500;1647950130.5067086
1051;3.4771721363067627;52550;1647950133.6924522
1052;3.6223597526550293;52600;1647950136.838608
1053;3.724134922027588;52650;1647950140.0056908
1054;3.516303062438965;52700;1647950142.9824386
1055;3.9619269371032715;52750;1647950146.042442
1056;4.1016340255737305;52800;1647950149.0241585
1057;4.247160911560059;52850;1647950152.0734253
1058;3.6097471714019775;52900;1647950155.1602473
1059;3.646139144897461;52950;1647950158.1606653
1060;3.5074825286865234;53000;1647950161.1154783
1061;3.2760889530181885;53050;1647950164.039788
1062;3.482980251312256;53100;1647950167.1084716
1063;3.2491164207458496;53150;1647950170.140963
1064;3.3920230865478516;53200;1647950173.1490357
1065;3.3297479152679443;53250;1647950176.213404
1066;3.2872838973999023;53300;1647950179.1874754
1067;3.5313615798950195;53350;1647950182.2488172
1068;3.4831466674804688;53400;1647950185.2229457
1069;3.410745143890381;53450;1647950188.2041676
1070;3.0822298526763916;53500;1647950191.1785328
1071;3.246122360229492;53550;1647950194.2253132
1072;2.8388333320617676;53600;1647950197.272532
1073;3.219773769378662;53650;1647950200.1939669
1074;3.436553478240967;53700;1647950203.1936207
1075;3.0123729705810547;53750;1647950206.0986
1076;3.091393232345581;53800;1647950209.1029098
1077;3.2765398025512695;53850;1647950212.012758
1078;3.517016887664795;53900;1647950214.9104836
1079;2.974635601043701;53950;1647950217.82682
1080;2.837010145187378;54000;1647950220.7003434
1081;2.5946435928344727;54050;1647950223.6186101
1082;3.1541948318481445;54100;1647950226.5660005
1083;3.008726119995117;54150;1647950229.524528
1084;3.1783957481384277;54200;1647950232.4636562
1085;3.016307830810547;54250;1647950235.4858334
1086;2.9020743370056152;54300;1647950238.5416038
1087;3.0134377479553223;54350;1647950241.4233727
1088;2.9438204765319824;54400;1647950244.6179855
1089;2.713347911834717;54450;1647950247.5750637
1090;3.040184497833252;54500;1647950250.6546025
1091;3.0589001178741455;54550;1647950253.618565
1092;2.7417683601379395;54600;1647950256.5435002
1093;3.019557237625122;54650;1647950259.5069644
1094;3.22245454788208;54700;1647950262.5223737
1095;3.14707612991333;54750;1647950265.6967154
1096;2.999998092651367;54800;1647950268.9537075
1097;2.9129269123077393;54850;1647950272.2852705
1098;2.5305919647216797;54900;1647950275.5505552
1099;3.2136478424072266;54950;1647950278.7709708
1100;3.6320698261260986;55000;1647950290.9440768
1101;2.921236038208008;55050;1647950294.2646675
1102;3.216341018676758;55100;1647950297.6098628
1103;2.7407689094543457;55150;1647950300.9424224
1104;3.1405534744262695;55200;1647950304.3778713
1105;4.204926490783691;55250;1647950307.9399595
1106;4.441583633422852;55300;1647950311.4172246
1107;3.845566987991333;55350;1647950314.5797033
1108;3.352339744567871;55400;1647950317.7631514
1109;3.3313682079315186;55450;1647950321.0101538
1110;3.3743109703063965;55500;1647950324.2163794
1111;3.067747116088867;55550;1647950327.4244773
1112;3.4168543815612793;55600;1647950330.6075902
1113;2.8713455200195312;55650;1647950333.7350578
1114;3.4203896522521973;55700;1647950336.971529
1115;3.4004855155944824;55750;1647950340.2936656
1116;3.5121004581451416;55800;1647950343.6360912
1117;3.8247454166412354;55850;1647950347.0617282
1118;3.5415987968444824;55900;1647950350.3518493
1119;3.1488428115844727;55950;1647950353.5543056
1120;3.1926307678222656;56000;1647950356.7477684
1121;3.0089235305786133;56050;1647950360.0971797
1122;3.6174449920654297;56100;1647950363.3180025
1123;4.818124771118164;56150;1647950366.5989969
1124;4.113251209259033;56200;1647950369.760842
1125;3.8011999130249023;56250;1647950372.9210572
1126;3.7717628479003906;56300;1647950376.1441457
1127;3.874032974243164;56350;1647950379.3220277
1128;3.0273642539978027;56400;1647950382.5213711
1129;2.883594274520874;56450;1647950385.7608798
1130;3.711134195327759;56500;1647950389.013001
1131;3.711169481277466;56550;1647950392.1469972
1132;3.3351943492889404;56600;1647950395.4217086
1133;3.846029758453369;56650;1647950398.6168385
1134;2.9317548274993896;56700;1647950401.7872226
1135;2.87089204788208;56750;1647950405.0484688
1136;3.026881456375122;56800;1647950408.291852
1137;3.5064079761505127;56850;1647950411.4497118
1138;3.2473983764648438;56900;1647950414.7921972
1139;3.7588577270507812;56950;1647950418.121169
1140;4.051537036895752;57000;1647950421.4511166
1141;4.166964530944824;57050;1647950424.7584422
1142;3.466437816619873;57100;1647950428.1601665
1143;3.4688405990600586;57150;1647950431.5448515
1144;3.13474702835083;57200;1647950434.9292758
1145;3.381753921508789;57250;1647950438.311644
1146;3.50901460647583;57300;1647950441.632688
1147;3.8697593212127686;57350;1647950444.923856
1148;3.5408096313476562;57400;1647950448.2408912
1149;3.1127796173095703;57450;1647950451.5998812
1150;3.408515453338623;57500;1647950463.773469
1151;4.476870059967041;57550;1647950467.2219129
1152;3.452439308166504;57600;1647950470.7116477
1153;3.0096476078033447;57650;1647950474.0972679
1154;3.4238014221191406;57700;1647950477.3733215
1155;3.635674476623535;57750;1647950480.718526
1156;3.5519752502441406;57800;1647950483.9563665
1157;3.3678488731384277;57850;1647950487.2643864
1158;3.1499183177948;57900;1647950490.7217991
1159;3.031548500061035;57950;1647950493.9302669
1160;3.365389585494995;58000;1647950496.98923
1161;3.922194480895996;58050;1647950499.9744394
1162;3.3752012252807617;58100;1647950502.9172056
1163;3.4015121459960938;58150;1647950505.8436117
1164;3.7758560180664062;58200;1647950508.7514966
1165;4.5692009925842285;58250;1647950511.6305776
1166;4.037479400634766;58300;1647950514.5548592
1167;3.236173629760742;58350;1647950517.4701664
1168;3.5702109336853027;58400;1647950520.3911045
1169;3.5217676162719727;58450;1647950523.3426132
1170;3.5677454471588135;58500;1647950526.227853
1171;3.2370567321777344;58550;1647950529.1530268
1172;3.7021307945251465;58600;1647950532.1221735
1173;4.044706344604492;58650;1647950535.06625
1174;3.2007737159729004;58700;1647950538.0196998
1175;3.6795125007629395;58750;1647950540.8371067
1176;3.142451047897339;58800;1647950543.7480056
1177;3.4070305824279785;58850;1647950546.5905578
1178;4.2140703201293945;58900;1647950549.4325712
1179;3.430608034133911;58950;1647950552.2633414
1180;3.6368260383605957;59000;1647950555.1227863
1181;3.342813014984131;59050;1647950558.0240405
1182;3.0800998210906982;59100;1647950560.8341272
1183;3.2000787258148193;59150;1647950563.7653012
1184;2.950261116027832;59200;1647950566.5936744
1185;3.0239944458007812;59250;1647950569.4788628
1186;3.5202412605285645;59300;1647950572.2944007
1187;3.0167689323425293;59350;1647950575.1581383
1188;3.106729507446289;59400;1647950577.9989932
1189;3.0575289726257324;59450;1647950580.8319633
1190;3.4139695167541504;59500;1647950583.6357417
1191;4.013946533203125;59550;1647950586.5741098
1192;3.410727024078369;59600;1647950589.42942
1193;3.2238388061523438;59650;1647950592.2433712
1194;3.116389274597168;59700;1647950595.1290672
1195;3.7991127967834473;59750;1647950597.950214
1196;4.302068710327148;59800;1647950600.8226714
1197;4.274044036865234;59850;1647950603.6869507
1198;4.438025951385498;59900;1647950606.6749616
1199;3.6308629512786865;59950;1647950609.466057
1200;3.8745901584625244;60000;1647950618.6373558
1201;3.503721237182617;60050;1647950621.65372
1202;3.5571494102478027;60100;1647950624.6010122
1203;3.9355649948120117;60150;1647950627.5926466
1204;4.675544738769531;60200;1647950630.3617897
1205;3.784489154815674;60250;1647950633.185718
1206;4.001855850219727;60300;1647950636.0857954
1207;3.885197639465332;60350;1647950639.0194292
1208;3.5055813789367676;60400;1647950641.9035137
1209;3.0260887145996094;60450;1647950644.7780147
1210;3.5136983394622803;60500;1647950647.6782103
1211;3.3727431297302246;60550;1647950650.49555
1212;3.9012792110443115;60600;1647950653.3298612
1213;3.652334213256836;60650;1647950656.174968
1214;3.5223824977874756;60700;1647950659.038409
1215;3.777709484100342;60750;1647950661.859797
1216;4.050909042358398;60800;1647950664.6636457
1217;3.6232361793518066;60850;1647950667.526216
1218;3.407215118408203;60900;1647950670.434827
1219;3.354335308074951;60950;1647950673.2352364
1220;3.311188220977783;61000;1647950676.0229208
1221;4.137351036071777;61050;1647950678.9300196
1222;4.223482131958008;61100;1647950681.7968302
1223;4.363614559173584;61150;1647950684.6492915
1224;4.355132579803467;61200;1647950687.4698184
1225;4.714874267578125;61250;1647950690.3915346
1226;4.463381290435791;61300;1647950693.1795526
1227;3.8681225776672363;61350;1647950696.0439985
1228;3.8258657455444336;61400;1647950698.8893056
1229;4.534210205078125;61450;1647950701.7767556
1230;4.22673225402832;61500;1647950704.5773947
1231;3.5605809688568115;61550;1647950707.4345613
1232;3.766871929168701;61600;1647950710.2496266
1233;3.4745681285858154;61650;1647950713.1635277
1234;4.097012519836426;61700;1647950716.0902016
1235;4.342400550842285;61750;1647950719.020814
1236;4.699234962463379;61800;1647950721.9760785
1237;4.195182800292969;61850;1647950724.953267
1238;4.221922874450684;61900;1647950727.9003353
1239;3.897127628326416;61950;1647950730.8125153
1240;3.7932820320129395;62000;1647950733.8818111
1241;3.5741238594055176;62050;1647950736.8784835
1242;3.355806350708008;62100;1647950739.892478
1243;3.6412596702575684;62150;1647950742.9795556
1244;3.925922393798828;62200;1647950745.9478152
1245;3.456789493560791;62250;1647950748.9358919
1246;3.7987680435180664;62300;1647950751.9253826
1247;4.441551208496094;62350;1647950754.9516568
1248;4.985025405883789;62400;1647950757.911013
1249;4.375523567199707;62450;1647950760.9454684
1250;3.453418731689453;62500;1647950770.4380145
1251;2.988612651824951;62550;1647950773.5952077
1252;3.322537899017334;62600;1647950776.686553
1253;3.194662094116211;62650;1647950779.764884
1254;3.4684102535247803;62700;1647950782.7895563
1255;3.434263229370117;62750;1647950785.827061
1256;2.8287911415100098;62800;1647950788.7214892
1257;3.062603712081909;62850;1647950791.5929856
1258;3.425079107284546;62900;1647950794.473983
1259;2.9885058403015137;62950;1647950797.443398
1260;3.455625534057617;63000;1647950800.5205832
1261;3.3618767261505127;63050;1647950803.4762592
1262;3.132873296737671;63100;1647950806.3803742
1263;3.1052706241607666;63150;1647950809.3709373
1264;3.3538174629211426;63200;1647950812.2786272
1265;2.7629518508911133;63250;1647950815.0273952
1266;2.8135852813720703;63300;1647950817.292001
1267;3.1485509872436523;63350;1647950819.5460558
1268;3.2068021297454834;63400;1647950822.0299027
1269;3.4987125396728516;63450;1647950824.9249928
1270;3.1968250274658203;63500;1647950827.8876543
1271;4.028891086578369;63550;1647950830.8183339
1272;3.156625509262085;63600;1647950833.790941
1273;3.3371315002441406;63650;1647950836.7976327
1274;2.908228635787964;63700;1647950839.733417
1275;3.9555177688598633;63750;1647950842.7685483
1276;3.4761574268341064;63800;1647950845.7850676
1277;3.38384747505188;63850;1647950848.756843
1278;3.9332332611083984;63900;1647950851.8316932
1279;4.481823444366455;63950;1647950854.7916036
1280;4.250424385070801;64000;1647950857.74392
1281;4.2318315505981445;64050;1647950860.773172
1282;3.799592971801758;64100;1647950863.7188413
1283;3.8246917724609375;64150;1647950866.6581814
1284;3.697028160095215;64200;1647950869.7507646
1285;3.2756381034851074;64250;1647950872.672567
1286;3.799448013305664;64300;1647950875.6932893
1287;3.470790386199951;64350;1647950878.7485468
1288;3.7300539016723633;64400;1647950881.7902882
1289;3.2260098457336426;64450;1647950884.7936802
1290;3.324357032775879;64500;1647950887.8656266
1291;3.097069263458252;64550;1647950890.9761612
1292;3.2062249183654785;64600;1647950894.0425963
1293;3.5546395778656006;64650;1647950896.9360466
1294;3.0755057334899902;64700;1647950899.9834914
1295;3.3324997425079346;64750;1647950902.9540255
1296;3.456343650817871;64800;1647950905.9631877
1297;2.8247621059417725;64850;1647950908.8794348
1298;2.878230333328247;64900;1647950911.836985
1299;3.365304946899414;64950;1647950914.8775299
1300;3.2923550605773926;65000;1647950924.4807513
1301;3.330568790435791;65050;1647950927.661834
1302;3.2302188873291016;65100;1647950930.807795
1303;4.227878093719482;65150;1647950933.839963
1304;4.21628475189209;65200;1647950936.812429
1305;3.213596820831299;65250;1647950939.7544682
1306;3.5765461921691895;65300;1647950942.8033016
1307;3.475407600402832;65350;1647950945.7695956
1308;3.608475685119629;65400;1647950948.8056226
1309;3.159248113632202;65450;1647950951.897794
1310;3.0570597648620605;65500;1647950954.8882873
1311;2.9423751831054688;65550;1647950957.8117306
1312;3.6638383865356445;65600;1647950960.7877178
1313;3.6130003929138184;65650;1647950963.7691867
1314;3.607738494873047;65700;1647950966.741924
1315;3.1001369953155518;65750;1647950969.7164948
1316;3.6340184211730957;65800;1647950972.713144
1317;3.369373321533203;65850;1647950975.627305
1318;3.6005611419677734;65900;1647950978.5662465
1319;3.435481071472168;65950;1647950981.5832345
1320;3.870546817779541;66000;1647950984.5537682
1321;3.4367051124572754;66050;1647950987.5296137
1322;3.594611167907715;66100;1647950990.4278948
1323;3.6505861282348633;66150;1647950993.3263724
1324;3.2185447216033936;66200;1647950996.31507
1325;3.7413456439971924;66250;1647950999.245701
1326;3.8732504844665527;66300;1647951002.149162
1327;3.458796739578247;66350;1647951005.0649273
1328;3.618255615234375;66400;1647951008.0230086
1329;3.0304911136627197;66450;1647951010.9834614
1330;3.470445394515991;66500;1647951013.9727015
1331;3.2664198875427246;66550;1647951016.9440773
1332;3.0654077529907227;66600;1647951019.9367604
1333;2.963254928588867;66650;1647951022.837166
1334;3.489278554916382;66700;1647951025.8108118
1335;3.033388137817383;66750;1647951028.6951923
1336;3.1102209091186523;66800;1647951031.6355891
1337;3.506235122680664;66850;1647951034.4988906
1338;4.141180038452148;66900;1647951037.5256436
1339;3.408535957336426;66950;1647951040.7907212
1340;4.40873908996582;67000;1647951043.9550571
1341;2.660236120223999;67050;1647951046.9488144
1342;2.9267282485961914;67100;1647951049.8656938
1343;3.4607388973236084;67150;1647951052.8069081
1344;2.8691418170928955;67200;1647951055.7427611
1345;3.117398500442505;67250;1647951058.716539
1346;3.1124930381774902;67300;1647951061.5509627
1347;3.3045191764831543;67350;1647951064.3607087
1348;3.4749951362609863;67400;1647951067.2051263
1349;3.2097387313842773;67450;1647951070.1452699
1350;3.4592273235321045;67500;1647951079.2454622
1351;3.2724223136901855;67550;1647951082.1992567
1352;3.5830001831054688;67600;1647951085.1256316
1353;3.5159263610839844;67650;1647951087.9749496
1354;3.5112264156341553;67700;1647951090.804729
1355;3.7769460678100586;67750;1647951093.5721538
1356;3.6075897216796875;67800;1647951096.3957758
1357;3.7276148796081543;67850;1647951099.203837
1358;3.963736057281494;67900;1647951102.0020516
1359;3.837697982788086;67950;1647951104.7876534
1360;3.4213531017303467;68000;1647951107.5917263
1361;3.290083408355713;68050;1647951110.5026057
1362;3.72352933883667;68100;1647951113.324826
1363;3.124661684036255;68150;1647951116.1818173
1364;3.254504680633545;68200;1647951118.9473205
1365;3.4147658348083496;68250;1647951121.8580496
1366;3.470616340637207;68300;1647951124.6647122
1367;3.6483078002929688;68350;1647951127.500249
1368;3.5076699256896973;68400;1647951130.3664489
1369;3.2455263137817383;68450;1647951133.155293
1370;3.75008487701416;68500;1647951135.9870539
1371;3.622304677963257;68550;1647951138.8457835
1372;3.5872411727905273;68600;1647951141.7643945
1373;3.707242488861084;68650;1647951144.596926
1374;4.027455806732178;68700;1647951147.4238439
1375;3.4610776901245117;68750;1647951150.1985471
1376;3.434565305709839;68800;1647951153.0662963
1377;2.9037649631500244;68850;1647951155.9381196
1378;3.542874574661255;68900;1647951158.8408914
1379;3.496032476425171;68950;1647951161.7261415
1380;2.9732418060302734;69000;1647951164.7250392
1381;2.897427558898926;69050;1647951167.5895705
1382;3.3616280555725098;69100;1647951170.4712923
1383;3.56549334526062;69150;1647951173.3210063
1384;3.3569302558898926;69200;1647951176.1395757
1385;3.3990423679351807;69250;1647951178.9437397
1386;3.409519672393799;69300;1647951181.7527092
1387;3.73557186126709;69350;1647951184.66438
1388;3.867161750793457;69400;1647951187.52483
1389;4.083004951477051;69450;1647951190.3621557
1390;3.5289900302886963;69500;1647951193.208257
1391;3.748586893081665;69550;1647951196.1245239
1392;3.1520862579345703;69600;1647951198.991551
1393;3.2846758365631104;69650;1647951201.9157639
1394;3.277535915374756;69700;1647951204.8972905
1395;2.9055304527282715;69750;1647951207.7170303
1396;2.755697250366211;69800;1647951210.6738656
1397;3.463047981262207;69850;1647951213.5883665
1398;3.243772506713867;69900;1647951216.5656984
1399;2.9130539894104004;69950;1647951219.3775895
1400;3.247636318206787;70000;1647951228.8629558
1401;3.1532936096191406;70050;1647951231.8082712
1402;3.015329122543335;70100;1647951234.7818751
1403;3.7580466270446777;70150;1647951237.8374968
1404;3.771763563156128;70200;1647951240.6909726
1405;3.278040885925293;70250;1647951243.482758
1406;3.4136595726013184;70300;1647951246.3619742
1407;3.0667829513549805;70350;1647951249.1826222
1408;3.1450917720794678;70400;1647951252.056294
1409;2.9414315223693848;70450;1647951254.8277748
1410;2.7620973587036133;70500;1647951257.6973245
1411;2.9742069244384766;70550;1647951260.4767194
1412;3.175475597381592;70600;1647951263.365457
1413;3.796445846557617;70650;1647951266.1970441
1414;3.669919013977051;70700;1647951269.1450603
1415;3.7459845542907715;70750;1647951272.0232203
1416;3.4806714057922363;70800;1647951274.8512516
1417;3.1449637413024902;70850;1647951277.6523345
1418;3.4565048217773438;70900;1647951280.461365
1419;3.6101725101470947;70950;1647951283.2612066
1420;3.1931545734405518;71000;1647951286.1037495
1421;3.491291046142578;71050;1647951288.996088
1422;3.4224510192871094;71100;1647951291.7523599
1423;3.1638941764831543;71150;1647951294.5497956
1424;3.3345983028411865;71200;1647951297.4096608
1425;3.3371939659118652;71250;1647951300.2884836
1426;3.6112377643585205;71300;1647951303.2521791
1427;3.3717823028564453;71350;1647951306.033605
1428;4.225708484649658;71400;1647951308.837061
1429;3.8611390590667725;71450;1647951311.6920547
1430;4.119847297668457;71500;1647951314.628195
1431;3.284341812133789;71550;1647951317.4963007
1432;3.1643662452697754;71600;1647951320.497747
1433;3.358337163925171;71650;1647951323.457491
1434;3.5559401512145996;71700;1647951326.5138788
1435;3.812582492828369;71750;1647951329.5189033
1436;3.486363410949707;71800;1647951332.5629935
1437;3.4112658500671387;71850;1647951335.5796428
1438;3.189901351928711;71900;1647951338.5378633
1439;3.689713954925537;71950;1647951341.5179203
1440;3.055915117263794;72000;1647951344.4823613
1441;3.385878562927246;72050;1647951347.3986838
1442;2.8699121475219727;72100;1647951350.359637
1443;3.1692404747009277;72150;1647951353.3493323
1444;3.2023067474365234;72200;1647951356.3581982
1445;3.7240519523620605;72250;1647951359.3582182
1446;2.9078421592712402;72300;1647951362.6336699
1447;2.7498700618743896;72350;1647951366.0983038
1448;3.0872511863708496;72400;1647951369.5195286
1449;3.3785786628723145;72450;1647951372.857692
1450;2.9014711380004883;72500;1647951384.9709723
1451;3.054858684539795;72550;1647951388.2918365
1452;3.3749446868896484;72600;1647951391.5145416
1453;3.2894558906555176;72650;1647951394.9291604
1454;3.382840633392334;72700;1647951397.9894257
1455;3.151947021484375;72750;1647951401.1545799
1456;3.2326040267944336;72800;1647951404.2505982
1457;3.129166603088379;72850;1647951407.3389523
1458;3.0853111743927;72900;1647951410.377613
1459;3.035694122314453;72950;1647951413.4378512
1460;3.0839743614196777;73000;1647951416.5036633
1461;2.7403674125671387;73050;1647951419.523622
1462;3.1781539916992188;73100;1647951422.5168538
1463;3.6526434421539307;73150;1647951425.4898744
1464;3.409135341644287;73200;1647951428.3138652
1465;2.9755678176879883;73250;1647951431.2591681
1466;3.1054089069366455;73300;1647951434.2007012
1467;3.504659652709961;73350;1647951437.1750615
1468;3.1398210525512695;73400;1647951440.1197255
1469;2.669300079345703;73450;1647951443.021703
1470;2.8393216133117676;73500;1647951445.9877355
1471;2.927676200866699;73550;1647951448.942964
1472;3.105609893798828;73600;1647951451.897168
1473;3.201456308364868;73650;1647951454.8298688
1474;3.371817111968994;73700;1647951457.9018486
1475;3.178305149078369;73750;1647951460.7886202
1476;2.966108798980713;73800;1647951463.768444
1477;3.4570038318634033;73850;1647951466.792048
1478;3.5379254817962646;73900;1647951469.7566538
1479;3.1990838050842285;73950;1647951472.804266
1480;3.1924381256103516;74000;1647951476.0237875
1481;3.470675230026245;74050;1647951479.3081346
1482;4.521030426025391;74100;1647951482.47467
1483;3.5889735221862793;74150;1647951485.476229
1484;4.138733386993408;74200;1647951488.549216
1485;3.6627402305603027;74250;1647951491.5150359
1486;3.171247959136963;74300;1647951494.5397193
1487;3.359117031097412;74350;1647951497.5084023
1488;2.8667635917663574;74400;1647951500.6296923
1489;2.9769539833068848;74450;1647951503.580888
1490;3.346832752227783;74500;1647951506.6366198
1491;3.158846855163574;74550;1647951509.6695004
1492;3.4660911560058594;74600;1647951512.6557155
1493;3.549828052520752;74650;1647951515.5883758
1494;3.4821972846984863;74700;1647951518.4266028
1495;3.7004637718200684;74750;1647951521.658618
1496;3.303633689880371;74800;1647951524.7763252
1497;3.120649814605713;74850;1647951527.8740342
1498;3.3560705184936523;74900;1647951531.0620122
1499;3.6706714630126953;74950;1647951534.136729
1500;3.3438730239868164;75000;1647951543.8095863
1501;3.2452354431152344;75050;1647951546.763289
1502;3.2599239349365234;75100;1647951549.6529212
1503;2.959200382232666;75150;1647951552.4967206
1504;3.4496662616729736;75200;1647951555.270162
1505;3.004072666168213;75250;1647951558.086656
1506;3.9529120922088623;75300;1647951560.9216652
1507;3.490807294845581;75350;1647951563.7457814
1508;3.7426202297210693;75400;1647951566.489202
1509;3.910274028778076;75450;1647951569.2690187
1510;2.922818899154663;75500;1647951572.1660604
1511;3.337942361831665;75550;1647951574.927405
1512;2.703422784805298;75600;1647951577.6580753
1513;3.0158090591430664;75650;1647951580.4310021
1514;3.1877307891845703;75700;1647951583.205574
1515;3.464123010635376;75750;1647951585.946922
1516;2.9259254932403564;75800;1647951588.7443216
1517;2.9831490516662598;75850;1647951591.508354
1518;3.5156147480010986;75900;1647951594.3109117
1519;3.6239676475524902;75950;1647951597.1121953
1520;4.029638290405273;76000;1647951599.858651
1521;3.4639792442321777;76050;1647951602.6312842
1522;3.166604995727539;76100;1647951605.4726186
1523;3.224172830581665;76150;1647951608.221333
1524;3.4512650966644287;76200;1647951611.0297625
1525;3.5282986164093018;76250;1647951613.8776839
1526;3.7333192825317383;76300;1647951616.675794
1527;3.4131500720977783;76350;1647951619.490424
1528;3.2610440254211426;76400;1647951622.2907865
1529;3.09618878364563;76450;1647951625.1622357
1530;3.9285225868225098;76500;1647951628.0162246
1531;3.269103527069092;76550;1647951630.8524973
1532;3.2271370887756348;76600;1647951633.753703
1533;3.1162848472595215;76650;1647951636.6127298
1534;3.5234475135803223;76700;1647951639.5002582
1535;3.3898820877075195;76750;1647951642.326659
1536;3.2835581302642822;76800;1647951645.2496207
1537;3.0341947078704834;76850;1647951648.3937268
1538;3.225341796875;76900;1647951651.7917757
1539;3.523947238922119;76950;1647951655.1584897
1540;3.254779577255249;77000;1647951658.5434763
1541;3.479640483856201;77050;1647951661.9237025
1542;3.691042423248291;77100;1647951665.2957847
1543;3.8567466735839844;77150;1647951668.73325
1544;3.2860937118530273;77200;1647951672.1738029
1545;3.549727439880371;77250;1647951675.6020396
1546;3.3582820892333984;77300;1647951679.069317
1547;3.3454537391662598;77350;1647951682.4633055
1548;3.33815860748291;77400;1647951685.874605
1549;3.1069278717041016;77450;1647951689.3010318
1550;2.9015533924102783;77500;1647951699.0732634
1551;3.1725082397460938;77550;1647951702.191603
1552;3.467839002609253;77600;1647951705.2631445
1553;3.161930561065674;77650;1647951708.3742015
1554;3.162114143371582;77700;1647951711.3586407
1555;3.6652026176452637;77750;1647951714.3156111
1556;3.6828956604003906;77800;1647951717.2934854
1557;2.962651252746582;77850;1647951720.3175683
1558;3.314260482788086;77900;1647951723.3513105
1559;3.2851908206939697;77950;1647951726.398902
1560;3.3993048667907715;78000;1647951729.3943572
1561;3.841728925704956;78050;1647951732.4602888
1562;4.413271903991699;78100;1647951735.488798
1563;3.2865164279937744;78150;1647951738.5280843
1564;4.560847759246826;78200;1647951741.5986063
1565;4.133977890014648;78250;1647951744.601347
1566;3.6349687576293945;78300;1647951747.636672
1567;3.1404309272766113;78350;1647951750.7042093
1568;3.5553054809570312;78400;1647951753.7108355
1569;3.6044440269470215;78450;1647951756.7559419
1570;3.7891273498535156;78500;1647951759.7738767
1571;3.5636115074157715;78550;1647951762.824188
1572;2.9845995903015137;78600;1647951765.9154546
1573;3.008732318878174;78650;1647951768.923574
1574;3.026299476623535;78700;1647951771.996127
1575;3.463798999786377;78750;1647951775.0876906
1576;3.359994888305664;78800;1647951778.166445
1577;3.299187183380127;78850;1647951781.2522619
1578;3.160181999206543;78900;1647951784.2571228
1579;2.6505825519561768;78950;1647951787.2065258
1580;2.476154327392578;79000;1647951790.0750577
1581;3.490821361541748;79050;1647951793.0310853
1582;3.1653881072998047;79100;1647951795.8770816
1583;3.290320634841919;79150;1647951798.730002
1584;3.000608205795288;79200;1647951801.5412307
1585;3.163200855255127;79250;1647951804.4422169
1586;3.3684771060943604;79300;1647951807.2696736
1587;3.0713043212890625;79350;1647951810.1071556
1588;3.0034022331237793;79400;1647951812.950981
1589;3.491502285003662;79450;1647951816.0572207
1590;3.858243465423584;79500;1647951819.4874768
1591;3.5282912254333496;79550;1647951822.595717
1592;3.5319788455963135;79600;1647951825.5922005
1593;3.4924280643463135;79650;1647951828.6398985
1594;3.45548415184021;79700;1647951831.6092064
1595;2.995445728302002;79750;1647951834.6115727
1596;3.148070812225342;79800;1647951837.6078627
1597;3.1705071926116943;79850;1647951840.6844387
1598;3.24562406539917;79900;1647951843.6909962
1599;3.1676321029663086;79950;1647951846.691285
1600;4.358365535736084;80000;1647951856.0390573
1601;3.75850772857666;80050;1647951859.105796
1602;3.6096229553222656;80100;1647951862.1293983
1603;3.370422840118408;80150;1647951865.2008755
1604;3.0515151023864746;80200;1647951868.2056057
1605;2.9649810791015625;80250;1647951871.2108784
1606;3.0422163009643555;80300;1647951874.2272668
1607;3.259303092956543;80350;1647951877.2391238
1608;3.2683186531066895;80400;1647951880.2005448
1609;3.2858269214630127;80450;1647951883.1278255
1610;3.2659220695495605;80500;1647951886.1716137
1611;3.5401954650878906;80550;1647951889.2099354
1612;3.0614733695983887;80600;1647951892.2489285
1613;3.0831987857818604;80650;1647951895.211291
1614;3.36679744720459;80700;1647951898.2341483
1615;2.8097481727600098;80750;1647951901.2629335
1616;3.2474615573883057;80800;1647951904.3406856
1617;3.415006637573242;80850;1647951907.3990376
1618;3.1939549446105957;80900;1647951910.3853564
1619;3.5431015491485596;80950;1647951913.4744315
1620;3.1089184284210205;81000;1647951916.5031521
1621;3.5287575721740723;81050;1647951919.48668
1622;3.297396183013916;81100;1647951922.4829433
1623;3.140596866607666;81150;1647951925.4505837
1624;4.206833839416504;81200;1647951928.3931563
1625;3.460766315460205;81250;1647951931.3410056
1626;3.252645254135132;81300;1647951934.3858476
1627;3.4540159702301025;81350;1647951937.4071548
1628;3.693265676498413;81400;1647951940.479421
1629;2.795257091522217;81450;1647951943.5069313
1630;3.1302404403686523;81500;1647951946.5288544
1631;4.070189952850342;81550;1647951949.614925
1632;3.7298059463500977;81600;1647951953.0135846
1633;3.1016621589660645;81650;1647951956.325116
1634;3.140629291534424;81700;1647951959.632881
1635;3.013054370880127;81750;1647951962.9134736
1636;2.7569923400878906;81800;1647951966.2498918
1637;3.2002310752868652;81850;1647951969.5511239
1638;3.171657085418701;81900;1647951972.8628635
1639;3.82189679145813;81950;1647951976.1211174
1640;3.968141555786133;82000;1647951979.3480682
1641;3.31766939163208;82050;1647951982.6262724
1642;3.1310763359069824;82100;1647951985.87374
1643;3.2863214015960693;82150;1647951989.0811367
1644;2.9840049743652344;82200;1647951992.3956745
1645;2.999037742614746;82250;1647951995.827587
1646;2.949220657348633;82300;1647951999.2106144
1647;3.2560575008392334;82350;1647952002.6286573
1648;2.9456706047058105;82400;1647952006.0454626
1649;2.8213448524475098;82450;1647952009.4197745
1650;3.194333791732788;82500;1647952019.391037
1651;3.011516809463501;82550;1647952022.3495007
1652;3.289860486984253;82600;1647952025.2227743
1653;3.184143543243408;82650;1647952028.0162325
1654;3.9491565227508545;82700;1647952030.7865047
1655;3.6875529289245605;82750;1647952033.6092794
1656;3.0027761459350586;82800;1647952036.4274378
1657;2.979602575302124;82850;1647952039.2426531
1658;2.8285155296325684;82900;1647952042.078518
1659;3.4395532608032227;82950;1647952044.988673
1660;3.1097850799560547;83000;1647952047.8018332
1661;3.8808679580688477;83050;1647952050.6880856
1662;3.6615591049194336;83100;1647952053.5379977
1663;4.363063812255859;83150;1647952056.4659204
1664;3.4840779304504395;83200;1647952059.3652816
1665;3.7229933738708496;83250;1647952062.1466002
1666;2.730191707611084;83300;1647952065.0808735
1667;3.1337890625;83350;1647952068.0325007
1668;3.2897448539733887;83400;1647952070.8418305
1669;3.5025391578674316;83450;1647952073.6660097
1670;3.7946319580078125;83500;1647952076.6051412
1671;3.3760986328125;83550;1647952079.4182057
1672;3.3593173027038574;83600;1647952082.2900357
1673;3.0077805519104004;83650;1647952085.1058612
1674;3.046262741088867;83700;1647952087.9713287
1675;3.381582260131836;83750;1647952090.730599
1676;3.0803349018096924;83800;1647952093.590399
1677;3.108391046524048;83850;1647952096.490343
1678;3.270530939102173;83900;1647952099.3067093
1679;3.3603389263153076;83950;1647952102.0977285
1680;3.432840347290039;84000;1647952104.9439678
1681;4.138823986053467;84050;1647952107.8219175
1682;3.839423179626465;84100;1647952110.6471837
1683;3.5159106254577637;84150;1647952113.672676
1684;3.4089553356170654;84200;1647952116.781868
1685;3.0890069007873535;84250;1647952119.849062
1686;3.398922920227051;84300;1647952122.8875856
1687;3.670841693878174;84350;1647952125.8900027
1688;3.233335018157959;84400;1647952129.0250034
1689;2.7609872817993164;84450;1647952132.1198425
1690;2.8448827266693115;84500;1647952135.2311554
1691;3.1007983684539795;84550;1647952138.2951534
1692;2.793325424194336;84600;1647952141.3439484
1693;2.9905033111572266;84650;1647952144.4649658
1694;2.8444886207580566;84700;1647952147.5592632
1695;2.827507972717285;84750;1647952150.7377055
1696;2.735074520111084;84800;1647952153.834337
1697;2.7529561519622803;84850;1647952156.9617517
1698;2.546630859375;84900;1647952160.1131957
1699;3.022277355194092;84950;1647952163.5536025
1700;2.7401058673858643;85000;1647952173.2883472
1701;2.979517936706543;85050;1647952176.4680657
1702;3.284757137298584;85100;1647952179.630304
1703;3.349846601486206;85150;1647952182.7392535
1704;3.225261926651001;85200;1647952186.080349
1705;3.3646135330200195;85250;1647952189.4467316
1706;3.1357970237731934;85300;1647952192.8778307
1707;2.657135248184204;85350;1647952196.2769797
1708;2.94468355178833;85400;1647952199.6530068
1709;4.190706253051758;85450;1647952203.0664408
1710;4.09594202041626;85500;1647952206.444513
1711;3.3464643955230713;85550;1647952209.828751
1712;2.8687491416931152;85600;1647952213.2271638
1713;3.582705020904541;85650;1647952216.5921283
1714;3.3044943809509277;85700;1647952219.9609392
1715;3.108720302581787;85750;1647952223.3890493
1716;3.859321117401123;85800;1647952226.7506182
1717;3.0565662384033203;85850;1647952230.1785421
1718;3.121004581451416;85900;1647952233.5632162
1719;3.0956616401672363;85950;1647952236.9658995
1720;3.4329023361206055;86000;1647952240.368409
1721;2.909278154373169;86050;1647952243.736965
1722;3.0369317531585693;86100;1647952247.1114883
1723;3.3158278465270996;86150;1647952250.5058365
1724;2.932640790939331;86200;1647952253.9187198
1725;2.653913974761963;86250;1647952257.410547
1726;2.937189817428589;86300;1647952260.824528
1727;2.704012393951416;86350;1647952264.2546937
1728;3.3301639556884766;86400;1647952267.727022
1729;3.846226215362549;86450;1647952271.1937659
1730;2.933335781097412;86500;1647952274.5872447
1731;3.4392690658569336;86550;1647952278.0081909
1732;3.89148211479187;86600;1647952281.4216611
1733;2.9518961906433105;86650;1647952284.809021
1734;2.857408046722412;86700;1647952288.2611156
1735;2.539851188659668;86750;1647952291.683117
1736;2.866110324859619;86800;1647952295.1079586
1737;3.0192811489105225;86850;1647952298.525311
1738;2.823437452316284;86900;1647952301.6928282
1739;3.4732789993286133;86950;1647952304.7243845
1740;3.224174976348877;87000;1647952307.8190866
1741;3.5442919731140137;87050;1647952310.9135203
1742;3.279116153717041;87100;1647952314.0149412
1743;3.1380155086517334;87150;1647952317.1477597
1744;3.216677665710449;87200;1647952320.2519362
1745;3.0673420429229736;87250;1647952323.2947865
1746;2.7767391204833984;87300;1647952326.3728366
1747;3.2686328887939453;87350;1647952329.4540403
1748;2.6154098510742188;87400;1647952332.5234659
1749;3.0586795806884766;87450;1647952335.6613467
1750;3.187854528427124;87500;1647952345.3479645
1751;3.213881492614746;87550;1647952348.8891861
1752;3.2119300365448;87600;1647952352.4234638
1753;3.0727200508117676;87650;1647952355.906801
1754;2.963015556335449;87700;1647952359.3828285
1755;2.8478806018829346;87750;1647952362.7188873
1756;2.668278217315674;87800;1647952366.1665506
1757;2.646240711212158;87850;1647952369.5666244
1758;2.992898464202881;87900;1647952372.9459345
1759;3.0969903469085693;87950;1647952376.2931087
1760;3.9460597038269043;88000;1647952379.6648679
1761;3.4029083251953125;88050;1647952383.0845037
1762;3.6451663970947266;88100;1647952386.4409325
1763;3.601069450378418;88150;1647952389.773535
1764;3.030533790588379;88200;1647952393.165612
1765;3.0112762451171875;88250;1647952396.560316
1766;3.272472620010376;88300;1647952399.9249518
1767;3.0566978454589844;88350;1647952403.362956
1768;3.535808563232422;88400;1647952406.74978
1769;2.8434553146362305;88450;1647952410.1096287
1770;2.7922816276550293;88500;1647952413.4726412
1771;3.6898691654205322;88550;1647952416.8521028
1772;3.195772886276245;88600;1647952420.2061658
1773;2.9976017475128174;88650;1647952423.575542
1774;2.8287391662597656;88700;1647952426.9929807
1775;2.704934597015381;88750;1647952430.4699202
1776;2.794388771057129;88800;1647952435.395131
1777;2.7668159008026123;88850;1647952440.655073
1778;2.6519954204559326;88900;1647952445.9591606
1779;2.6712045669555664;88950;1647952451.2278824
1780;2.932810068130493;89000;1647952456.6209538
1781;2.9195542335510254;89050;1647952461.8291621
1782;3.1609063148498535;89100;1647952466.6215184
1783;2.7773680686950684;89150;1647952471.2472026
1784;2.9448819160461426;89200;1647952475.8206775
1785;2.8168110847473145;89250;1647952480.3412716
1786;2.971296548843384;89300;1647952484.9329898
1787;2.9719133377075195;89350;1647952489.5292265
1788;3.312053680419922;89400;1647952494.0852027
1789;3.5136969089508057;89450;1647952498.7085483
1790;3.2705483436584473;89500;1647952503.4098868
1791;3.2143945693969727;89550;1647952508.5510187
1792;3.062589168548584;89600;1647952513.602345
1793;3.1605610847473145;89650;1647952518.4336433
1794;3.069214344024658;89700;1647952523.212359
1795;2.9091005325317383;89750;1647952527.984474
1796;3.1681876182556152;89800;1647952532.8127584
1797;3.0363621711730957;89850;1647952537.7728462
1798;2.7450308799743652;89900;1647952542.5946708
1799;2.911362648010254;89950;1647952547.4667563
