;ActorLR;Steps;Wall_Time
0;9.999999747378752e-05;0;1651184902.6100547
1;9.999999747378752e-05;640;1651184903.7557392
2;9.999999747378752e-05;1280;1651184904.879904
3;9.999999747378752e-05;1920;1651184905.979245
4;9.999999747378752e-05;2560;1651184907.0856864
5;9.999999747378752e-05;3200;1651184908.19996
6;9.999999747378752e-05;3840;1651184909.3023877
7;9.999999747378752e-05;4480;1651184912.0441139
8;9.999999747378752e-05;5120;1651184913.2215264
9;9.999999747378752e-05;5760;1651184915.9782088
10;9.999999747378752e-05;6400;1651184917.0857155
11;9.999999747378752e-05;7040;1651184918.2013817
12;9.999999747378752e-05;7680;1651184919.311515
13;9.999999747378752e-05;8320;1651184920.3904827
14;9.999999747378752e-05;8960;1651184921.5010717
15;9.999999747378752e-05;9600;1651184922.6191988
16;9.999999747378752e-05;10240;1651184923.7407684
17;9.999999747378752e-05;10880;1651184924.8497057
18;9.999999747378752e-05;11520;1651184925.9644415
19;9.999999747378752e-05;12160;1651184927.0682325
20;9.999999747378752e-05;12800;1651184928.1955616
21;9.999999747378752e-05;13440;1651184929.3057718
22;9.999999747378752e-05;14080;1651184932.0397384
23;9.999999747378752e-05;14720;1651184933.2242079
24;9.999999747378752e-05;15360;1651184935.983051
25;9.999999747378752e-05;16000;1651184937.0802877
26;9.999999747378752e-05;16640;1651184938.159282
27;9.999999747378752e-05;17280;1651184939.27926
28;9.999999747378752e-05;17920;1651184940.3891091
29;9.999999747378752e-05;18560;1651184941.5171456
30;9.999999747378752e-05;19200;1651184942.6307144
31;9.999999747378752e-05;19840;1651184943.7405567
32;9.999999747378752e-05;20480;1651184944.8292565
33;9.999999747378752e-05;21120;1651184945.924376
34;9.999999747378752e-05;21760;1651184947.0163653
35;9.999999747378752e-05;22400;1651184948.134873
36;9.999999747378752e-05;23040;1651184949.2420242
37;9.999999747378752e-05;23680;1651184951.983328
38;9.999999747378752e-05;24320;1651184953.1596913
39;9.999999747378752e-05;24960;1651184955.9419012
40;9.999999747378752e-05;25600;1651184957.0825531
41;9.999999747378752e-05;26240;1651184958.2175298
42;9.999999747378752e-05;26880;1651184959.313785
43;9.999999747378752e-05;27520;1651184960.4329088
44;9.999999747378752e-05;28160;1651184961.536617
45;9.999999747378752e-05;28800;1651184962.6274436
46;9.999999747378752e-05;29440;1651184963.7346814
47;9.999999747378752e-05;30080;1651184964.8688774
48;9.999999747378752e-05;30720;1651184965.993838
49;9.999999747378752e-05;31360;1651184967.1006348
50;9.999999747378752e-05;32000;1651184968.2181923
51;9.999999747378752e-05;32640;1651184969.3409514
52;9.999999747378752e-05;33280;1651184972.065953
53;9.999999747378752e-05;33920;1651184973.248242
54;9.999999747378752e-05;34560;1651184976.030572
55;9.999999747378752e-05;35200;1651184977.2028055
56;9.999999747378752e-05;35840;1651184978.3257234
57;9.999999747378752e-05;36480;1651184979.4275768
58;9.999999747378752e-05;37120;1651184980.5142953
59;9.999999747378752e-05;37760;1651184981.6168313
60;9.999999747378752e-05;38400;1651184982.7362185
61;9.999999747378752e-05;39040;1651184983.850101
62;9.999999747378752e-05;39680;1651184984.9642756
63;9.999999747378752e-05;40320;1651184986.0714982
64;9.999999747378752e-05;40960;1651184987.1932378
65;9.999999747378752e-05;41600;1651184988.2976787
66;9.999999747378752e-05;42240;1651184989.3874316
67;9.999999747378752e-05;42880;1651184992.1241329
68;9.999999747378752e-05;43520;1651184993.300352
69;9.999999747378752e-05;44160;1651184996.0635633
70;9.999999747378752e-05;44800;1651184997.1781242
71;9.999999747378752e-05;45440;1651184998.294229
72;9.999999747378752e-05;46080;1651184999.3918233
73;9.999999747378752e-05;46720;1651185000.5144696
74;9.999999747378752e-05;47360;1651185001.643483
75;9.999999747378752e-05;48000;1651185002.7498455
76;9.999999747378752e-05;48640;1651185003.846161
77;9.999999747378752e-05;49280;1651185004.9734573
78;9.999999747378752e-05;49920;1651185006.0955248
79;9.999999747378752e-05;50560;1651185007.2048676
80;9.999999747378752e-05;51200;1651185008.3015835
81;9.999999747378752e-05;51840;1651185009.4008844
82;9.999999747378752e-05;52480;1651185012.1251183
83;9.999999747378752e-05;53120;1651185013.3043
84;9.999999747378752e-05;53760;1651185016.083879
85;9.999999747378752e-05;54400;1651185017.261799
86;9.999999747378752e-05;55040;1651185018.4449093
87;9.999999747378752e-05;55680;1651185019.6223412
88;9.999999747378752e-05;56320;1651185020.8007638
89;9.999999747378752e-05;56960;1651185021.9804926
90;9.999999747378752e-05;57600;1651185023.16003
91;9.999999747378752e-05;58240;1651185024.3377466
92;9.999999747378752e-05;58880;1651185025.5227182
93;9.999999747378752e-05;59520;1651185026.64735
94;9.999999747378752e-05;60160;1651185027.741947
95;9.999999747378752e-05;60800;1651185028.8412998
96;9.999999747378752e-05;61440;1651185029.947086
97;9.999999747378752e-05;62080;1651185032.71131
98;9.999999747378752e-05;62720;1651185033.8900256
99;9.999999747378752e-05;63360;1651185035.0688648
100;9.999999747378752e-05;64000;1651185078.391708
101;9.999999747378752e-05;64640;1651185079.5763144
102;9.999999747378752e-05;65280;1651185080.7567396
103;9.999999747378752e-05;65920;1651185081.907895
104;9.999999747378752e-05;66560;1651185084.617172
105;9.999999747378752e-05;67200;1651185085.782397
106;9.999999747378752e-05;67840;1651185086.957974
107;9.999999747378752e-05;68480;1651185088.1361558
108;9.999999747378752e-05;69120;1651185089.2809298
109;9.999999747378752e-05;69760;1651185090.4570816
110;9.999999747378752e-05;70400;1651185091.5946894
111;9.999999747378752e-05;71040;1651185092.7749717
112;9.999999747378752e-05;71680;1651185095.5372791
113;9.999999747378752e-05;72320;1651185096.7152562
114;9.999999747378752e-05;72960;1651185097.8966515
115;9.999999747378752e-05;73600;1651185099.0695505
116;9.999999747378752e-05;74240;1651185100.2471943
117;9.999999747378752e-05;74880;1651185101.417839
118;9.999999747378752e-05;75520;1651185103.5975158
119;9.999999747378752e-05;76160;1651185105.338647
120;9.999999747378752e-05;76800;1651185106.5054572
121;9.999999747378752e-05;77440;1651185107.650356
122;9.999999747378752e-05;78080;1651185108.8223994
123;9.999999747378752e-05;78720;1651185109.998376
124;9.999999747378752e-05;79360;1651185111.1422586
125;9.999999747378752e-05;80000;1651185112.3157947
126;9.999999747378752e-05;80640;1651185115.0704532
127;9.999999747378752e-05;81280;1651185116.2534926
128;9.999999747378752e-05;81920;1651185117.4444475
129;9.999999747378752e-05;82560;1651185118.6224482
130;9.999999747378752e-05;83200;1651185119.8049378
131;9.999999747378752e-05;83840;1651185120.9765584
132;9.999999747378752e-05;84480;1651185122.150571
133;9.999999747378752e-05;85120;1651185124.9241524
134;9.999999747378752e-05;85760;1651185126.098311
135;9.999999747378752e-05;86400;1651185127.2452216
136;9.999999747378752e-05;87040;1651185128.4164953
137;9.999999747378752e-05;87680;1651185129.5954216
138;9.999999747378752e-05;88320;1651185130.7713895
139;9.999999747378752e-05;88960;1651185131.949257
140;9.999999747378752e-05;89600;1651185134.6992736
141;9.999999747378752e-05;90240;1651185135.8772416
142;9.999999747378752e-05;90880;1651185137.051305
143;9.999999747378752e-05;91520;1651185138.2200348
144;9.999999747378752e-05;92160;1651185139.4007866
145;9.999999747378752e-05;92800;1651185140.5752978
146;9.999999747378752e-05;93440;1651185141.7468715
147;9.999999747378752e-05;94080;1651185144.5219944
148;9.999999747378752e-05;94720;1651185145.6963637
149;9.999999747378752e-05;95360;1651185146.8737736
150;9.999999747378752e-05;96000;1651185148.0001462
151;9.999999747378752e-05;96640;1651185149.18396
152;9.999999747378752e-05;97280;1651185150.3181632
153;9.999999747378752e-05;97920;1651185151.473952
154;9.999999747378752e-05;98560;1651185152.5957365
155;9.999999747378752e-05;99200;1651185155.362592
156;9.999999747378752e-05;99840;1651185156.5318358
157;9.999999747378752e-05;100480;1651185157.705298
158;9.999999747378752e-05;101120;1651185158.8816867
159;9.999999747378752e-05;101760;1651185160.0557177
160;9.999999747378752e-05;102400;1651185161.2328014
161;9.999999747378752e-05;103040;1651185164.0118003
162;9.999999747378752e-05;103680;1651185165.1563945
163;9.999999747378752e-05;104320;1651185166.3081965
164;9.999999747378752e-05;104960;1651185167.4524686
165;9.999999747378752e-05;105600;1651185168.5875325
166;9.999999747378752e-05;106240;1651185169.7098227
167;9.999999747378752e-05;106880;1651185170.8747337
168;9.999999747378752e-05;107520;1651185171.9996505
169;9.999999747378752e-05;108160;1651185174.7698994
170;9.999999747378752e-05;108800;1651185175.9498363
171;9.999999747378752e-05;109440;1651185177.131782
172;9.999999747378752e-05;110080;1651185178.3108225
173;9.999999747378752e-05;110720;1651185179.480011
174;9.999999747378752e-05;111360;1651185180.6216376
175;9.999999747378752e-05;112000;1651185181.7536201
176;9.999999747378752e-05;112640;1651185184.5104241
177;9.999999747378752e-05;113280;1651185185.6918128
178;9.999999747378752e-05;113920;1651185186.8641324
179;9.999999747378752e-05;114560;1651185188.0392752
180;9.999999747378752e-05;115200;1651185189.2138128
181;9.999999747378752e-05;115840;1651185190.391801
182;9.999999747378752e-05;116480;1651185191.5642998
183;9.999999747378752e-05;117120;1651185193.5548987
184;9.999999747378752e-05;117760;1651185195.4793904
185;9.999999747378752e-05;118400;1651185196.657092
186;9.999999747378752e-05;119040;1651185197.8374052
187;9.999999747378752e-05;119680;1651185198.9536545
188;9.999999747378752e-05;120320;1651185200.1346517
189;9.999999747378752e-05;120960;1651185201.2769172
190;9.999999747378752e-05;121600;1651185204.0572088
191;9.999999747378752e-05;122240;1651185205.2323732
192;9.999999747378752e-05;122880;1651185206.403741
193;9.999999747378752e-05;123520;1651185207.5762036
194;9.999999747378752e-05;124160;1651185208.7479005
195;9.999999747378752e-05;124800;1651185209.915091
196;9.999999747378752e-05;125440;1651185211.0706832
197;9.999999747378752e-05;126080;1651185212.2353578
198;9.999999747378752e-05;126720;1651185214.9518418
199;9.999999747378752e-05;127360;1651185216.088743
200;9.999999747378752e-05;128000;1651185262.2343318
201;9.999999747378752e-05;128640;1651185263.3593261
202;9.999999747378752e-05;129280;1651185264.5332625
203;9.999999747378752e-05;129920;1651185265.65484
204;9.999999747378752e-05;130560;1651185266.7540057
205;9.999999747378752e-05;131200;1651185268.1225123
206;9.999999747378752e-05;131840;1651185270.647959
207;9.999999747378752e-05;132480;1651185271.824696
208;9.999999747378752e-05;133120;1651185273.0037584
209;9.999999747378752e-05;133760;1651185274.1764038
210;9.999999747378752e-05;134400;1651185275.356324
211;9.999999747378752e-05;135040;1651185276.5289302
212;9.999999747378752e-05;135680;1651185279.3093667
213;9.999999747378752e-05;136320;1651185280.441728
214;9.999999747378752e-05;136960;1651185281.5732026
215;9.999999747378752e-05;137600;1651185282.6898227
216;9.999999747378752e-05;138240;1651185283.8165998
217;9.999999747378752e-05;138880;1651185284.918836
218;9.999999747378752e-05;139520;1651185286.069221
219;9.999999747378752e-05;140160;1651185287.1753964
220;9.999999747378752e-05;140800;1651185289.9269888
221;9.999999747378752e-05;141440;1651185291.102841
222;9.999999747378752e-05;142080;1651185292.2800782
223;9.999999747378752e-05;142720;1651185293.4581542
224;9.999999747378752e-05;143360;1651185294.640019
225;9.999999747378752e-05;144000;1651185295.8213396
226;9.999999747378752e-05;144640;1651185297.0002384
227;9.999999747378752e-05;145280;1651185299.7694898
228;9.999999747378752e-05;145920;1651185300.94892
229;9.999999747378752e-05;146560;1651185302.1218255
230;9.999999747378752e-05;147200;1651185303.2958324
231;9.999999747378752e-05;147840;1651185304.4727552
232;9.999999747378752e-05;148480;1651185305.6424239
233;9.999999747378752e-05;149120;1651185306.76477
234;9.999999747378752e-05;149760;1651185309.5474308
235;9.999999747378752e-05;150400;1651185310.724526
236;9.999999747378752e-05;151040;1651185311.9046874
237;9.999999747378752e-05;151680;1651185313.0829074
238;9.999999747378752e-05;152320;1651185314.2603312
239;9.999999747378752e-05;152960;1651185315.4173028
240;9.999999747378752e-05;153600;1651185316.567388
241;9.999999747378752e-05;154240;1651185319.339742
242;9.999999747378752e-05;154880;1651185320.5106452
243;9.999999747378752e-05;155520;1651185321.685059
244;9.999999747378752e-05;156160;1651185322.8622975
245;9.999999747378752e-05;156800;1651185324.0395987
246;9.999999747378752e-05;157440;1651185325.210284
247;9.999999747378752e-05;158080;1651185326.3781054
248;9.999999747378752e-05;158720;1651185327.6453774
249;9.999999747378752e-05;159360;1651185330.3245335
250;9.999999747378752e-05;160000;1651185331.4608846
251;9.999999747378752e-05;160640;1651185332.6418781
252;9.999999747378752e-05;161280;1651185333.7848358
253;9.999999747378752e-05;161920;1651185334.9636538
254;9.999999747378752e-05;162560;1651185336.1365373
255;9.999999747378752e-05;163200;1651185338.8876064
256;9.999999747378752e-05;163840;1651185340.065331
257;9.999999747378752e-05;164480;1651185341.2403154
258;9.999999747378752e-05;165120;1651185342.4211369
259;9.999999747378752e-05;165760;1651185343.5967486
260;9.999999747378752e-05;166400;1651185344.7830346
261;9.999999747378752e-05;167040;1651185345.961246
262;9.999999747378752e-05;167680;1651185347.135942
263;9.999999747378752e-05;168320;1651185349.9109957
264;9.999999747378752e-05;168960;1651185351.0873404
265;9.999999747378752e-05;169600;1651185352.268318
266;9.999999747378752e-05;170240;1651185353.4444249
267;9.999999747378752e-05;170880;1651185354.6158714
268;9.999999747378752e-05;171520;1651185355.776185
269;9.999999747378752e-05;172160;1651185358.5638115
270;9.999999747378752e-05;172800;1651185359.7473307
271;9.999999747378752e-05;173440;1651185360.9219325
272;9.999999747378752e-05;174080;1651185362.101956
273;9.999999747378752e-05;174720;1651185363.2331567
274;9.999999747378752e-05;175360;1651185364.3381965
275;9.999999747378752e-05;176000;1651185365.47081
276;9.999999747378752e-05;176640;1651185366.5813525
277;9.999999747378752e-05;177280;1651185369.3399737
278;9.999999747378752e-05;177920;1651185370.5178225
279;9.999999747378752e-05;178560;1651185371.692325
280;9.999999747378752e-05;179200;1651185372.8090055
281;9.999999747378752e-05;179840;1651185373.9798903
282;9.999999747378752e-05;180480;1651185375.162839
283;9.999999747378752e-05;181120;1651185376.3419256
284;9.999999747378752e-05;181760;1651185379.1006489
285;9.999999747378752e-05;182400;1651185380.1954367
286;9.999999747378752e-05;183040;1651185381.3371723
287;9.999999747378752e-05;183680;1651185382.4597938
288;9.999999747378752e-05;184320;1651185383.6163962
289;9.999999747378752e-05;184960;1651185384.6997826
290;9.999999747378752e-05;185600;1651185385.8663006
291;9.999999747378752e-05;186240;1651185386.9848409
292;9.999999747378752e-05;186880;1651185389.75671
293;9.999999747378752e-05;187520;1651185390.9337165
294;9.999999747378752e-05;188160;1651185392.1039803
295;9.999999747378752e-05;188800;1651185393.2709394
296;9.999999747378752e-05;189440;1651185394.3792508
297;9.999999747378752e-05;190080;1651185395.5483732
298;9.999999747378752e-05;190720;1651185397.127945
299;9.999999747378752e-05;191360;1651185399.4081366
300;9.999999747378752e-05;192000;1651185445.8144696
301;9.999999747378752e-05;192640;1651185446.9922626
302;9.999999747378752e-05;193280;1651185448.1670327
303;9.999999747378752e-05;193920;1651185449.3480456
304;9.999999747378752e-05;194560;1651185450.5283468
305;9.999999747378752e-05;195200;1651185453.3059263
306;9.999999747378752e-05;195840;1651185454.4829743
307;9.999999747378752e-05;196480;1651185455.6596274
308;9.999999747378752e-05;197120;1651185456.8400285
309;9.999999747378752e-05;197760;1651185458.0188568
310;9.999999747378752e-05;198400;1651185459.1917374
311;9.999999747378752e-05;199040;1651185460.3789299
312;9.999999747378752e-05;199680;1651185461.5670807
313;9.999999747378752e-05;200320;1651185462.9302793
314;9.999999747378752e-05;200960;1651185465.488673
315;9.999999747378752e-05;201600;1651185466.6633651
316;9.999999747378752e-05;202240;1651185467.794543
317;9.999999747378752e-05;202880;1651185468.9045906
318;9.999999747378752e-05;203520;1651185470.0771406
319;9.999999747378752e-05;204160;1651185471.2147043
320;9.999999747378752e-05;204800;1651185473.9953516
321;9.999999747378752e-05;205440;1651185475.170159
322;9.999999747378752e-05;206080;1651185476.3262305
323;9.999999747378752e-05;206720;1651185477.4951491
324;9.999999747378752e-05;207360;1651185478.665748
325;9.999999747378752e-05;208000;1651185479.8428898
326;9.999999747378752e-05;208640;1651185481.0387788
327;9.999999747378752e-05;209280;1651185482.2184474
328;9.999999747378752e-05;209920;1651185484.9875224
329;9.999999747378752e-05;210560;1651185486.1617315
330;9.999999747378752e-05;211200;1651185487.3357975
331;9.999999747378752e-05;211840;1651185488.5122502
332;9.999999747378752e-05;212480;1651185489.6691468
333;9.999999747378752e-05;213120;1651185490.8459759
334;9.999999747378752e-05;213760;1651185493.6254442
335;9.999999747378752e-05;214400;1651185494.8045402
336;9.999999747378752e-05;215040;1651185495.9734051
337;9.999999747378752e-05;215680;1651185497.1421916
338;9.999999747378752e-05;216320;1651185498.321928
339;9.999999747378752e-05;216960;1651185499.4886374
340;9.999999747378752e-05;217600;1651185500.6007
341;9.999999747378752e-05;218240;1651185501.7810793
342;9.999999747378752e-05;218880;1651185504.5518403
343;9.999999747378752e-05;219520;1651185505.7062273
344;9.999999747378752e-05;220160;1651185506.8640645
345;9.999999747378752e-05;220800;1651185508.0426488
346;9.999999747378752e-05;221440;1651185509.1953905
347;9.999999747378752e-05;222080;1651185510.366002
348;9.999999747378752e-05;222720;1651185513.119693
349;9.999999747378752e-05;223360;1651185514.2976937
350;9.999999747378752e-05;224000;1651185515.4650466
351;9.999999747378752e-05;224640;1651185516.6439328
352;9.999999747378752e-05;225280;1651185517.7737253
353;9.999999747378752e-05;225920;1651185518.9189079
354;9.999999747378752e-05;226560;1651185520.0951638
355;9.999999747378752e-05;227200;1651185521.2330937
356;9.999999747378752e-05;227840;1651185522.510113
357;9.999999747378752e-05;228480;1651185525.1617167
358;9.999999747378752e-05;229120;1651185526.3423226
359;9.999999747378752e-05;229760;1651185527.5058992
360;9.999999747378752e-05;230400;1651185528.667102
361;9.999999747378752e-05;231040;1651185529.8251092
362;9.999999747378752e-05;231680;1651185531.7580502
363;9.999999747378752e-05;232320;1651185533.7317407
364;9.999999747378752e-05;232960;1651185534.8872313
365;9.999999747378752e-05;233600;1651185535.9907541
366;9.999999747378752e-05;234240;1651185537.1486998
367;9.999999747378752e-05;234880;1651185538.2629488
368;9.999999747378752e-05;235520;1651185539.4211686
369;9.999999747378752e-05;236160;1651185540.539858
370;9.999999747378752e-05;236800;1651185541.6893036
371;9.999999747378752e-05;237440;1651185544.4233959
372;9.999999747378752e-05;238080;1651185545.601851
373;9.999999747378752e-05;238720;1651185546.7820234
374;9.999999747378752e-05;239360;1651185547.9680269
375;9.999999747378752e-05;240000;1651185549.1395528
376;9.999999747378752e-05;240640;1651185550.2958148
377;9.999999747378752e-05;241280;1651185553.0746887
378;9.999999747378752e-05;241920;1651185554.1988385
379;9.999999747378752e-05;242560;1651185555.353733
380;9.999999747378752e-05;243200;1651185556.4813728
381;9.999999747378752e-05;243840;1651185557.6468089
382;9.999999747378752e-05;244480;1651185558.8258898
383;9.999999747378752e-05;245120;1651185560.003472
384;9.999999747378752e-05;245760;1651185561.18492
385;9.999999747378752e-05;246400;1651185563.141368
386;9.999999747378752e-05;247040;1651185565.1164565
387;9.999999747378752e-05;247680;1651185566.280582
388;9.999999747378752e-05;248320;1651185567.4364958
389;9.999999747378752e-05;248960;1651185568.6146946
390;9.999999747378752e-05;249600;1651185569.7644327
391;9.999999747378752e-05;250240;1651185572.295151
392;9.999999747378752e-05;250880;1651185573.6804323
393;9.999999747378752e-05;251520;1651185574.863008
394;9.999999747378752e-05;252160;1651185576.0383744
395;9.999999747378752e-05;252800;1651185577.2131846
396;9.999999747378752e-05;253440;1651185578.391524
397;9.999999747378752e-05;254080;1651185579.5511456
398;9.999999747378752e-05;254720;1651185580.7263606
399;9.999999747378752e-05;255360;1651185581.904699
400;9.999999747378752e-05;256000;1651185629.8592744
401;9.999999747378752e-05;256640;1651185631.0311706
402;9.999999747378752e-05;257280;1651185632.2141826
403;9.999999747378752e-05;257920;1651185633.3869545
404;9.999999747378752e-05;258560;1651185634.5657055
405;9.999999747378752e-05;259200;1651185635.745602
406;9.999999747378752e-05;259840;1651185636.9089034
407;9.999999747378752e-05;260480;1651185639.692859
408;9.999999747378752e-05;261120;1651185640.8758364
409;9.999999747378752e-05;261760;1651185642.0502098
410;9.999999747378752e-05;262400;1651185643.2314222
411;9.999999747378752e-05;263040;1651185644.4080021
412;9.999999747378752e-05;263680;1651185645.5802503
413;9.999999747378752e-05;264320;1651185648.3462744
414;9.999999747378752e-05;264960;1651185649.5069458
415;9.999999747378752e-05;265600;1651185650.6810925
416;9.999999747378752e-05;266240;1651185651.855989
417;9.999999747378752e-05;266880;1651185653.028363
418;9.999999747378752e-05;267520;1651185654.2116401
419;9.999999747378752e-05;268160;1651185655.390129
420;9.999999747378752e-05;268800;1651185656.5668206
421;9.999999747378752e-05;269440;1651185659.3497536
422;9.999999747378752e-05;270080;1651185660.5022728
423;9.999999747378752e-05;270720;1651185661.6599233
424;9.999999747378752e-05;271360;1651185662.791615
425;9.999999747378752e-05;272000;1651185663.9766347
426;9.999999747378752e-05;272640;1651185665.1511996
427;9.999999747378752e-05;273280;1651185667.9240456
428;9.999999747378752e-05;273920;1651185669.107696
429;9.999999747378752e-05;274560;1651185670.284013
430;9.999999747378752e-05;275200;1651185671.4428723
431;9.999999747378752e-05;275840;1651185672.5844598
432;9.999999747378752e-05;276480;1651185673.7630475
433;9.999999747378752e-05;277120;1651185674.8738217
434;9.999999747378752e-05;277760;1651185676.0517304
435;9.999999747378752e-05;278400;1651185678.795091
436;9.999999747378752e-05;279040;1651185679.9732676
437;9.999999747378752e-05;279680;1651185681.1462753
438;9.999999747378752e-05;280320;1651185682.3222494
439;9.999999747378752e-05;280960;1651185683.4670353
440;9.999999747378752e-05;281600;1651185684.6232193
441;9.999999747378752e-05;282240;1651185685.7532442
442;9.999999747378752e-05;282880;1651185688.485245
443;9.999999747378752e-05;283520;1651185689.6181738
444;9.999999747378752e-05;284160;1651185690.781485
445;9.999999747378752e-05;284800;1651185691.9609149
446;9.999999747378752e-05;285440;1651185693.0947495
447;9.999999747378752e-05;286080;1651185694.2688022
448;9.999999747378752e-05;286720;1651185695.4426186
449;9.999999747378752e-05;287360;1651185696.6174512
450;9.999999747378752e-05;288000;1651185699.3475955
451;9.999999747378752e-05;288640;1651185700.4893897
452;9.999999747378752e-05;289280;1651185701.615859
453;9.999999747378752e-05;289920;1651185702.7899153
454;9.999999747378752e-05;290560;1651185703.8995655
455;9.999999747378752e-05;291200;1651185705.0733519
456;9.999999747378752e-05;291840;1651185707.8476763
457;9.999999747378752e-05;292480;1651185708.9856732
458;9.999999747378752e-05;293120;1651185710.1563234
459;9.999999747378752e-05;293760;1651185711.3312206
460;9.999999747378752e-05;294400;1651185712.462457
461;9.999999747378752e-05;295040;1651185713.600208
462;9.999999747378752e-05;295680;1651185714.7711122
463;9.999999747378752e-05;296320;1651185715.9150193
464;9.999999747378752e-05;296960;1651185718.6886694
465;9.999999747378752e-05;297600;1651185719.8616571
466;9.999999747378752e-05;298240;1651185721.0360563
467;9.999999747378752e-05;298880;1651185722.2109432
468;9.999999747378752e-05;299520;1651185723.3886778
469;9.999999747378752e-05;300160;1651185724.5677397
470;9.999999747378752e-05;300800;1651185725.8010883
471;9.999999747378752e-05;301440;1651185728.4164655
472;9.999999747378752e-05;302080;1651185729.5960991
473;9.999999747378752e-05;302720;1651185730.7323523
474;9.999999747378752e-05;303360;1651185731.8990097
475;9.999999747378752e-05;304000;1651185733.059826
476;9.999999747378752e-05;304640;1651185734.2346954
477;9.999999747378752e-05;305280;1651185735.378227
478;9.999999747378752e-05;305920;1651185736.6133547
479;9.999999747378752e-05;306560;1651185739.2948718
480;9.999999747378752e-05;307200;1651185740.4721768
481;9.999999747378752e-05;307840;1651185741.6507885
482;9.999999747378752e-05;308480;1651185742.8368952
483;9.999999747378752e-05;309120;1651185744.0151436
484;9.999999747378752e-05;309760;1651185745.1943774
485;9.999999747378752e-05;310400;1651185747.9734983
486;9.999999747378752e-05;311040;1651185749.1249027
487;9.999999747378752e-05;311680;1651185750.3086555
488;9.999999747378752e-05;312320;1651185751.480518
489;9.999999747378752e-05;312960;1651185752.6467721
490;9.999999747378752e-05;313600;1651185753.8203595
491;9.999999747378752e-05;314240;1651185754.9996529
492;9.999999747378752e-05;314880;1651185756.172832
493;9.999999747378752e-05;315520;1651185758.948351
494;9.999999747378752e-05;316160;1651185760.08884
495;9.999999747378752e-05;316800;1651185761.2344427
496;9.999999747378752e-05;317440;1651185762.4085066
497;9.999999747378752e-05;318080;1651185763.5835855
498;9.999999747378752e-05;318720;1651185764.7609825
499;9.999999747378752e-05;319360;1651185767.53938
500;9.999999747378752e-05;320000;1651185813.7668207
501;9.999999747378752e-05;320640;1651185814.9430907
502;9.999999747378752e-05;321280;1651185816.07348
503;9.999999747378752e-05;321920;1651185817.2432563
504;9.999999747378752e-05;322560;1651185818.399841
505;9.999999747378752e-05;323200;1651185819.5486188
506;9.999999747378752e-05;323840;1651185820.729498
507;9.999999747378752e-05;324480;1651185823.502626
508;9.999999747378752e-05;325120;1651185824.6798892
509;9.999999747378752e-05;325760;1651185825.841303
510;9.999999747378752e-05;326400;1651185827.0211396
511;9.999999747378752e-05;327040;1651185828.196758
512;9.999999747378752e-05;327680;1651185829.37006
513;9.999999747378752e-05;328320;1651185830.5417874
514;9.999999747378752e-05;328960;1651185833.3221312
515;9.999999747378752e-05;329600;1651185834.5048554
516;9.999999747378752e-05;330240;1651185835.6755013
517;9.999999747378752e-05;330880;1651185836.8545449
518;9.999999747378752e-05;331520;1651185838.0393286
519;9.999999747378752e-05;332160;1651185839.21739
520;9.999999747378752e-05;332800;1651185840.3889859
521;9.999999747378752e-05;333440;1651185843.1633189
522;9.999999747378752e-05;334080;1651185844.2579515
523;9.999999747378752e-05;334720;1651185845.4003167
524;9.999999747378752e-05;335360;1651185846.523144
525;9.999999747378752e-05;336000;1651185847.6856441
526;9.999999747378752e-05;336640;1651185848.8054678
527;9.999999747378752e-05;337280;1651185849.966224
528;9.999999747378752e-05;337920;1651185851.1384413
529;9.999999747378752e-05;338560;1651185853.9178402
530;9.999999747378752e-05;339200;1651185855.09362
531;9.999999747378752e-05;339840;1651185856.2702134
532;9.999999747378752e-05;340480;1651185857.441324
533;9.999999747378752e-05;341120;1651185858.6216063
534;9.999999747378752e-05;341760;1651185859.7880688
535;9.999999747378752e-05;342400;1651185862.5637903
536;9.999999747378752e-05;343040;1651185863.7411034
537;9.999999747378752e-05;343680;1651185864.8955688
538;9.999999747378752e-05;344320;1651185866.0178292
539;9.999999747378752e-05;344960;1651185867.1603281
540;9.999999747378752e-05;345600;1651185868.243075
541;9.999999747378752e-05;346240;1651185869.3676052
542;9.999999747378752e-05;346880;1651185870.484965
543;9.999999747378752e-05;347520;1651185873.252132
544;9.999999747378752e-05;348160;1651185874.431319
545;9.999999747378752e-05;348800;1651185875.5868251
546;9.999999747378752e-05;349440;1651185876.7465816
547;9.999999747378752e-05;350080;1651185877.9103594
548;9.999999747378752e-05;350720;1651185879.0511222
549;9.999999747378752e-05;351360;1651185880.210939
550;9.999999747378752e-05;352000;1651185882.9848256
551;9.999999747378752e-05;352640;1651185884.1631427
552;9.999999747378752e-05;353280;1651185885.33528
553;9.999999747378752e-05;353920;1651185886.5077374
554;9.999999747378752e-05;354560;1651185887.6837022
555;9.999999747378752e-05;355200;1651185888.858623
556;9.999999747378752e-05;355840;1651185890.0382814
557;9.999999747378752e-05;356480;1651185891.583343
558;9.999999747378752e-05;357120;1651185893.9648795
559;9.999999747378752e-05;357760;1651185895.111072
560;9.999999747378752e-05;358400;1651185896.2872238
561;9.999999747378752e-05;359040;1651185897.4585981
562;9.999999747378752e-05;359680;1651185898.6266227
563;9.999999747378752e-05;360320;1651185899.8067074
564;9.999999747378752e-05;360960;1651185902.5732183
565;9.999999747378752e-05;361600;1651185903.7521389
566;9.999999747378752e-05;362240;1651185904.9225528
567;9.999999747378752e-05;362880;1651185906.1009016
568;9.999999747378752e-05;363520;1651185907.27059
569;9.999999747378752e-05;364160;1651185908.439828
570;9.999999747378752e-05;364800;1651185909.609653
571;9.999999747378752e-05;365440;1651185910.7930055
572;9.999999747378752e-05;366080;1651185913.5533106
573;9.999999747378752e-05;366720;1651185914.6960034
574;9.999999747378752e-05;367360;1651185915.8442476
575;9.999999747378752e-05;368000;1651185916.9971282
576;9.999999747378752e-05;368640;1651185918.0922503
577;9.999999747378752e-05;369280;1651185919.2625144
578;9.999999747378752e-05;369920;1651185921.0550222
579;9.999999747378752e-05;370560;1651185923.195315
580;9.999999747378752e-05;371200;1651185924.3729565
581;9.999999747378752e-05;371840;1651185925.5504243
582;9.999999747378752e-05;372480;1651185926.7070117
583;9.999999747378752e-05;373120;1651185927.87041
584;9.999999747378752e-05;373760;1651185929.0155525
585;9.999999747378752e-05;374400;1651185930.1967185
586;9.999999747378752e-05;375040;1651185932.9595385
587;9.999999747378752e-05;375680;1651185934.1387978
588;9.999999747378752e-05;376320;1651185935.313667
589;9.999999747378752e-05;376960;1651185936.4932027
590;9.999999747378752e-05;377600;1651185937.6559155
591;9.999999747378752e-05;378240;1651185938.7835772
592;9.999999747378752e-05;378880;1651185939.9332592
593;9.999999747378752e-05;379520;1651185942.689376
594;9.999999747378752e-05;380160;1651185943.8652616
595;9.999999747378752e-05;380800;1651185945.007289
596;9.999999747378752e-05;381440;1651185946.183939
597;9.999999747378752e-05;382080;1651185947.3302271
598;9.999999747378752e-05;382720;1651185948.5035937
599;9.999999747378752e-05;383360;1651185949.6505787
600;9.999999747378752e-05;384000;1651185997.5301769
601;9.999999747378752e-05;384640;1651185998.7057753
602;9.999999747378752e-05;385280;1651185999.8877246
603;9.999999747378752e-05;385920;1651186001.0757089
604;9.999999747378752e-05;386560;1651186002.2578065
605;9.999999747378752e-05;387200;1651186003.4359837
606;9.999999747378752e-05;387840;1651186004.622647
607;9.999999747378752e-05;388480;1651186005.7978787
608;9.999999747378752e-05;389120;1651186008.5681396
609;9.999999747378752e-05;389760;1651186009.705735
610;9.999999747378752e-05;390400;1651186010.8381126
611;9.999999747378752e-05;391040;1651186011.954329
612;9.999999747378752e-05;391680;1651186013.094264
613;9.999999747378752e-05;392320;1651186014.223625
614;9.999999747378752e-05;392960;1651186016.9274328
615;9.999999747378752e-05;393600;1651186018.1220503
616;9.999999747378752e-05;394240;1651186019.2994175
617;9.999999747378752e-05;394880;1651186020.4711394
618;9.999999747378752e-05;395520;1651186021.6452305
619;9.999999747378752e-05;396160;1651186022.8028715
620;9.999999747378752e-05;396800;1651186023.9559252
621;9.999999747378752e-05;397440;1651186025.1104755
622;9.999999747378752e-05;398080;1651186026.2393222
623;9.999999747378752e-05;398720;1651186029.0067382
624;9.999999747378752e-05;399360;1651186030.1800778
625;9.999999747378752e-05;400000;1651186031.3574572
626;9.999999747378752e-05;400640;1651186032.5375316
627;9.999999747378752e-05;401280;1651186033.7002873
628;9.999999747378752e-05;401920;1651186034.867278
629;9.999999747378752e-05;402560;1651186037.6491666
630;9.999999747378752e-05;403200;1651186038.8268833
631;9.999999747378752e-05;403840;1651186039.9984343
632;9.999999747378752e-05;404480;1651186041.174095
633;9.999999747378752e-05;405120;1651186042.346397
634;9.999999747378752e-05;405760;1651186043.5261953
635;9.999999747378752e-05;406400;1651186044.703916
636;9.999999747378752e-05;407040;1651186045.886695
637;9.999999747378752e-05;407680;1651186048.6481936
638;9.999999747378752e-05;408320;1651186049.8295865
639;9.999999747378752e-05;408960;1651186050.9945998
640;9.999999747378752e-05;409600;1651186052.1734407
641;9.999999747378752e-05;410240;1651186053.317606
642;9.999999747378752e-05;410880;1651186054.4939296
643;9.999999747378752e-05;411520;1651186057.2524796
644;9.999999747378752e-05;412160;1651186058.3857872
645;9.999999747378752e-05;412800;1651186059.5353205
646;9.999999747378752e-05;413440;1651186060.6708488
647;9.999999747378752e-05;414080;1651186061.8071933
648;9.999999747378752e-05;414720;1651186062.962688
649;9.999999747378752e-05;415360;1651186064.0751576
650;9.999999747378752e-05;416000;1651186065.2519355
651;9.999999747378752e-05;416640;1651186067.8499825
652;9.999999747378752e-05;417280;1651186069.1456664
653;9.999999747378752e-05;417920;1651186070.3219328
654;9.999999747378752e-05;418560;1651186071.4992864
655;9.999999747378752e-05;419200;1651186072.6766627
656;9.999999747378752e-05;419840;1651186073.8548257
657;9.999999747378752e-05;420480;1651186076.5774791
658;9.999999747378752e-05;421120;1651186077.7912095
659;9.999999747378752e-05;421760;1651186078.9284594
660;9.999999747378752e-05;422400;1651186080.1008077
661;9.999999747378752e-05;423040;1651186081.2507782
662;9.999999747378752e-05;423680;1651186082.422854
663;9.999999747378752e-05;424320;1651186083.5827634
664;9.999999747378752e-05;424960;1651186084.7226422
665;9.999999747378752e-05;425600;1651186085.887294
666;9.999999747378752e-05;426240;1651186088.6603892
667;9.999999747378752e-05;426880;1651186089.8362608
668;9.999999747378752e-05;427520;1651186091.0048773
669;9.999999747378752e-05;428160;1651186092.1798458
670;9.999999747378752e-05;428800;1651186093.355841
671;9.999999747378752e-05;429440;1651186094.5329802
672;9.999999747378752e-05;430080;1651186097.3084073
673;9.999999747378752e-05;430720;1651186098.48961
674;9.999999747378752e-05;431360;1651186099.6667655
675;9.999999747378752e-05;432000;1651186100.8365667
676;9.999999747378752e-05;432640;1651186102.0108845
677;9.999999747378752e-05;433280;1651186103.1877506
678;9.999999747378752e-05;433920;1651186104.3700373
679;9.999999747378752e-05;434560;1651186105.5466547
680;9.999999747378752e-05;435200;1651186108.3285851
681;9.999999747378752e-05;435840;1651186109.4457004
682;9.999999747378752e-05;436480;1651186110.6074057
683;9.999999747378752e-05;437120;1651186111.73496
684;9.999999747378752e-05;437760;1651186112.884698
685;9.999999747378752e-05;438400;1651186113.985088
686;9.999999747378752e-05;439040;1651186116.7675009
687;9.999999747378752e-05;439680;1651186117.9449165
688;9.999999747378752e-05;440320;1651186119.1210186
689;9.999999747378752e-05;440960;1651186120.2933269
690;9.999999747378752e-05;441600;1651186121.4665627
691;9.999999747378752e-05;442240;1651186122.639919
692;9.999999747378752e-05;442880;1651186123.8188488
693;9.999999747378752e-05;443520;1651186124.953239
694;9.999999747378752e-05;444160;1651186127.7372806
695;9.999999747378752e-05;444800;1651186128.913955
696;9.999999747378752e-05;445440;1651186130.0481737
697;9.999999747378752e-05;446080;1651186131.172049
698;9.999999747378752e-05;446720;1651186132.3010721
699;9.999999747378752e-05;447360;1651186133.4766686
700;9.999999747378752e-05;448000;1651186179.6419704
701;9.999999747378752e-05;448640;1651186180.7957156
702;9.999999747378752e-05;449280;1651186183.573142
703;9.999999747378752e-05;449920;1651186184.7548392
704;9.999999747378752e-05;450560;1651186185.9237201
705;9.999999747378752e-05;451200;1651186187.105825
706;9.999999747378752e-05;451840;1651186188.2824082
707;9.999999747378752e-05;452480;1651186189.4622076
708;9.999999747378752e-05;453120;1651186192.2395859
709;9.999999747378752e-05;453760;1651186193.4154227
710;9.999999747378752e-05;454400;1651186194.593655
711;9.999999747378752e-05;455040;1651186195.7570894
712;9.999999747378752e-05;455680;1651186196.9366999
713;9.999999747378752e-05;456320;1651186198.1039584
714;9.999999747378752e-05;456960;1651186199.2695518
715;9.999999747378752e-05;457600;1651186200.3929803
716;9.999999747378752e-05;458240;1651186203.1632376
717;9.999999747378752e-05;458880;1651186204.3446999
718;9.999999747378752e-05;459520;1651186205.5170906
719;9.999999747378752e-05;460160;1651186206.6904478
720;9.999999747378752e-05;460800;1651186207.860832
721;9.999999747378752e-05;461440;1651186209.0377467
722;9.999999747378752e-05;462080;1651186211.811956
723;9.999999747378752e-05;462720;1651186212.9589016
724;9.999999747378752e-05;463360;1651186214.1296394
725;9.999999747378752e-05;464000;1651186215.2984254
726;9.999999747378752e-05;464640;1651186216.4479473
727;9.999999747378752e-05;465280;1651186217.6218133
728;9.999999747378752e-05;465920;1651186218.7799118
729;9.999999747378752e-05;466560;1651186219.8857284
730;9.999999747378752e-05;467200;1651186222.662227
731;9.999999747378752e-05;467840;1651186223.8426688
732;9.999999747378752e-05;468480;1651186225.021697
733;9.999999747378752e-05;469120;1651186226.1975214
734;9.999999747378752e-05;469760;1651186227.3775845
735;9.999999747378752e-05;470400;1651186228.5551028
736;9.999999747378752e-05;471040;1651186229.821684
737;9.999999747378752e-05;471680;1651186232.497749
738;9.999999747378752e-05;472320;1651186233.5975404
739;9.999999747378752e-05;472960;1651186234.7602644
740;9.999999747378752e-05;473600;1651186235.8677118
741;9.999999747378752e-05;474240;1651186237.017799
742;9.999999747378752e-05;474880;1651186238.1585557
743;9.999999747378752e-05;475520;1651186239.3052764
744;9.999999747378752e-05;476160;1651186240.4415514
745;9.999999747378752e-05;476800;1651186243.2216852
746;9.999999747378752e-05;477440;1651186244.400336
747;9.999999747378752e-05;478080;1651186245.574018
748;9.999999747378752e-05;478720;1651186246.7541735
749;9.999999747378752e-05;479360;1651186247.9247124
750;9.999999747378752e-05;480000;1651186249.098187
751;9.999999747378752e-05;480640;1651186251.8669162
752;9.999999747378752e-05;481280;1651186253.0288508
753;9.999999747378752e-05;481920;1651186254.1691682
754;9.999999747378752e-05;482560;1651186255.3472662
755;9.999999747378752e-05;483200;1651186256.5225303
756;9.999999747378752e-05;483840;1651186257.6958811
757;9.999999747378752e-05;484480;1651186258.8701673
758;9.999999747378752e-05;485120;1651186260.04581
759;9.999999747378752e-05;485760;1651186262.8142946
760;9.999999747378752e-05;486400;1651186263.987821
761;9.999999747378752e-05;487040;1651186265.1360962
762;9.999999747378752e-05;487680;1651186266.2879217
763;9.999999747378752e-05;488320;1651186267.4620688
764;9.999999747378752e-05;488960;1651186268.639934
765;9.999999747378752e-05;489600;1651186271.416692
766;9.999999747378752e-05;490240;1651186272.572866
767;9.999999747378752e-05;490880;1651186273.7164698
768;9.999999747378752e-05;491520;1651186274.892155
769;9.999999747378752e-05;492160;1651186276.0660317
770;9.999999747378752e-05;492800;1651186277.250836
771;9.999999747378752e-05;493440;1651186278.4670172
772;9.999999747378752e-05;494080;1651186279.6620142
773;9.999999747378752e-05;494720;1651186282.455516
774;9.999999747378752e-05;495360;1651186283.6496062
775;9.999999747378752e-05;496000;1651186284.8202918
776;9.999999747378752e-05;496640;1651186285.9790626
777;9.999999747378752e-05;497280;1651186287.363462
778;9.999999747378752e-05;497920;1651186288.8673115
779;9.999999747378752e-05;498560;1651186290.370676
780;9.999999747378752e-05;499200;1651186293.4803615
781;9.999999747378752e-05;499840;1651186294.9820907
782;9.999999747378752e-05;500480;1651186296.3323057
783;9.999999747378752e-05;501120;1651186297.5087132
784;9.999999747378752e-05;501760;1651186298.6507714
785;9.999999747378752e-05;502400;1651186299.8071127
786;9.999999747378752e-05;503040;1651186300.9431753
787;9.999999747378752e-05;503680;1651186302.09718
788;9.999999747378752e-05;504320;1651186304.8658178
789;9.999999747378752e-05;504960;1651186306.0237617
790;9.999999747378752e-05;505600;1651186307.1649053
791;9.999999747378752e-05;506240;1651186308.343628
792;9.999999747378752e-05;506880;1651186309.5150533
793;9.999999747378752e-05;507520;1651186310.617493
794;9.999999747378752e-05;508160;1651186313.3900857
795;9.999999747378752e-05;508800;1651186314.5649698
796;9.999999747378752e-05;509440;1651186315.7318258
797;9.999999747378752e-05;510080;1651186316.8745744
798;9.999999747378752e-05;510720;1651186318.015881
799;9.999999747378752e-05;511360;1651186319.1399212
800;9.999999747378752e-05;512000;1651186365.0261493
801;9.999999747378752e-05;512640;1651186366.2015133
802;9.999999747378752e-05;513280;1651186368.9697824
803;9.999999747378752e-05;513920;1651186370.141477
804;9.999999747378752e-05;514560;1651186371.3185105
805;9.999999747378752e-05;515200;1651186372.493945
806;9.999999747378752e-05;515840;1651186373.670498
807;9.999999747378752e-05;516480;1651186374.8484936
808;9.999999747378752e-05;517120;1651186376.0270364
809;9.999999747378752e-05;517760;1651186377.1923053
810;9.999999747378752e-05;518400;1651186379.9532075
811;9.999999747378752e-05;519040;1651186381.1326482
812;9.999999747378752e-05;519680;1651186382.316698
813;9.999999747378752e-05;520320;1651186383.490613
814;9.999999747378752e-05;520960;1651186384.6688776
815;9.999999747378752e-05;521600;1651186385.8468523
816;9.999999747378752e-05;522240;1651186388.6199243
817;9.999999747378752e-05;522880;1651186389.7987342
818;9.999999747378752e-05;523520;1651186390.9498734
819;9.999999747378752e-05;524160;1651186392.0579832
820;9.999999747378752e-05;524800;1651186393.2215116
821;9.999999747378752e-05;525440;1651186394.366433
822;9.999999747378752e-05;526080;1651186395.4769316
823;9.999999747378752e-05;526720;1651186396.638068
824;9.999999747378752e-05;527360;1651186397.7612154
825;9.999999747378752e-05;528000;1651186400.5310068
826;9.999999747378752e-05;528640;1651186401.7073903
827;9.999999747378752e-05;529280;1651186402.885431
828;9.999999747378752e-05;529920;1651186404.0660424
829;9.999999747378752e-05;530560;1651186405.2376153
830;9.999999747378752e-05;531200;1651186407.5061886
831;9.999999747378752e-05;531840;1651186409.1691031
832;9.999999747378752e-05;532480;1651186410.3455346
833;9.999999747378752e-05;533120;1651186411.5217752
834;9.999999747378752e-05;533760;1651186412.6975825
835;9.999999747378752e-05;534400;1651186413.8741648
836;9.999999747378752e-05;535040;1651186415.048481
837;9.999999747378752e-05;535680;1651186416.1863265
838;9.999999747378752e-05;536320;1651186417.350256
839;9.999999747378752e-05;536960;1651186420.1245685
840;9.999999747378752e-05;537600;1651186421.3089492
841;9.999999747378752e-05;538240;1651186422.477967
842;9.999999747378752e-05;538880;1651186423.6540315
843;9.999999747378752e-05;539520;1651186424.8261938
844;9.999999747378752e-05;540160;1651186426.0045881
845;9.999999747378752e-05;540800;1651186428.7869139
846;9.999999747378752e-05;541440;1651186429.9646828
847;9.999999747378752e-05;542080;1651186431.1382434
848;9.999999747378752e-05;542720;1651186432.3094776
849;9.999999747378752e-05;543360;1651186433.4900162
850;9.999999747378752e-05;544000;1651186434.6499577
851;9.999999747378752e-05;544640;1651186435.7478487
852;9.999999747378752e-05;545280;1651186436.9299042
853;9.999999747378752e-05;545920;1651186439.7043781
854;9.999999747378752e-05;546560;1651186440.8785493
855;9.999999747378752e-05;547200;1651186442.0553675
856;9.999999747378752e-05;547840;1651186443.2209682
857;9.999999747378752e-05;548480;1651186444.387908
858;9.999999747378752e-05;549120;1651186445.562101
859;9.999999747378752e-05;549760;1651186448.31505
860;9.999999747378752e-05;550400;1651186449.4245002
861;9.999999747378752e-05;551040;1651186450.5672772
862;9.999999747378752e-05;551680;1651186451.6901689
863;9.999999747378752e-05;552320;1651186452.8345816
864;9.999999747378752e-05;552960;1651186453.9687786
865;9.999999747378752e-05;553600;1651186455.0822685
866;9.999999747378752e-05;554240;1651186456.246318
867;9.999999747378752e-05;554880;1651186457.371357
868;9.999999747378752e-05;555520;1651186460.1216855
869;9.999999747378752e-05;556160;1651186461.2978873
870;9.999999747378752e-05;556800;1651186462.4638028
871;9.999999747378752e-05;557440;1651186463.637325
872;9.999999747378752e-05;558080;1651186464.8059645
873;9.999999747378752e-05;558720;1651186466.7427316
874;9.999999747378752e-05;559360;1651186468.665688
875;9.999999747378752e-05;560000;1651186469.8055127
876;9.999999747378752e-05;560640;1651186470.937514
877;9.999999747378752e-05;561280;1651186472.064734
878;9.999999747378752e-05;561920;1651186473.1663222
879;9.999999747378752e-05;562560;1651186474.3242226
880;9.999999747378752e-05;563200;1651186475.4311526
881;9.999999747378752e-05;563840;1651186476.5698133
882;9.999999747378752e-05;564480;1651186477.6814854
883;9.999999747378752e-05;565120;1651186480.4586883
884;9.999999747378752e-05;565760;1651186481.6335223
885;9.999999747378752e-05;566400;1651186482.8078196
886;9.999999747378752e-05;567040;1651186483.9863508
887;9.999999747378752e-05;567680;1651186485.166309
888;9.999999747378752e-05;568320;1651186487.9360895
889;9.999999747378752e-05;568960;1651186489.1113052
890;9.999999747378752e-05;569600;1651186490.2879064
891;9.999999747378752e-05;570240;1651186491.4660943
892;9.999999747378752e-05;570880;1651186492.6413817
893;9.999999747378752e-05;571520;1651186493.815605
894;9.999999747378752e-05;572160;1651186494.9856553
895;9.999999747378752e-05;572800;1651186496.1584167
896;9.999999747378752e-05;573440;1651186497.333888
897;9.999999747378752e-05;574080;1651186500.1127367
898;9.999999747378752e-05;574720;1651186501.2827396
899;9.999999747378752e-05;575360;1651186502.419448
900;9.999999747378752e-05;576000;1651186548.7929037
901;9.999999747378752e-05;576640;1651186549.9711637
902;9.999999747378752e-05;577280;1651186551.0809972
903;9.999999747378752e-05;577920;1651186552.2266886
904;9.999999747378752e-05;578560;1651186554.8502872
905;9.999999747378752e-05;579200;1651186556.1075494
906;9.999999747378752e-05;579840;1651186557.277772
907;9.999999747378752e-05;580480;1651186558.4556136
908;9.999999747378752e-05;581120;1651186559.634403
909;9.999999747378752e-05;581760;1651186560.8242102
910;9.999999747378752e-05;582400;1651186561.935665
911;9.999999747378752e-05;583040;1651186563.0412884
912;9.999999747378752e-05;583680;1651186564.1660116
913;9.999999747378752e-05;584320;1651186565.266517
914;9.999999747378752e-05;584960;1651186566.3900604
915;9.999999747378752e-05;585600;1651186567.5027437
916;9.999999747378752e-05;586240;1651186568.6271768
917;9.999999747378752e-05;586880;1651186569.7291512
918;9.999999747378752e-05;587520;1651186570.8190298
919;9.999999747378752e-05;588160;1651186573.5457802
920;9.999999747378752e-05;588800;1651186574.7226999
921;9.999999747378752e-05;589440;1651186575.8989422
922;9.999999747378752e-05;590080;1651186577.0684545
923;9.999999747378752e-05;590720;1651186578.248462
924;9.999999747378752e-05;591360;1651186579.4234927
925;9.999999747378752e-05;592000;1651186580.6059396
926;9.999999747378752e-05;592640;1651186581.7843382
927;9.999999747378752e-05;593280;1651186582.963465
928;9.999999747378752e-05;593920;1651186584.1405325
929;9.999999747378752e-05;594560;1651186585.3205082
930;9.999999747378752e-05;595200;1651186586.4946604
931;9.999999747378752e-05;595840;1651186587.6537983
932;9.999999747378752e-05;596480;1651186588.8301013
933;9.999999747378752e-05;597120;1651186591.5853438
934;9.999999747378752e-05;597760;1651186592.771448
935;9.999999747378752e-05;598400;1651186593.9429593
936;9.999999747378752e-05;599040;1651186595.1212745
937;9.999999747378752e-05;599680;1651186596.29063
938;9.999999747378752e-05;600320;1651186597.4753036
939;9.999999747378752e-05;600960;1651186598.6563606
940;9.999999747378752e-05;601600;1651186599.827764
941;9.999999747378752e-05;602240;1651186601.0033493
942;9.999999747378752e-05;602880;1651186602.1786377
943;9.999999747378752e-05;603520;1651186603.3546236
944;9.999999747378752e-05;604160;1651186604.5176518
945;9.999999747378752e-05;604800;1651186606.3105178
946;9.999999747378752e-05;605440;1651186608.4371555
947;9.999999747378752e-05;606080;1651186609.7232003
948;9.999999747378752e-05;606720;1651186612.3859594
949;9.999999747378752e-05;607360;1651186613.5463855
950;9.999999747378752e-05;608000;1651186614.7221107
951;9.999999747378752e-05;608640;1651186615.8914385
952;9.999999747378752e-05;609280;1651186617.07335
953;9.999999747378752e-05;609920;1651186618.2454772
954;9.999999747378752e-05;610560;1651186619.4255462
955;9.999999747378752e-05;611200;1651186620.5840335
956;9.999999747378752e-05;611840;1651186621.747961
957;9.999999747378752e-05;612480;1651186622.9272003
958;9.999999747378752e-05;613120;1651186624.0792308
959;9.999999747378752e-05;613760;1651186625.2532551
960;9.999999747378752e-05;614400;1651186628.010782
961;9.999999747378752e-05;615040;1651186629.1882217
962;9.999999747378752e-05;615680;1651186631.9696128
963;9.999999747378752e-05;616320;1651186633.1490984
964;9.999999747378752e-05;616960;1651186634.3233309
965;9.999999747378752e-05;617600;1651186635.5039341
966;9.999999747378752e-05;618240;1651186636.6835492
967;9.999999747378752e-05;618880;1651186637.8617182
968;9.999999747378752e-05;619520;1651186639.0440006
969;9.999999747378752e-05;620160;1651186640.1990752
970;9.999999747378752e-05;620800;1651186641.369359
971;9.999999747378752e-05;621440;1651186642.5265915
972;9.999999747378752e-05;622080;1651186643.7054384
973;9.999999747378752e-05;622720;1651186644.88001
974;9.999999747378752e-05;623360;1651186647.6578188
975;9.999999747378752e-05;624000;1651186648.832162
976;9.999999747378752e-05;624640;1651186651.5816634
977;9.999999747378752e-05;625280;1651186652.6958363
978;9.999999747378752e-05;625920;1651186653.882366
979;9.999999747378752e-05;626560;1651186654.9990532
980;9.999999747378752e-05;627200;1651186656.1239915
981;9.999999747378752e-05;627840;1651186657.2805634
982;9.999999747378752e-05;628480;1651186658.445115
983;9.999999747378752e-05;629120;1651186659.6182756
984;9.999999747378752e-05;629760;1651186660.7887309
985;9.999999747378752e-05;630400;1651186661.9642675
986;9.999999747378752e-05;631040;1651186663.140387
987;9.999999747378752e-05;631680;1651186664.323584
988;9.999999747378752e-05;632320;1651186667.095448
989;9.999999747378752e-05;632960;1651186668.268152
990;9.999999747378752e-05;633600;1651186670.6124756
991;9.999999747378752e-05;634240;1651186672.2070687
992;9.999999747378752e-05;634880;1651186673.388358
993;9.999999747378752e-05;635520;1651186674.5725067
994;9.999999747378752e-05;636160;1651186675.749997
995;9.999999747378752e-05;636800;1651186676.9249425
996;9.999999747378752e-05;637440;1651186678.0985546
997;9.999999747378752e-05;638080;1651186679.2795546
998;9.999999747378752e-05;638720;1651186680.450421
999;9.999999747378752e-05;639360;1651186681.6222484
1000;9.999999747378752e-05;640000;1651186729.3229325
1001;9.999999747378752e-05;640640;1651186730.5049171
1002;9.999999747378752e-05;641280;1651186731.67443
1003;9.999999747378752e-05;641920;1651186732.8204427
1004;9.999999747378752e-05;642560;1651186733.9537795
1005;9.999999747378752e-05;643200;1651186735.0944226
1006;9.999999747378752e-05;643840;1651186736.2138221
1007;9.999999747378752e-05;644480;1651186737.343336
1008;9.999999747378752e-05;645120;1651186738.440709
1009;9.999999747378752e-05;645760;1651186739.5647109
1010;9.999999747378752e-05;646400;1651186740.7056844
1011;9.999999747378752e-05;647040;1651186743.4817643
1012;9.999999747378752e-05;647680;1651186744.662552
1013;9.999999747378752e-05;648320;1651186747.3721774
1014;9.999999747378752e-05;648960;1651186748.4870186
1015;9.999999747378752e-05;649600;1651186749.6247864
1016;9.999999747378752e-05;650240;1651186750.7443662
1017;9.999999747378752e-05;650880;1651186751.8402653
1018;9.999999747378752e-05;651520;1651186752.9733496
1019;9.999999747378752e-05;652160;1651186754.075766
1020;9.999999747378752e-05;652800;1651186755.204775
1021;9.999999747378752e-05;653440;1651186756.2950633
1022;9.999999747378752e-05;654080;1651186757.429594
1023;9.999999747378752e-05;654720;1651186758.5347538
1024;9.999999747378752e-05;655360;1651186759.6766658
1025;9.999999747378752e-05;656000;1651186760.8058977
1026;9.999999747378752e-05;656640;1651186763.5748527
1027;9.999999747378752e-05;657280;1651186764.756628
1028;9.999999747378752e-05;657920;1651186767.4851854
1029;9.999999747378752e-05;658560;1651186768.6227753
1030;9.999999747378752e-05;659200;1651186769.7416632
1031;9.999999747378752e-05;659840;1651186770.8574579
1032;9.999999747378752e-05;660480;1651186771.9746466
1033;9.999999747378752e-05;661120;1651186773.0946536
1034;9.999999747378752e-05;661760;1651186774.1965687
1035;9.999999747378752e-05;662400;1651186775.3125007
1036;9.999999747378752e-05;663040;1651186776.4213052
1037;9.999999747378752e-05;663680;1651186777.549447
1038;9.999999747378752e-05;664320;1651186778.6566722
1039;9.999999747378752e-05;664960;1651186779.7784975
1040;9.999999747378752e-05;665600;1651186780.9159784
1041;9.999999747378752e-05;666240;1651186783.6999195
1042;9.999999747378752e-05;666880;1651186785.1675336
1043;9.999999747378752e-05;667520;1651186787.6319292
1044;9.999999747378752e-05;668160;1651186788.806153
1045;9.999999747378752e-05;668800;1651186789.986863
1046;9.999999747378752e-05;669440;1651186791.166115
1047;9.999999747378752e-05;670080;1651186792.3467371
1048;9.999999747378752e-05;670720;1651186793.5275512
1049;9.999999747378752e-05;671360;1651186794.7023296
1050;9.999999747378752e-05;672000;1651186795.85577
1051;9.999999747378752e-05;672640;1651186796.9559126
1052;9.999999747378752e-05;673280;1651186798.0669894
1053;9.999999747378752e-05;673920;1651186799.1861362
1054;9.999999747378752e-05;674560;1651186800.3029697
1055;9.999999747378752e-05;675200;1651186803.0354
1056;9.999999747378752e-05;675840;1651186804.2163572
1057;9.999999747378752e-05;676480;1651186806.9850352
1058;9.999999747378752e-05;677120;1651186808.1022067
1059;9.999999747378752e-05;677760;1651186809.2441292
1060;9.999999747378752e-05;678400;1651186810.356979
1061;9.999999747378752e-05;679040;1651186811.491407
1062;9.999999747378752e-05;679680;1651186812.5969248
1063;9.999999747378752e-05;680320;1651186813.7344003
1064;9.999999747378752e-05;680960;1651186814.8617625
1065;9.999999747378752e-05;681600;1651186816.0400178
1066;9.999999747378752e-05;682240;1651186817.2167914
1067;9.999999747378752e-05;682880;1651186818.389013
1068;9.999999747378752e-05;683520;1651186819.5602384
1069;9.999999747378752e-05;684160;1651186820.7334306
1070;9.999999747378752e-05;684800;1651186823.5146883
1071;9.999999747378752e-05;685440;1651186824.6899729
1072;9.999999747378752e-05;686080;1651186827.4622633
1073;9.999999747378752e-05;686720;1651186828.6384873
1074;9.999999747378752e-05;687360;1651186829.8251395
1075;9.999999747378752e-05;688000;1651186830.9906392
1076;9.999999747378752e-05;688640;1651186832.0976267
1077;9.999999747378752e-05;689280;1651186833.2341838
1078;9.999999747378752e-05;689920;1651186834.3424623
1079;9.999999747378752e-05;690560;1651186835.4646487
1080;9.999999747378752e-05;691200;1651186836.5627475
1081;9.999999747378752e-05;691840;1651186837.6793392
1082;9.999999747378752e-05;692480;1651186838.807134
1083;9.999999747378752e-05;693120;1651186839.955422
1084;9.999999747378752e-05;693760;1651186842.6407063
1085;9.999999747378752e-05;694400;1651186843.8400354
1086;9.999999747378752e-05;695040;1651186846.6276195
1087;9.999999747378752e-05;695680;1651186847.8020732
1088;9.999999747378752e-05;696320;1651186848.9785495
1089;9.999999747378752e-05;696960;1651186850.1512449
1090;9.999999747378752e-05;697600;1651186851.324505
1091;9.999999747378752e-05;698240;1651186852.5049028
1092;9.999999747378752e-05;698880;1651186853.6790636
1093;9.999999747378752e-05;699520;1651186854.8561623
1094;9.999999747378752e-05;700160;1651186856.0388274
1095;9.999999747378752e-05;700800;1651186857.2144039
1096;9.999999747378752e-05;701440;1651186858.3915648
1097;9.999999747378752e-05;702080;1651186859.569703
1098;9.999999747378752e-05;702720;1651186860.8907847
1099;9.999999747378752e-05;703360;1651186863.4981663
1100;9.999999747378752e-05;704000;1651186910.011728
1101;9.999999747378752e-05;704640;1651186911.1905625
1102;9.999999747378752e-05;705280;1651186912.3639143
1103;9.999999747378752e-05;705920;1651186913.5380094
1104;9.999999747378752e-05;706560;1651186914.7204607
1105;9.999999747378752e-05;707200;1651186917.4941962
1106;9.999999747378752e-05;707840;1651186918.6749275
1107;9.999999747378752e-05;708480;1651186919.8522437
1108;9.999999747378752e-05;709120;1651186922.626746
1109;9.999999747378752e-05;709760;1651186923.806704
1110;9.999999747378752e-05;710400;1651186924.9836717
1111;9.999999747378752e-05;711040;1651186926.1662264
1112;9.999999747378752e-05;711680;1651186927.3455563
1113;9.999999747378752e-05;712320;1651186928.5212154
1114;9.999999747378752e-05;712960;1651186929.6961272
1115;9.999999747378752e-05;713600;1651186930.8728657
1116;9.999999747378752e-05;714240;1651186932.0494926
1117;9.999999747378752e-05;714880;1651186933.2227366
1118;9.999999747378752e-05;715520;1651186934.3983777
1119;9.999999747378752e-05;716160;1651186937.1533358
1120;9.999999747378752e-05;716800;1651186938.328348
1121;9.999999747378752e-05;717440;1651186939.5030239
1122;9.999999747378752e-05;718080;1651186942.2798605
1123;9.999999747378752e-05;718720;1651186943.4566426
1124;9.999999747378752e-05;719360;1651186944.6271791
1125;9.999999747378752e-05;720000;1651186945.7928798
1126;9.999999747378752e-05;720640;1651186946.9743314
1127;9.999999747378752e-05;721280;1651186948.150439
1128;9.999999747378752e-05;721920;1651186949.3317711
1129;9.999999747378752e-05;722560;1651186950.5086133
1130;9.999999747378752e-05;723200;1651186951.6664553
1131;9.999999747378752e-05;723840;1651186952.8354924
1132;9.999999747378752e-05;724480;1651186953.9863052
1133;9.999999747378752e-05;725120;1651186955.143998
1134;9.999999747378752e-05;725760;1651186957.9269187
1135;9.999999747378752e-05;726400;1651186959.102497
1136;9.999999747378752e-05;727040;1651186961.8735282
1137;9.999999747378752e-05;727680;1651186963.0374618
1138;9.999999747378752e-05;728320;1651186964.1577585
1139;9.999999747378752e-05;728960;1651186965.31797
1140;9.999999747378752e-05;729600;1651186966.4550498
1141;9.999999747378752e-05;730240;1651186967.61818
1142;9.999999747378752e-05;730880;1651186968.7776134
1143;9.999999747378752e-05;731520;1651186969.9218411
1144;9.999999747378752e-05;732160;1651186971.085052
1145;9.999999747378752e-05;732800;1651186972.1823225
1146;9.999999747378752e-05;733440;1651186973.3518112
1147;9.999999747378752e-05;734080;1651186974.5270286
1148;9.999999747378752e-05;734720;1651186977.3006787
1149;9.999999747378752e-05;735360;1651186978.4828997
1150;9.999999747378752e-05;736000;1651186979.6597376
1151;9.999999747378752e-05;736640;1651186982.4313004
1152;9.999999747378752e-05;737280;1651186983.5620897
1153;9.999999747378752e-05;737920;1651186984.7136877
1154;9.999999747378752e-05;738560;1651186985.8589318
1155;9.999999747378752e-05;739200;1651186987.0331283
1156;9.999999747378752e-05;739840;1651186988.1563075
1157;9.999999747378752e-05;740480;1651186989.3337443
1158;9.999999747378752e-05;741120;1651186990.463492
1159;9.999999747378752e-05;741760;1651186991.6089742
1160;9.999999747378752e-05;742400;1651186992.7602417
1161;9.999999747378752e-05;743040;1651186993.8815465
1162;9.999999747378752e-05;743680;1651186995.031329
1163;9.999999747378752e-05;744320;1651186997.8047411
1164;9.999999747378752e-05;744960;1651186998.9813836
1165;9.999999747378752e-05;745600;1651187001.761318
1166;9.999999747378752e-05;746240;1651187002.935625
1167;9.999999747378752e-05;746880;1651187004.113917
1168;9.999999747378752e-05;747520;1651187005.2841437
1169;9.999999747378752e-05;748160;1651187006.4613054
1170;9.999999747378752e-05;748800;1651187007.6342108
1171;9.999999747378752e-05;749440;1651187008.7863064
1172;9.999999747378752e-05;750080;1651187009.967763
1173;9.999999747378752e-05;750720;1651187011.1425917
1174;9.999999747378752e-05;751360;1651187012.2814686
1175;9.999999747378752e-05;752000;1651187013.4258263
1176;9.999999747378752e-05;752640;1651187014.6041503
1177;9.999999747378752e-05;753280;1651187017.370352
1178;9.999999747378752e-05;753920;1651187018.518637
1179;9.999999747378752e-05;754560;1651187019.6834564
1180;9.999999747378752e-05;755200;1651187020.8652356
1181;9.999999747378752e-05;755840;1651187022.036461
1182;9.999999747378752e-05;756480;1651187023.2012517
1183;9.999999747378752e-05;757120;1651187024.312905
1184;9.999999747378752e-05;757760;1651187025.472954
1185;9.999999747378752e-05;758400;1651187026.6125658
1186;9.999999747378752e-05;759040;1651187027.761992
1187;9.999999747378752e-05;759680;1651187028.9218476
1188;9.999999747378752e-05;760320;1651187030.041627
1189;9.999999747378752e-05;760960;1651187031.213712
1190;9.999999747378752e-05;761600;1651187032.3313568
1191;9.999999747378752e-05;762240;1651187034.6570182
1192;9.999999747378752e-05;762880;1651187036.2641993
1193;9.999999747378752e-05;763520;1651187037.4360597
1194;9.999999747378752e-05;764160;1651187038.6131792
1195;9.999999747378752e-05;764800;1651187039.787842
1196;9.999999747378752e-05;765440;1651187040.9576743
1197;9.999999747378752e-05;766080;1651187042.134271
1198;9.999999747378752e-05;766720;1651187043.314328
1199;9.999999747378752e-05;767360;1651187044.470576
1200;9.999999747378752e-05;768000;1651187090.5686004
1201;9.999999747378752e-05;768640;1651187091.726824
1202;9.999999747378752e-05;769280;1651187092.8995798
1203;9.999999747378752e-05;769920;1651187094.0514646
1204;9.999999747378752e-05;770560;1651187095.1536784
1205;9.999999747378752e-05;771200;1651187096.271236
1206;9.999999747378752e-05;771840;1651187097.3800712
1207;9.999999747378752e-05;772480;1651187098.5199368
1208;9.999999747378752e-05;773120;1651187099.6315563
1209;9.999999747378752e-05;773760;1651187102.407957
1210;9.999999747378752e-05;774400;1651187103.5863094
1211;9.999999747378752e-05;775040;1651187104.764854
1212;9.999999747378752e-05;775680;1651187105.9393735
1213;9.999999747378752e-05;776320;1651187107.1139343
1214;9.999999747378752e-05;776960;1651187109.876378
1215;9.999999747378752e-05;777600;1651187110.9833028
1216;9.999999747378752e-05;778240;1651187112.1161687
1217;9.999999747378752e-05;778880;1651187113.2519677
1218;9.999999747378752e-05;779520;1651187114.398777
1219;9.999999747378752e-05;780160;1651187115.5256329
1220;9.999999747378752e-05;780800;1651187116.6371224
1221;9.999999747378752e-05;781440;1651187117.7793515
1222;9.999999747378752e-05;782080;1651187118.911734
1223;9.999999747378752e-05;782720;1651187121.6543572
1224;9.999999747378752e-05;783360;1651187122.8369298
1225;9.999999747378752e-05;784000;1651187124.0161178
1226;9.999999747378752e-05;784640;1651187125.189823
1227;9.999999747378752e-05;785280;1651187126.3619223
1228;9.999999747378752e-05;785920;1651187129.1435015
1229;9.999999747378752e-05;786560;1651187130.2779095
1230;9.999999747378752e-05;787200;1651187131.3916807
1231;9.999999747378752e-05;787840;1651187132.5082402
1232;9.999999747378752e-05;788480;1651187133.643389
1233;9.999999747378752e-05;789120;1651187134.7767723
1234;9.999999747378752e-05;789760;1651187135.9079816
1235;9.999999747378752e-05;790400;1651187137.0272574
1236;9.999999747378752e-05;791040;1651187138.1697502
1237;9.999999747378752e-05;791680;1651187139.2772286
1238;9.999999747378752e-05;792320;1651187142.0453176
1239;9.999999747378752e-05;792960;1651187143.232339
1240;9.999999747378752e-05;793600;1651187144.4095342
1241;9.999999747378752e-05;794240;1651187145.5851336
1242;9.999999747378752e-05;794880;1651187146.7637477
1243;9.999999747378752e-05;795520;1651187149.5342915
1244;9.999999747378752e-05;796160;1651187150.642996
1245;9.999999747378752e-05;796800;1651187151.7864156
1246;9.999999747378752e-05;797440;1651187152.900932
1247;9.999999747378752e-05;798080;1651187154.0097382
1248;9.999999747378752e-05;798720;1651187155.1232958
1249;9.999999747378752e-05;799360;1651187156.2651415
1250;9.999999747378752e-05;800000;1651187157.360626
1251;9.999999747378752e-05;800640;1651187158.531739
1252;9.999999747378752e-05;801280;1651187159.7020998
1253;9.999999747378752e-05;801920;1651187162.4760509
1254;9.999999747378752e-05;802560;1651187163.6409285
1255;9.999999747378752e-05;803200;1651187164.763557
1256;9.999999747378752e-05;803840;1651187165.9016838
1257;9.999999747378752e-05;804480;1651187167.0182774
1258;9.999999747378752e-05;805120;1651187169.785696
1259;9.999999747378752e-05;805760;1651187170.9711092
1260;9.999999747378752e-05;806400;1651187172.1498578
1261;9.999999747378752e-05;807040;1651187173.3259532
1262;9.999999747378752e-05;807680;1651187174.500492
1263;9.999999747378752e-05;808320;1651187175.6800213
1264;9.999999747378752e-05;808960;1651187176.858183
1265;9.999999747378752e-05;809600;1651187178.0333068
1266;9.999999747378752e-05;810240;1651187179.213752
1267;9.999999747378752e-05;810880;1651187181.991399
1268;9.999999747378752e-05;811520;1651187183.1641486
1269;9.999999747378752e-05;812160;1651187184.319406
1270;9.999999747378752e-05;812800;1651187185.466526
1271;9.999999747378752e-05;813440;1651187186.6356997
1272;9.999999747378752e-05;814080;1651187189.3970838
1273;9.999999747378752e-05;814720;1651187190.576754
1274;9.999999747378752e-05;815360;1651187191.7505426
1275;9.999999747378752e-05;816000;1651187192.9314678
1276;9.999999747378752e-05;816640;1651187194.111058
1277;9.999999747378752e-05;817280;1651187195.2614355
1278;9.999999747378752e-05;817920;1651187196.421181
1279;9.999999747378752e-05;818560;1651187197.5534058
1280;9.999999747378752e-05;819200;1651187198.660394
1281;9.999999747378752e-05;819840;1651187201.3895438
1282;9.999999747378752e-05;820480;1651187202.5713587
1283;9.999999747378752e-05;821120;1651187203.7474837
1284;9.999999747378752e-05;821760;1651187204.9293387
1285;9.999999747378752e-05;822400;1651187206.1037757
1286;9.999999747378752e-05;823040;1651187208.8417842
1287;9.999999747378752e-05;823680;1651187210.0277615
1288;9.999999747378752e-05;824320;1651187211.203874
1289;9.999999747378752e-05;824960;1651187212.3814173
1290;9.999999747378752e-05;825600;1651187213.555584
1291;9.999999747378752e-05;826240;1651187214.7353134
1292;9.999999747378752e-05;826880;1651187215.9117806
1293;9.999999747378752e-05;827520;1651187217.0196257
1294;9.999999747378752e-05;828160;1651187218.1516385
1295;9.999999747378752e-05;828800;1651187219.294418
1296;9.999999747378752e-05;829440;1651187222.0736196
1297;9.999999747378752e-05;830080;1651187223.242782
1298;9.999999747378752e-05;830720;1651187224.424719
1299;9.999999747378752e-05;831360;1651187225.6016746
1300;9.999999747378752e-05;832000;1651187271.5325122
1301;9.999999747378752e-05;832640;1651187272.7139463
1302;9.999999747378752e-05;833280;1651187273.822987
1303;9.999999747378752e-05;833920;1651187275.4086409
1304;9.999999747378752e-05;834560;1651187277.6982515
1305;9.999999747378752e-05;835200;1651187278.8763251
1306;9.999999747378752e-05;835840;1651187280.054347
1307;9.999999747378752e-05;836480;1651187281.2275908
1308;9.999999747378752e-05;837120;1651187282.4080787
1309;9.999999747378752e-05;837760;1651187285.1875362
1310;9.999999747378752e-05;838400;1651187286.368757
1311;9.999999747378752e-05;839040;1651187287.5431802
1312;9.999999747378752e-05;839680;1651187288.7154818
1313;9.999999747378752e-05;840320;1651187289.8905165
1314;9.999999747378752e-05;840960;1651187291.0475535
1315;9.999999747378752e-05;841600;1651187292.2244122
1316;9.999999747378752e-05;842240;1651187293.3978388
1317;9.999999747378752e-05;842880;1651187294.5716264
1318;9.999999747378752e-05;843520;1651187297.3477392
1319;9.999999747378752e-05;844160;1651187298.526683
1320;9.999999747378752e-05;844800;1651187299.6659043
1321;9.999999747378752e-05;845440;1651187300.8040001
1322;9.999999747378752e-05;846080;1651187301.9242206
1323;9.999999747378752e-05;846720;1651187304.674566
1324;9.999999747378752e-05;847360;1651187305.847265
1325;9.999999747378752e-05;848000;1651187307.0228605
1326;9.999999747378752e-05;848640;1651187308.2043116
1327;9.999999747378752e-05;849280;1651187309.3769321
1328;9.999999747378752e-05;849920;1651187310.5551515
1329;9.999999747378752e-05;850560;1651187311.734249
1330;9.999999747378752e-05;851200;1651187312.9080029
1331;9.999999747378752e-05;851840;1651187314.0797062
1332;9.999999747378752e-05;852480;1651187316.8554957
1333;9.999999747378752e-05;853120;1651187318.0344713
1334;9.999999747378752e-05;853760;1651187319.2148058
1335;9.999999747378752e-05;854400;1651187320.3604362
1336;9.999999747378752e-05;855040;1651187321.4859884
1337;9.999999747378752e-05;855680;1651187324.2076428
1338;9.999999747378752e-05;856320;1651187325.381719
1339;9.999999747378752e-05;856960;1651187326.558738
1340;9.999999747378752e-05;857600;1651187327.7368608
1341;9.999999747378752e-05;858240;1651187328.9103746
1342;9.999999747378752e-05;858880;1651187330.0916388
1343;9.999999747378752e-05;859520;1651187331.26476
1344;9.999999747378752e-05;860160;1651187332.4457207
1345;9.999999747378752e-05;860800;1651187333.6239588
1346;9.999999747378752e-05;861440;1651187336.4034774
1347;9.999999747378752e-05;862080;1651187337.5300741
1348;9.999999747378752e-05;862720;1651187338.6621482
1349;9.999999747378752e-05;863360;1651187339.7890496
1350;9.999999747378752e-05;864000;1651187340.9268203
1351;9.999999747378752e-05;864640;1651187342.057398
1352;9.999999747378752e-05;865280;1651187344.8355353
1353;9.999999747378752e-05;865920;1651187346.00751
1354;9.999999747378752e-05;866560;1651187347.178374
1355;9.999999747378752e-05;867200;1651187348.3565881
1356;9.999999747378752e-05;867840;1651187349.5335884
1357;9.999999747378752e-05;868480;1651187350.705882
1358;9.999999747378752e-05;869120;1651187351.8830357
1359;9.999999747378752e-05;869760;1651187353.0413544
1360;9.999999747378752e-05;870400;1651187354.1433413
1361;9.999999747378752e-05;871040;1651187356.919853
1362;9.999999747378752e-05;871680;1651187358.096404
1363;9.999999747378752e-05;872320;1651187359.2789385
1364;9.999999747378752e-05;872960;1651187360.4148939
1365;9.999999747378752e-05;873600;1651187361.5402925
1366;9.999999747378752e-05;874240;1651187364.2603855
1367;9.999999747378752e-05;874880;1651187365.4206724
1368;9.999999747378752e-05;875520;1651187366.5757427
1369;9.999999747378752e-05;876160;1651187367.7322102
1370;9.999999747378752e-05;876800;1651187368.889089
1371;9.999999747378752e-05;877440;1651187370.0501297
1372;9.999999747378752e-05;878080;1651187371.2051554
1373;9.999999747378752e-05;878720;1651187372.3648407
1374;9.999999747378752e-05;879360;1651187373.5223658
1375;9.999999747378752e-05;880000;1651187376.2817044
1376;9.999999747378752e-05;880640;1651187377.346451
1377;9.999999747378752e-05;881280;1651187378.473574
1378;9.999999747378752e-05;881920;1651187379.5727217
1379;9.999999747378752e-05;882560;1651187380.6969016
1380;9.999999747378752e-05;883200;1651187381.8000338
1381;9.999999747378752e-05;883840;1651187384.5626063
1382;9.999999747378752e-05;884480;1651187385.7167833
1383;9.999999747378752e-05;885120;1651187386.875196
1384;9.999999747378752e-05;885760;1651187388.0295641
1385;9.999999747378752e-05;886400;1651187389.1921482
1386;9.999999747378752e-05;887040;1651187390.3451638
1387;9.999999747378752e-05;887680;1651187391.499373
1388;9.999999747378752e-05;888320;1651187392.6596327
1389;9.999999747378752e-05;888960;1651187393.819459
1390;9.999999747378752e-05;889600;1651187396.5388014
1391;9.999999747378752e-05;890240;1651187397.6435769
1392;9.999999747378752e-05;890880;1651187398.7949147
1393;9.999999747378752e-05;891520;1651187399.9160306
1394;9.999999747378752e-05;892160;1651187401.0671473
1395;9.999999747378752e-05;892800;1651187403.803566
1396;9.999999747378752e-05;893440;1651187404.978659
1397;9.999999747378752e-05;894080;1651187406.1569421
1398;9.999999747378752e-05;894720;1651187407.3326778
1399;9.999999747378752e-05;895360;1651187408.5052283
1400;9.999999747378752e-05;896000;1651187454.4003859
1401;9.999999747378752e-05;896640;1651187455.5221343
1402;9.999999747378752e-05;897280;1651187456.65575
1403;9.999999747378752e-05;897920;1651187459.3758898
1404;9.999999747378752e-05;898560;1651187460.553254
1405;9.999999747378752e-05;899200;1651187461.7265954
1406;9.999999747378752e-05;899840;1651187462.9044137
1407;9.999999747378752e-05;900480;1651187464.0787034
1408;9.999999747378752e-05;901120;1651187465.250359
1409;9.999999747378752e-05;901760;1651187466.424345
1410;9.999999747378752e-05;902400;1651187467.603392
1411;9.999999747378752e-05;903040;1651187468.7787845
1412;9.999999747378752e-05;903680;1651187471.5571735
1413;9.999999747378752e-05;904320;1651187472.731505
1414;9.999999747378752e-05;904960;1651187473.894565
1415;9.999999747378752e-05;905600;1651187475.0719717
1416;9.999999747378752e-05;906240;1651187476.2494028
1417;9.999999747378752e-05;906880;1651187478.0213141
1418;9.999999747378752e-05;907520;1651187480.1725743
1419;9.999999747378752e-05;908160;1651187481.357117
1420;9.999999747378752e-05;908800;1651187482.5395432
1421;9.999999747378752e-05;909440;1651187483.7145617
1422;9.999999747378752e-05;910080;1651187484.8904595
1423;9.999999747378752e-05;910720;1651187486.0635264
1424;9.999999747378752e-05;911360;1651187487.1790152
1425;9.999999747378752e-05;912000;1651187488.3100855
1426;9.999999747378752e-05;912640;1651187489.4362378
1427;9.999999747378752e-05;913280;1651187492.2153366
1428;9.999999747378752e-05;913920;1651187493.3988907
1429;9.999999747378752e-05;914560;1651187494.5750966
1430;9.999999747378752e-05;915200;1651187495.7495477
1431;9.999999747378752e-05;915840;1651187496.924948
1432;9.999999747378752e-05;916480;1651187499.6947486
1433;9.999999747378752e-05;917120;1651187500.8730853
1434;9.999999747378752e-05;917760;1651187502.0476923
1435;9.999999747378752e-05;918400;1651187503.22418
1436;9.999999747378752e-05;919040;1651187504.401388
1437;9.999999747378752e-05;919680;1651187505.5754635
1438;9.999999747378752e-05;920320;1651187506.750745
1439;9.999999747378752e-05;920960;1651187507.9077718
1440;9.999999747378752e-05;921600;1651187509.0931213
1441;9.999999747378752e-05;922240;1651187511.8666267
1442;9.999999747378752e-05;922880;1651187513.0457644
1443;9.999999747378752e-05;923520;1651187514.225623
1444;9.999999747378752e-05;924160;1651187515.3917568
1445;9.999999747378752e-05;924800;1651187516.5734847
1446;9.999999747378752e-05;925440;1651187519.3470376
1447;9.999999747378752e-05;926080;1651187520.520553
1448;9.999999747378752e-05;926720;1651187521.6981132
1449;9.999999747378752e-05;927360;1651187522.8772645
1450;9.999999747378752e-05;928000;1651187524.0544143
1451;9.999999747378752e-05;928640;1651187525.229412
1452;9.999999747378752e-05;929280;1651187526.4075394
1453;9.999999747378752e-05;929920;1651187527.578114
1454;9.999999747378752e-05;930560;1651187528.7554102
1455;9.999999747378752e-05;931200;1651187531.5120826
1456;9.999999747378752e-05;931840;1651187532.6391149
1457;9.999999747378752e-05;932480;1651187533.7619057
1458;9.999999747378752e-05;933120;1651187534.8985178
1459;9.999999747378752e-05;933760;1651187536.053117
1460;9.999999747378752e-05;934400;1651187538.7815807
1461;9.999999747378752e-05;935040;1651187539.9951444
1462;9.999999747378752e-05;935680;1651187541.16808
1463;9.999999747378752e-05;936320;1651187542.3501384
1464;9.999999747378752e-05;936960;1651187543.5264373
1465;9.999999747378752e-05;937600;1651187544.7069464
1466;9.999999747378752e-05;938240;1651187545.888941
1467;9.999999747378752e-05;938880;1651187547.0670042
1468;9.999999747378752e-05;939520;1651187548.234838
1469;9.999999747378752e-05;940160;1651187551.0099745
1470;9.999999747378752e-05;940800;1651187552.18694
1471;9.999999747378752e-05;941440;1651187553.3448138
1472;9.999999747378752e-05;942080;1651187554.5237732
1473;9.999999747378752e-05;942720;1651187555.6915894
1474;9.999999747378752e-05;943360;1651187556.9106348
1475;9.999999747378752e-05;944000;1651187559.6416926
1476;9.999999747378752e-05;944640;1651187560.8183815
1477;9.999999747378752e-05;945280;1651187561.9946263
1478;9.999999747378752e-05;945920;1651187563.1701784
1479;9.999999747378752e-05;946560;1651187564.3500545
1480;9.999999747378752e-05;947200;1651187565.532709
1481;9.999999747378752e-05;947840;1651187566.6947412
1482;9.999999747378752e-05;948480;1651187567.8073378
1483;9.999999747378752e-05;949120;1651187568.9042964
1484;9.999999747378752e-05;949760;1651187571.6682327
1485;9.999999747378752e-05;950400;1651187572.8443406
1486;9.999999747378752e-05;951040;1651187574.027817
1487;9.999999747378752e-05;951680;1651187575.2018828
1488;9.999999747378752e-05;952320;1651187576.3808198
1489;9.999999747378752e-05;952960;1651187579.155107
1490;9.999999747378752e-05;953600;1651187580.2883854
1491;9.999999747378752e-05;954240;1651187581.4047709
1492;9.999999747378752e-05;954880;1651187582.5301335
1493;9.999999747378752e-05;955520;1651187583.6678038
1494;9.999999747378752e-05;956160;1651187584.7804153
1495;9.999999747378752e-05;956800;1651187585.9089212
1496;9.999999747378752e-05;957440;1651187587.0011353
1497;9.999999747378752e-05;958080;1651187588.1262395
1498;9.999999747378752e-05;958720;1651187590.6910417
