;actor_loss;Steps;Wall_Time
0;-1.5326498746871948;0;1649678853.436547
1;11.168388366699219;10240;1649678853.5095894
2;27.370441436767578;20480;1649678853.572231
3;27.060752868652344;30720;1649678853.6361954
4;29.492969512939453;40960;1649678853.6976137
5;25.585901260375977;51200;1649678853.7625916
6;24.536155700683594;61440;1649678853.8261063
7;19.753128051757812;71680;1649678853.8850448
8;18.22180938720703;81920;1649678853.941013
9;17.628826141357422;92160;1649678854.0079074
10;18.629478454589844;102400;1649678854.0702863
11;16.37970733642578;112640;1649678854.138293
12;14.211156845092773;122880;1649678854.204375
13;14.525969505310059;133120;1649678854.2616494
14;12.536627769470215;143360;1649678854.3227289
15;10.992236137390137;153600;1649678854.381402
16;10.345072746276855;163840;1649678854.4405913
17;9.668838500976562;174080;1649678854.5035958
18;9.740303039550781;184320;1649678854.5654485
19;9.0679931640625;194560;1649678854.6241803
20;7.346080780029297;204800;1649678854.68558
21;7.077574253082275;215040;1649678854.7495778
22;5.980996608734131;225280;1649678854.8123527
23;5.131779193878174;235520;1649678854.8780446
24;4.133726596832275;245760;1649678854.9478943
25;4.077471733093262;256000;1649678855.0104206
26;2.552480697631836;266240;1649678855.0700042
27;2.879976272583008;276480;1649678855.136271
28;2.5931506156921387;286720;1649678855.202977
29;2.312156915664673;296960;1649678855.2596645
30;1.4973024129867554;307200;1649678855.318655
31;1.5181455612182617;317440;1649678855.3784292
32;0.7411563396453857;327680;1649678855.4398777
33;1.0246347188949585;337920;1649678855.505825
34;1.0114061832427979;348160;1649678855.5696368
35;0.7117608785629272;358400;1649678855.6301677
36;1.0848513841629028;368640;1649678855.694029
37;1.0673563480377197;378880;1649678855.7603986
38;0.47751763463020325;389120;1649678855.8274338
39;0.9228935241699219;399360;1649678855.8874907
40;0.09743283689022064;409600;1649678855.9546037
41;0.5376654267311096;419840;1649678856.0217452
42;0.5302662253379822;430080;1649678856.0889971
43;0.8150513768196106;440320;1649678856.1486402
44;0.03965991735458374;450560;1649678856.2103803
45;0.8290107250213623;460800;1649678856.269304
46;0.9051070213317871;471040;1649678856.331286
47;0.15843352675437927;481280;1649678856.3888464
48;-0.010901302099227905;491520;1649678856.4518628
49;0.35650384426116943;501760;1649678856.5180278
50;-0.2765074074268341;512000;1649678856.5821404
51;0.0347488671541214;522240;1649678856.6549609
52;-0.5007990598678589;532480;1649678856.7140467
53;-0.23887619376182556;542720;1649678856.7795231
54;-0.4446263909339905;552960;1649678856.8437269
55;-0.31117671728134155;563200;1649678856.9104605
56;-0.03412233293056488;573440;1649678856.9756837
57;0.17078080773353577;583680;1649678857.0455666
58;-0.33530527353286743;593920;1649678857.1050017
59;0.25971347093582153;604160;1649678857.1653552
60;-0.5973573327064514;614400;1649678857.2252328
61;-0.5850509405136108;624640;1649678857.286082
62;-0.1927797496318817;634880;1649678857.3472538
63;0.09145741164684296;645120;1649678857.4062333
64;-0.06284114718437195;655360;1649678857.4668386
65;0.06145757436752319;665600;1649678857.5307055
66;-0.13913089036941528;675840;1649678857.5982316
67;-0.49369627237319946;686080;1649678857.6600158
68;-0.39989757537841797;696320;1649678857.7197618
69;-0.2558360993862152;706560;1649678857.7776077
70;-0.04859939217567444;716800;1649678857.8385625
71;-0.5518871545791626;727040;1649678857.9011273
72;-0.4950605630874634;737280;1649678857.9638355
73;-0.3348377048969269;747520;1649678858.029782
74;-0.4915875196456909;757760;1649678858.0965192
75;-0.5298423767089844;768000;1649678858.155401
76;0.05694718658924103;778240;1649678858.2133312
77;-0.5361669659614563;788480;1649678858.2750728
78;-0.036972999572753906;798720;1649678858.3434653
79;-0.5942494869232178;808960;1649678858.4083884
80;-0.2200028896331787;819200;1649678858.4793155
81;-0.1512729525566101;829440;1649678858.5502462
82;-0.21369668841362;839680;1649678858.6231208
83;-0.1625244915485382;849920;1649678858.6939225
84;-0.19370004534721375;860160;1649678858.765002
85;-0.19639842212200165;870400;1649678858.8354726
86;-0.5120958685874939;880640;1649678858.9100838
87;-0.8485614061355591;890880;1649678858.9843287
88;-0.8404212594032288;901120;1649678859.0591671
89;-0.39195290207862854;911360;1649678859.1298878
90;-0.03632328286767006;921600;1649678859.1985989
91;-0.5415144562721252;931840;1649678859.2710817
92;-0.3950834572315216;942080;1649678859.3408318
93;-0.3238238990306854;952320;1649678859.4111445
94;-0.1507670283317566;962560;1649678859.4799533
95;-0.3748212456703186;972800;1649678859.551489
96;-0.5333873629570007;983040;1649678859.6223276
97;-0.45374009013175964;993280;1649678859.690803
98;-0.23674659430980682;1003520;1649678859.744726
99;-0.7261864542961121;1013760;1649678859.8121333
100;-3.5558829307556152;1024000;1649678862.5767717
101;-3.472555637359619;1034240;1649678862.6653864
102;-3.1258490085601807;1044480;1649678862.7375147
103;-2.9673874378204346;1054720;1649678862.8017135
104;-2.999799966812134;1064960;1649678862.8704906
105;-3.05523681640625;1075200;1649678862.9371178
106;-3.2252495288848877;1085440;1649678863.0027351
107;-3.2846288681030273;1095680;1649678863.0716789
108;-2.932576894760132;1105920;1649678863.140117
109;-2.7925662994384766;1116160;1649678863.2089412
110;-2.679154396057129;1126400;1649678863.2721815
111;-2.4793601036071777;1136640;1649678863.3335488
112;-2.3849263191223145;1146880;1649678863.3935199
113;-2.5206804275512695;1157120;1649678863.4549665
114;-2.7903082370758057;1167360;1649678863.5121484
115;-2.6886043548583984;1177600;1649678863.569787
116;-2.8466906547546387;1187840;1649678863.6319785
117;-2.6539182662963867;1198080;1649678863.6946402
118;-2.5129990577697754;1208320;1649678863.7510898
119;-2.657270908355713;1218560;1649678863.8150709
120;-2.45206356048584;1228800;1649678863.8831193
121;-2.7519524097442627;1239040;1649678863.9420338
122;-2.120197296142578;1249280;1649678864.002339
123;-2.1411428451538086;1259520;1649678864.068981
124;-2.332043170928955;1269760;1649678864.132134
125;-1.9301891326904297;1280000;1649678864.1928165
126;-2.4543581008911133;1290240;1649678864.2610846
127;-2.36970853805542;1300480;1649678864.3246317
128;-2.442138195037842;1310720;1649678864.3889587
129;-2.5422866344451904;1320960;1649678864.457152
130;-2.5119149684906006;1331200;1649678864.5282686
131;-2.3772459030151367;1341440;1649678864.593312
132;-2.1483707427978516;1351680;1649678864.655803
133;-2.2946531772613525;1361920;1649678864.721965
134;-2.0480916500091553;1372160;1649678864.7870734
135;-1.9874441623687744;1382400;1649678864.8533297
136;-2.0623421669006348;1392640;1649678864.918658
137;-2.1840107440948486;1402880;1649678864.9851394
138;-2.280719757080078;1413120;1649678865.051735
139;-2.082253932952881;1423360;1649678865.1216967
140;-1.9713491201400757;1433600;1649678865.1888998
141;-2.095263957977295;1443840;1649678865.2514882
142;-1.9727543592453003;1454080;1649678865.3127887
143;-1.7685890197753906;1464320;1649678865.3796892
144;-1.772608995437622;1474560;1649678865.4396567
145;-1.2031810283660889;1484800;1649678865.5025795
146;-1.8633543252944946;1495040;1649678865.560854
147;-1.6975362300872803;1505280;1649678865.6221879
148;-1.82414972782135;1515520;1649678865.6849477
149;-1.994876503944397;1525760;1649678865.7518625
150;-1.6766116619110107;1536000;1649678865.817375
151;-1.5350662469863892;1546240;1649678865.8917072
152;-1.6489403247833252;1556480;1649678865.9602625
153;-1.7191739082336426;1566720;1649678866.0242074
154;-1.75251305103302;1576960;1649678866.086576
155;-1.9481899738311768;1587200;1649678866.1713853
156;-1.6188119649887085;1597440;1649678866.2356217
157;-1.3519389629364014;1607680;1649678866.301707
158;-1.4876277446746826;1617920;1649678866.367202
159;-1.4157795906066895;1628160;1649678866.4332914
160;-1.5452873706817627;1638400;1649678866.5013857
161;-1.6233274936676025;1648640;1649678866.574161
162;-1.4513864517211914;1658880;1649678866.6448102
163;-1.3919501304626465;1669120;1649678866.7117443
164;-1.4191462993621826;1679360;1649678866.7696905
165;-1.5852839946746826;1689600;1649678866.8265052
166;-1.2395880222320557;1699840;1649678866.8899813
167;-1.412287950515747;1710080;1649678866.9575405
168;-1.5564805269241333;1720320;1649678867.0197332
169;-1.3221594095230103;1730560;1649678867.0843105
170;-1.3943321704864502;1740800;1649678867.1547358
171;-1.4886233806610107;1751040;1649678867.2250473
172;-1.404478669166565;1761280;1649678867.2881305
173;-1.3243190050125122;1771520;1649678867.357053
174;-1.3409395217895508;1781760;1649678867.4246325
175;-1.1197794675827026;1792000;1649678867.4915054
176;-1.1642162799835205;1802240;1649678867.5615582
177;-1.0898418426513672;1812480;1649678867.6238678
178;-1.509964942932129;1822720;1649678867.6884644
179;-1.137683629989624;1832960;1649678867.7547483
180;-0.9098865389823914;1843200;1649678867.8196635
181;-0.9066473245620728;1853440;1649678867.886411
182;-0.7838054299354553;1863680;1649678867.9574893
183;-0.955949068069458;1873920;1649678868.018361
184;-0.9743419885635376;1884160;1649678868.086413
185;-0.8906549215316772;1894400;1649678868.1507812
186;-1.1889493465423584;1904640;1649678868.2133765
187;-0.9418485760688782;1914880;1649678868.2772725
188;-0.7407848238945007;1925120;1649678868.3434262
189;-0.8543730974197388;1935360;1649678868.4122503
190;-0.8447520732879639;1945600;1649678868.4719152
191;-0.8916897773742676;1955840;1649678868.5289786
192;-0.7416192293167114;1966080;1649678868.5984287
193;-1.0045570135116577;1976320;1649678868.6710384
194;-1.061774492263794;1986560;1649678868.7432144
195;-0.42198076844215393;1996800;1649678868.804687
196;-0.7829541563987732;2007040;1649678868.871504
197;-0.9020678997039795;2017280;1649678868.9430778
198;-0.7785446643829346;2027520;1649678869.009194
199;-0.9313207268714905;2037760;1649678869.0733922
200;-1.8331022262573242;2048000;1649678871.8320618
201;-1.6089227199554443;2058240;1649678871.9129646
202;-1.7436604499816895;2068480;1649678871.9726799
203;-1.5299451351165771;2078720;1649678872.047004
204;-1.098811388015747;2088960;1649678872.1225228
205;-1.4530022144317627;2099200;1649678872.2011642
206;-1.479004144668579;2109440;1649678872.2804663
207;-1.4758315086364746;2119680;1649678872.3594823
208;-1.4710348844528198;2129920;1649678872.4303463
209;-1.4088531732559204;2140160;1649678872.4966145
210;-1.355433702468872;2150400;1649678872.5553756
211;-1.2196338176727295;2160640;1649678872.6196938
212;-1.371730089187622;2170880;1649678872.6785011
213;-1.3639166355133057;2181120;1649678872.7360382
214;-1.6483343839645386;2191360;1649678872.7960615
215;-1.4913609027862549;2201600;1649678872.8600209
216;-1.2942191362380981;2211840;1649678872.9192257
217;-1.5857977867126465;2222080;1649678872.9860733
218;-1.4742538928985596;2232320;1649678873.0475712
219;-1.4718433618545532;2242560;1649678873.1128528
220;-1.1433824300765991;2252800;1649678873.1711705
221;-1.1482429504394531;2263040;1649678873.2317426
222;-1.4430005550384521;2273280;1649678873.2945616
223;-1.325904369354248;2283520;1649678873.3515654
224;-1.2380943298339844;2293760;1649678873.4162295
225;-1.3155038356781006;2304000;1649678873.476386
226;-1.4202852249145508;2314240;1649678873.5372434
227;-1.1827315092086792;2324480;1649678873.594149
228;-1.2357652187347412;2334720;1649678873.653937
229;-0.9351005554199219;2344960;1649678873.7169268
230;-1.2233686447143555;2355200;1649678873.7750823
231;-1.0096023082733154;2365440;1649678873.830481
232;-1.0598419904708862;2375680;1649678873.8879879
233;-0.8123805522918701;2385920;1649678873.9454982
234;-1.0445542335510254;2396160;1649678874.0064645
235;-1.2392204999923706;2406400;1649678874.0721197
236;-1.0743001699447632;2416640;1649678874.1300695
237;-0.9318089485168457;2426880;1649678874.1863785
238;-1.0573770999908447;2437120;1649678874.2445374
239;-0.918504536151886;2447360;1649678874.3023148
240;-1.0091419219970703;2457600;1649678874.3593717
241;-1.028191328048706;2467840;1649678874.4208992
242;-1.0741573572158813;2478080;1649678874.4862652
243;-1.0481375455856323;2488320;1649678874.5531855
244;-1.0258430242538452;2498560;1649678874.6135437
245;-0.8358041048049927;2508800;1649678874.6709187
246;-1.0505993366241455;2519040;1649678874.7314086
247;-0.9258812069892883;2529280;1649678874.7959516
248;-0.9452193975448608;2539520;1649678874.8535903
249;-0.7805061340332031;2549760;1649678874.9168468
250;-0.8934923410415649;2560000;1649678874.9739053
251;-0.8538482189178467;2570240;1649678875.0344708
252;-0.7645895481109619;2580480;1649678875.098535
253;-0.9225078225135803;2590720;1649678875.1562276
254;-0.8580191135406494;2600960;1649678875.215219
255;-1.0784623622894287;2611200;1649678875.2807848
256;-1.2467340230941772;2621440;1649678875.3669531
257;-1.2140864133834839;2631680;1649678875.4330273
258;-0.9577536582946777;2641920;1649678875.4916518
259;-0.8695340752601624;2652160;1649678875.552022
260;-0.6726899147033691;2662400;1649678875.6161406
261;-0.9473202228546143;2672640;1649678875.676393
262;-0.6680508852005005;2682880;1649678875.7319922
263;-0.8431293964385986;2693120;1649678875.791401
264;-0.6475805044174194;2703360;1649678875.8549337
265;-0.9005542993545532;2713600;1649678875.912853
266;-1.0103250741958618;2723840;1649678875.9738247
267;-0.7867484092712402;2734080;1649678876.0382257
268;-1.0979118347167969;2744320;1649678876.0959094
269;-0.9284898042678833;2754560;1649678876.1740968
270;-0.7586619853973389;2764800;1649678876.237712
271;-0.7942471504211426;2775040;1649678876.294371
272;-0.7512655258178711;2785280;1649678876.3528993
273;-0.7115328907966614;2795520;1649678876.4111378
274;-0.7494478225708008;2805760;1649678876.4678094
275;-0.8380221724510193;2816000;1649678876.5288777
276;-0.8689587116241455;2826240;1649678876.5934608
277;-0.7070233821868896;2836480;1649678876.6520047
278;-0.6607255935668945;2846720;1649678876.709328
279;-0.5967460870742798;2856960;1649678876.7708557
280;-0.5529636144638062;2867200;1649678876.8407729
281;-0.6489410400390625;2877440;1649678876.904361
282;-0.5203485488891602;2887680;1649678876.9622548
283;-0.5325489044189453;2897920;1649678877.027225
284;-0.7096046209335327;2908160;1649678877.086596
285;-0.8141683340072632;2918400;1649678877.1442058
286;-0.6817505359649658;2928640;1649678877.2046077
287;-0.6010488271713257;2938880;1649678877.2683887
288;-0.5907197594642639;2949120;1649678877.3280637
289;-0.6277851462364197;2959360;1649678877.3851163
290;-0.4653664529323578;2969600;1649678877.4510827
291;-0.5529859662055969;2979840;1649678877.5130923
292;-0.6805821657180786;2990080;1649678877.5728376
293;-0.47037646174430847;3000320;1649678877.6337235
294;-0.6281427145004272;3010560;1649678877.696214
295;-0.5066819190979004;3020800;1649678877.7584822
296;-0.6328502297401428;3031040;1649678877.8234937
297;-0.4964524507522583;3041280;1649678877.8815253
298;-0.5019056797027588;3051520;1649678877.9391975
299;-0.4973619878292084;3061760;1649678877.997177
300;-0.8699744343757629;3072000;1649678880.7703247
301;-0.8247052431106567;3082240;1649678880.8309376
302;-0.9910213947296143;3092480;1649678880.8906662
303;-0.9291777610778809;3102720;1649678880.948355
304;-0.9613677263259888;3112960;1649678881.0117092
305;-0.8823330998420715;3123200;1649678881.0759377
306;-1.100480556488037;3133440;1649678881.1334636
307;-0.9154488444328308;3143680;1649678881.1932437
308;-0.7692490220069885;3153920;1649678881.2553236
309;-0.9388600587844849;3164160;1649678881.3133383
310;-0.8777910470962524;3174400;1649678881.3667533
311;-1.0345611572265625;3184640;1649678881.423688
312;-0.9153755307197571;3194880;1649678881.4851098
313;-0.9200745820999146;3205120;1649678881.5419927
314;-0.8357112407684326;3215360;1649678881.6059396
315;-1.102172613143921;3225600;1649678881.6703248
316;-0.8683305978775024;3235840;1649678881.7283332
317;-0.8766562938690186;3246080;1649678881.783797
318;-0.8694493174552917;3256320;1649678881.8443031
319;-0.9085735082626343;3266560;1649678881.9119916
320;-0.761752188205719;3276800;1649678881.9688668
321;-0.9980806112289429;3287040;1649678882.0311935
322;-0.7791134715080261;3297280;1649678882.089768
323;-0.9456683993339539;3307520;1649678882.1501548
324;-0.784996747970581;3317760;1649678882.2064116
325;-0.9325751066207886;3328000;1649678882.2688642
326;-0.7108015418052673;3338240;1649678882.332683
327;-0.6843428015708923;3348480;1649678882.3942873
328;-0.6912065744400024;3358720;1649678882.4536092
329;-0.6388880610466003;3368960;1649678882.517174
330;-0.7367569208145142;3379200;1649678882.5770414
331;-1.00157630443573;3389440;1649678882.636234
332;-0.7367691397666931;3399680;1649678882.694089
333;-0.7256029844284058;3409920;1649678882.7561643
334;-1.151893973350525;3420160;1649678882.8202944
335;-0.8126848936080933;3430400;1649678882.881219
336;-0.892305850982666;3440640;1649678882.9396286
337;-0.7343422174453735;3450880;1649678883.0121024
338;-0.7543755769729614;3461120;1649678883.0755272
339;-0.7353090047836304;3471360;1649678883.1478963
340;-0.7543094158172607;3481600;1649678883.2154334
341;-0.7510325908660889;3491840;1649678883.2881541
342;-0.7847640514373779;3502080;1649678883.3546703
343;-0.9198207855224609;3512320;1649678883.4281604
344;-0.6609581112861633;3522560;1649678883.5012574
345;-0.7527260780334473;3532800;1649678883.5648031
346;-0.7763963937759399;3543040;1649678883.6239
347;-0.7897472381591797;3553280;1649678883.686132
348;-0.71385657787323;3563520;1649678883.7548614
349;-0.5999844670295715;3573760;1649678883.8253334
350;-0.7191542387008667;3584000;1649678883.891297
351;-0.745485246181488;3594240;1649678883.9660618
352;-1.1304314136505127;3604480;1649678884.0451632
353;-0.7889702320098877;3614720;1649678884.1225708
354;-0.6687577962875366;3624960;1649678884.1971977
355;-0.6024022102355957;3635200;1649678884.2644265
356;-0.7430210709571838;3645440;1649678884.328476
357;-0.7141355276107788;3655680;1649678884.3859055
358;-0.6885852813720703;3665920;1649678884.4484043
359;-0.8095182776451111;3676160;1649678884.5146208
360;-0.6730154752731323;3686400;1649678884.5769725
361;-0.7435356378555298;3696640;1649678884.6402676
362;-0.7787322998046875;3706880;1649678884.6951382
363;-0.756934404373169;3717120;1649678884.752012
364;-0.7861786484718323;3727360;1649678884.816363
365;-0.6770200133323669;3737600;1649678884.8758852
366;-0.6543771028518677;3747840;1649678884.9321272
367;-0.6284939050674438;3758080;1649678884.9920573
368;-0.8917535543441772;3768320;1649678885.054619
369;-0.6829464435577393;3778560;1649678885.113033
370;-0.7626942992210388;3788800;1649678885.176701
371;-0.9221373200416565;3799040;1649678885.234881
372;-0.592810869216919;3809280;1649678885.2953742
373;-0.6799137592315674;3819520;1649678885.359224
374;-0.8050317764282227;3829760;1649678885.421976
375;-0.6810597777366638;3840000;1649678885.4816206
376;-0.6151037812232971;3850240;1649678885.540693
377;-0.6082326173782349;3860480;1649678885.5969882
378;-0.5697317123413086;3870720;1649678885.6556861
379;-0.5974725484848022;3880960;1649678885.7177372
380;-0.7080581784248352;3891200;1649678885.781255
381;-0.5758867263793945;3901440;1649678885.8403263
382;-0.6863101124763489;3911680;1649678885.8966413
383;-0.5897752046585083;3921920;1649678885.9563127
384;-0.43507134914398193;3932160;1649678886.020816
385;-0.6471309065818787;3942400;1649678886.078146
386;-0.7792603969573975;3952640;1649678886.1416705
387;-0.5547345280647278;3962880;1649678886.2062085
388;-0.5797480344772339;3973120;1649678886.2709255
389;-0.6197504997253418;3983360;1649678886.323131
390;-0.8614176511764526;3993600;1649678886.3827174
391;-0.5260024666786194;4003840;1649678886.4437683
392;-0.5353707075119019;4014080;1649678886.5032659
393;-0.5056389570236206;4024320;1649678886.5731406
394;-0.4991932511329651;4034560;1649678886.637817
395;-0.4472271800041199;4044800;1649678886.6956108
396;-0.49893227219581604;4055040;1649678886.7524803
397;-0.4393138289451599;4065280;1649678886.8145006
398;-0.6703653335571289;4075520;1649678886.8756151
399;-0.842939555644989;4085760;1649678886.938946
400;-0.6088829040527344;4096000;1649678889.5988972
401;-0.5718699097633362;4106240;1649678889.6659477
402;-0.49994510412216187;4116480;1649678889.7371292
403;-0.562312126159668;4126720;1649678889.8116007
404;-0.5758340358734131;4136960;1649678889.8816466
405;-0.5311384201049805;4147200;1649678889.9387958
406;-0.5382363796234131;4157440;1649678889.9984522
407;-0.6697046160697937;4167680;1649678890.0628104
408;-0.5143107771873474;4177920;1649678890.1204119
409;-0.7738218307495117;4188160;1649678890.1760292
410;-0.5590716600418091;4198400;1649678890.2369308
411;-0.6221374273300171;4208640;1649678890.300375
412;-0.5152645707130432;4218880;1649678890.3628576
413;-0.7059140801429749;4229120;1649678890.4216814
414;-0.5841850638389587;4239360;1649678890.4841866
415;-0.5728960633277893;4249600;1649678890.5414646
416;-0.6653081178665161;4259840;1649678890.604424
417;-0.6380962133407593;4270080;1649678890.6697013
418;-0.520271897315979;4280320;1649678890.7350206
419;-0.39831414818763733;4290560;1649678890.7924426
420;-0.4489039182662964;4300800;1649678890.8551002
421;-0.3823804259300232;4311040;1649678890.9179456
422;-0.6434752941131592;4321280;1649678890.9758701
423;-0.5656969547271729;4331520;1649678891.039101
424;-0.4882555902004242;4341760;1649678891.096568
425;-0.4983636438846588;4352000;1649678891.1558585
426;-0.5185979604721069;4362240;1649678891.2180731
427;-0.4606196880340576;4372480;1649678891.270356
428;-0.48235076665878296;4382720;1649678891.3269083
429;-0.6408224105834961;4392960;1649678891.3853421
430;-0.675111711025238;4403200;1649678891.444512
431;-0.4363579750061035;4413440;1649678891.5004003
432;-0.5428202748298645;4423680;1649678891.5593839
433;-0.5565785765647888;4433920;1649678891.621345
434;-0.6684440970420837;4444160;1649678891.6842792
435;-0.5433651804924011;4454400;1649678891.742233
436;-0.410652220249176;4464640;1649678891.8030763
437;-0.6232207417488098;4474880;1649678891.8662584
438;-0.47274816036224365;4485120;1649678891.9239666
439;-0.47938406467437744;4495360;1649678891.979267
440;-0.5401617288589478;4505600;1649678892.0359073
441;-0.6669118404388428;4515840;1649678892.0914862
442;-0.5931849479675293;4526080;1649678892.151042
443;-0.5541979670524597;4536320;1649678892.2097132
444;-0.59397292137146;4546560;1649678892.2650068
445;-0.5889967083930969;4556800;1649678892.3218813
446;-0.4968872666358948;4567040;1649678892.3774664
447;-0.5785598754882812;4577280;1649678892.4372325
448;-0.4329759180545807;4587520;1649678892.4998415
449;-0.5453132390975952;4597760;1649678892.5585034
450;-0.5799087882041931;4608000;1649678892.6217194
451;-0.5664042234420776;4618240;1649678892.6796677
452;-0.5396981239318848;4628480;1649678892.7313075
453;-0.5654601454734802;4638720;1649678892.7877936
454;-0.6711766123771667;4648960;1649678892.851555
455;-0.6866264939308167;4659200;1649678892.918993
456;-0.6292332410812378;4669440;1649678892.984915
457;-0.6896018981933594;4679680;1649678893.0436816
458;-0.5516713857650757;4689920;1649678893.1005354
459;-0.5691627264022827;4700160;1649678893.1602595
460;-0.42984235286712646;4710400;1649678893.2320209
461;-0.43303993344306946;4720640;1649678893.292126
462;-0.5199620723724365;4730880;1649678893.355923
463;-0.3264560103416443;4741120;1649678893.4130023
464;-0.47931933403015137;4751360;1649678893.4766088
465;-0.7208750247955322;4761600;1649678893.5408921
466;-0.4600680470466614;4771840;1649678893.6012866
467;-0.5499134659767151;4782080;1649678893.6887767
468;-0.48319458961486816;4792320;1649678893.7486749
469;-0.49325454235076904;4802560;1649678893.807742
470;-0.5458733439445496;4812800;1649678893.8716085
471;-0.48870357871055603;4823040;1649678893.9291961
472;-0.48473697900772095;4833280;1649678893.989156
473;-0.46831193566322327;4843520;1649678894.0530884
474;-0.524442195892334;4853760;1649678894.1107967
475;-0.3544711470603943;4864000;1649678894.1737397
476;-0.5438393354415894;4874240;1649678894.2340474
477;-0.5851309299468994;4884480;1649678894.2974262
478;-0.5663594007492065;4894720;1649678894.3659258
479;-0.6554591655731201;4904960;1649678894.4420462
480;-0.5091205835342407;4915200;1649678894.5141292
481;-0.422932505607605;4925440;1649678894.5859706
482;-0.40536993741989136;4935680;1649678894.662185
483;-0.3905661404132843;4945920;1649678894.726439
484;-0.3366733193397522;4956160;1649678894.789759
485;-0.3446728587150574;4966400;1649678894.849172
486;-0.44538673758506775;4976640;1649678894.9054024
487;-0.36898455023765564;4986880;1649678894.965047
488;-0.4558568298816681;4997120;1649678895.0206115
489;-0.4703008532524109;5007360;1649678895.0828266
490;-0.24680253863334656;5017600;1649678895.1405334
491;-0.48949867486953735;5027840;1649678895.2062345
492;-0.430808961391449;5038080;1649678895.2801578
493;-0.75503009557724;5048320;1649678895.3487513
494;-0.3800657093524933;5058560;1649678895.4182172
495;-0.4741748571395874;5068800;1649678895.484076
496;-0.3961937427520752;5079040;1649678895.5424473
497;-0.47655048966407776;5089280;1649678895.6037457
498;-0.5028384923934937;5099520;1649678895.6686697
499;-0.40873056650161743;5109760;1649678895.7310083
500;-0.4872876703739166;5120000;1649678898.182192
501;-0.5107845067977905;5130240;1649678898.2444847
502;-0.49234896898269653;5140480;1649678898.3031242
503;-0.4547496438026428;5150720;1649678898.3647618
504;-0.4805862605571747;5160960;1649678898.4225936
505;-0.34757137298583984;5171200;1649678898.4841497
506;-0.4219968914985657;5181440;1649678898.5472016
507;-0.3775983452796936;5191680;1649678898.6031299
508;-0.39205268025398254;5201920;1649678898.662718
509;-0.34984928369522095;5212160;1649678898.7253332
510;-0.5117394328117371;5222400;1649678898.7878737
511;-0.34033024311065674;5232640;1649678898.8436506
512;-0.3955685496330261;5242880;1649678898.901751
513;-0.5994674563407898;5253120;1649678898.959479
514;-0.3854445517063141;5263360;1649678899.0191095
515;-0.4336264133453369;5273600;1649678899.083001
516;-0.3748875558376312;5283840;1649678899.1409142
517;-0.40572023391723633;5294080;1649678899.1969767
518;-0.3483664393424988;5304320;1649678899.2548888
519;-0.5014908313751221;5314560;1649678899.310319
520;-0.6688014268875122;5324800;1649678899.4192505
521;-0.4374804198741913;5335040;1649678899.4797928
522;-0.4479163587093353;5345280;1649678899.5418117
523;-0.3159005045890808;5355520;1649678899.6054485
524;-0.334830105304718;5365760;1649678899.664038
525;-0.4831726849079132;5376000;1649678899.7247593
526;-0.3573143184185028;5386240;1649678899.7847056
527;-0.3788101077079773;5396480;1649678899.846514
528;-0.43889114260673523;5406720;1649678899.9121742
529;-0.6697612404823303;5416960;1649678899.9761095
530;-0.3790968060493469;5427200;1649678900.0406659
531;-0.5133262872695923;5437440;1649678900.0981479
532;-0.3601391017436981;5447680;1649678900.1581645
533;-0.3773766756057739;5457920;1649678900.2229342
534;-0.37101519107818604;5468160;1649678900.2823927
535;-0.4124070107936859;5478400;1649678900.3397388
536;-0.26730477809906006;5488640;1649678900.4009905
537;-0.3499929904937744;5498880;1649678900.465589
538;-0.44324517250061035;5509120;1649678900.525493
539;-0.4248389005661011;5519360;1649678900.5805926
540;-0.3015120029449463;5529600;1649678900.639603
541;-0.29661789536476135;5539840;1649678900.7048385
542;-0.43973368406295776;5550080;1649678900.7632203
543;-0.39196956157684326;5560320;1649678900.8237925
544;-0.3692721128463745;5570560;1649678900.8867652
545;-0.22951209545135498;5580800;1649678900.9451706
546;-0.3086462616920471;5591040;1649678901.0006056
547;-0.3393033742904663;5601280;1649678901.0595758
548;-0.30848008394241333;5611520;1649678901.1153185
549;-0.5553672909736633;5621760;1649678901.1742773
550;-0.43553099036216736;5632000;1649678901.2384703
551;-0.2684069275856018;5642240;1649678901.3057775
552;-0.2267896682024002;5652480;1649678901.3718095
553;-0.37233078479766846;5662720;1649678901.4287555
554;-0.4470643699169159;5672960;1649678901.4891028
555;-0.3905671238899231;5683200;1649678901.5525985
556;-0.30444031953811646;5693440;1649678901.6097457
557;-0.5347898602485657;5703680;1649678901.668217
558;-0.3783203363418579;5713920;1649678901.7316637
559;-0.3444104492664337;5724160;1649678901.7959363
560;-0.325836181640625;5734400;1649678901.8519003
561;-0.2767540216445923;5744640;1649678901.907319
562;-0.21140527725219727;5754880;1649678901.9669504
563;-0.4049917459487915;5765120;1649678902.0238013
564;-0.24644997715950012;5775360;1649678902.0834808
565;-0.423966646194458;5785600;1649678902.1475308
566;-0.3872590661048889;5795840;1649678902.2064588
567;-0.3437361717224121;5806080;1649678902.2634585
568;-0.3585216701030731;5816320;1649678902.3222942
569;-0.3188537359237671;5826560;1649678902.3898258
570;-0.261072039604187;5836800;1649678902.453587
571;-0.2700726091861725;5847040;1649678902.5244718
572;-0.397982120513916;5857280;1649678902.5901875
573;-0.34507840871810913;5867520;1649678902.648096
574;-0.3228459358215332;5877760;1649678902.7085242
575;-0.30062881112098694;5888000;1649678902.7727268
576;-0.3278598189353943;5898240;1649678902.8312883
577;-0.23244325816631317;5908480;1649678902.8868504
578;-0.3684963881969452;5918720;1649678902.9479532
579;-0.4724588692188263;5928960;1649678903.011411
580;-0.24305057525634766;5939200;1649678903.0704694
581;-0.32290253043174744;5949440;1649678903.134607
582;-0.42491376399993896;5959680;1649678903.1930773
583;-0.34003233909606934;5969920;1649678903.2542884
584;-0.21407745778560638;5980160;1649678903.3177967
585;-0.24060967564582825;5990400;1649678903.3779068
586;-0.23421192169189453;6000640;1649678903.4367435
587;-0.30348217487335205;6010880;1649678903.4966345
588;-0.24305258691310883;6021120;1649678903.555066
589;-0.18837720155715942;6031360;1649678903.61804
590;-0.3843480050563812;6041600;1649678903.675048
591;-0.33528637886047363;6051840;1649678903.737129
592;-0.3071490228176117;6062080;1649678903.8012698
593;-0.39175596833229065;6072320;1649678903.8596451
594;-0.22444811463356018;6082560;1649678903.9193757
595;-0.35453367233276367;6092800;1649678903.9828637
596;-0.3474113643169403;6103040;1649678904.0516493
597;-0.3053846061229706;6113280;1649678904.1115608
598;-0.2733951807022095;6123520;1649678904.1690433
599;-0.23969745635986328;6133760;1649678904.2285864
600;-0.5174597501754761;6144000;1649678907.0261643
601;-0.36306247115135193;6154240;1649678907.1054487
602;-0.4965507984161377;6164480;1649678907.185263
603;-0.40367427468299866;6174720;1649678907.265471
604;-0.4302446246147156;6184960;1649678907.3469512
605;-0.42065081000328064;6195200;1649678907.41547
606;-0.4503248631954193;6205440;1649678907.4800303
607;-0.7420177459716797;6215680;1649678907.538415
608;-0.41838201880455017;6225920;1649678907.5978594
609;-0.49197497963905334;6236160;1649678907.663066
610;-0.42409536242485046;6246400;1649678907.7233353
611;-0.5015286207199097;6256640;1649678907.7801497
612;-0.4368326663970947;6266880;1649678907.8363764
613;-0.4226997494697571;6277120;1649678907.9030066
614;-0.42088282108306885;6287360;1649678907.9675817
615;-0.49200868606567383;6297600;1649678908.0414858
616;-0.5432571172714233;6307840;1649678908.1133301
617;-0.41970521211624146;6318080;1649678908.1882591
618;-0.3924739956855774;6328320;1649678908.2577126
619;-0.4288051426410675;6338560;1649678908.3284354
620;-0.434451699256897;6348800;1649678908.3847299
621;-0.5132113695144653;6359040;1649678908.4448285
622;-0.4990999698638916;6369280;1649678908.5097744
623;-0.46589308977127075;6379520;1649678908.5688765
624;-0.4730677008628845;6389760;1649678908.6259751
625;-0.8049667477607727;6400000;1649678908.6839178
626;-0.3521011173725128;6410240;1649678908.7476592
627;-0.4111064672470093;6420480;1649678908.8097332
628;-0.38067907094955444;6430720;1649678908.8681917
629;-0.41016894578933716;6440960;1649678908.9216852
630;-0.2666415870189667;6451200;1649678908.9841614
631;-0.28285306692123413;6461440;1649678909.0493822
632;-0.30955249071121216;6471680;1649678909.1126099
633;-0.3563551902770996;6481920;1649678909.1723106
634;-0.42864128947257996;6492160;1649678909.2287443
635;-0.45620065927505493;6502400;1649678909.2900999
636;-0.5596019625663757;6512640;1649678909.3555963
637;-0.3876168131828308;6522880;1649678909.4114933
638;-0.3740764856338501;6533120;1649678909.4688005
639;-0.6140965819358826;6543360;1649678909.5267415
640;-0.41141003370285034;6553600;1649678909.5843272
641;-0.4124341309070587;6563840;1649678909.6469848
642;-0.5944139957427979;6574080;1649678909.704223
643;-0.42601194977760315;6584320;1649678909.7627003
644;-0.2871142029762268;6594560;1649678909.8238585
645;-0.39687445759773254;6604800;1649678909.8794365
646;-0.3109283149242401;6615040;1649678909.9421222
647;-0.28585249185562134;6625280;1649678910.00759
648;-0.36314794421195984;6635520;1649678910.0707953
649;-0.2862932085990906;6645760;1649678910.1382856
650;-0.4684670567512512;6656000;1649678910.2009602
651;-0.6076473593711853;6666240;1649678910.259155
652;-0.48577386140823364;6676480;1649678910.3349547
653;-0.46725261211395264;6686720;1649678910.4029803
654;-0.46443337202072144;6696960;1649678910.4648542
655;-0.5703424215316772;6707200;1649678910.5301788
656;-0.3035255968570709;6717440;1649678910.599118
657;-0.4371147155761719;6727680;1649678910.659034
658;-0.4172794818878174;6737920;1649678910.726239
659;-0.35578611493110657;6748160;1649678910.7837462
660;-0.41269612312316895;6758400;1649678910.8360775
661;-0.4004065990447998;6768640;1649678910.8914797
662;-0.27896392345428467;6778880;1649678910.9517117
663;-0.42213496565818787;6789120;1649678911.0228457
664;-0.38273897767066956;6799360;1649678911.0839202
665;-0.4413049519062042;6809600;1649678911.1465838
666;-0.3272692561149597;6819840;1649678911.2025986
667;-0.4829723834991455;6830080;1649678911.2682521
668;-0.5515714883804321;6840320;1649678911.3371325
669;-0.5344951152801514;6850560;1649678911.4028344
670;-0.4218059778213501;6860800;1649678911.4602966
671;-0.2984512150287628;6871040;1649678911.5219245
672;-0.38751447200775146;6881280;1649678911.5790188
673;-0.32011041045188904;6891520;1649678911.6354976
674;-0.33540478348731995;6901760;1649678911.6933084
675;-0.2694125175476074;6912000;1649678911.750397
676;-0.31161510944366455;6922240;1649678911.814228
677;-0.31865859031677246;6932480;1649678911.8784328
678;-0.26536300778388977;6942720;1649678911.9372942
679;-0.26244300603866577;6952960;1649678911.9951215
680;-0.31177154183387756;6963200;1649678912.0519257
681;-0.27530717849731445;6973440;1649678912.114907
682;-0.18331710994243622;6983680;1649678912.171989
683;-0.2337227761745453;6993920;1649678912.2371874
684;-0.3278094530105591;7004160;1649678912.3017669
685;-0.33457979559898376;7014400;1649678912.3650358
686;-0.3493424654006958;7024640;1649678912.4336932
687;-0.42597293853759766;7034880;1649678912.4994307
688;-0.4728340208530426;7045120;1649678912.5607007
689;-0.45976173877716064;7055360;1649678912.6242785
690;-0.3449389338493347;7065600;1649678912.6867547
691;-0.41189563274383545;7075840;1649678912.749912
692;-0.3145311176776886;7086080;1649678912.8070173
693;-0.3520600199699402;7096320;1649678912.868986
694;-0.41405150294303894;7106560;1649678912.939164
695;-0.40073859691619873;7116800;1649678913.0049844
696;-0.3521159291267395;7127040;1649678913.061276
697;-0.37070590257644653;7137280;1649678913.124003
698;-0.533208966255188;7147520;1649678913.181133
699;-0.315936803817749;7157760;1649678913.2388
700;-0.5698139667510986;7168000;1649678915.9334016
701;-0.32522499561309814;7178240;1649678916.005989
702;-0.5169183015823364;7188480;1649678916.0717793
703;-0.4727156460285187;7198720;1649678916.1449208
704;-0.6713700890541077;7208960;1649678916.2182019
705;-0.4510234594345093;7219200;1649678916.2874486
706;-0.3628436326980591;7229440;1649678916.35127
707;-0.3242342472076416;7239680;1649678916.416292
708;-0.488511860370636;7249920;1649678916.484774
709;-0.3002795875072479;7260160;1649678916.5513363
710;-0.3920004665851593;7270400;1649678916.6195402
711;-0.39707887172698975;7280640;1649678916.686483
712;-0.3582238554954529;7290880;1649678916.7524812
713;-0.38516485691070557;7301120;1649678916.8164916
714;-0.33464348316192627;7311360;1649678916.8833725
715;-0.4228740334510803;7321600;1649678916.9454439
716;-0.4815322458744049;7331840;1649678917.0074399
717;-0.2814776301383972;7342080;1649678917.0751193
718;-0.428097665309906;7352320;1649678917.1416366
719;-0.47308316826820374;7362560;1649678917.2119486
720;-0.4124288558959961;7372800;1649678917.280969
721;-0.3356591463088989;7383040;1649678917.3462787
722;-0.39931005239486694;7393280;1649678917.4087906
723;-0.5315011143684387;7403520;1649678917.473698
724;-0.5870101451873779;7413760;1649678917.5428963
725;-0.29316800832748413;7424000;1649678917.6091113
726;-0.3147552013397217;7434240;1649678917.6730096
727;-0.31195199489593506;7444480;1649678917.740746
728;-0.3826996088027954;7454720;1649678917.8025196
729;-0.44838622212409973;7464960;1649678917.8682358
730;-0.4113723635673523;7475200;1649678917.9321153
731;-0.49690985679626465;7485440;1649678917.9985704
732;-0.37090516090393066;7495680;1649678918.0629733
733;-0.3780699372291565;7505920;1649678918.1315837
734;-0.45105215907096863;7516160;1649678918.2016451
735;-0.3109603226184845;7526400;1649678918.2722106
736;-0.3986525535583496;7536640;1649678918.3445382
737;-0.39634090662002563;7546880;1649678918.41465
738;-0.34369605779647827;7557120;1649678918.4796085
739;-0.41201311349868774;7567360;1649678918.5406525
740;-0.3068360984325409;7577600;1649678918.6411853
741;-0.3061739206314087;7587840;1649678918.7022376
742;-0.35802650451660156;7598080;1649678918.7622302
743;-0.3160476088523865;7608320;1649678918.8265798
744;-0.42729151248931885;7618560;1649678918.898491
745;-0.36401981115341187;7628800;1649678918.9693942
746;-0.46122628450393677;7639040;1649678919.0442703
747;-0.33594316244125366;7649280;1649678919.1117682
748;-0.3196150064468384;7659520;1649678919.170311
749;-0.3068579435348511;7669760;1649678919.2398098
750;-0.2487671673297882;7680000;1649678919.3115084
751;-0.39964038133621216;7690240;1649678919.3775747
752;-0.3447977900505066;7700480;1649678919.445411
753;-0.2538232207298279;7710720;1649678919.5047684
754;-0.33721643686294556;7720960;1649678919.5721889
755;-0.307406485080719;7731200;1649678919.643207
756;-0.5114566087722778;7741440;1649678919.7095299
757;-0.39467376470565796;7751680;1649678919.7703686
758;-0.34530842304229736;7761920;1649678919.8350623
759;-0.2720035910606384;7772160;1649678919.9035573
760;-0.22054532170295715;7782400;1649678919.9760911
761;-0.37813133001327515;7792640;1649678920.0535479
762;-0.36460310220718384;7802880;1649678920.128591
763;-0.3177400529384613;7813120;1649678920.2049444
764;-0.24614086747169495;7823360;1649678920.2703288
765;-0.24077698588371277;7833600;1649678920.3371084
766;-0.22344549000263214;7843840;1649678920.4002726
767;-0.2281966209411621;7854080;1649678920.4584785
768;-0.37890779972076416;7864320;1649678920.5257525
769;-0.2270757555961609;7874560;1649678920.5887604
770;-0.3446909487247467;7884800;1649678920.6507876
771;-0.2852318286895752;7895040;1649678920.7133503
772;-0.3077872097492218;7905280;1649678920.7697196
773;-0.3513597249984741;7915520;1649678920.8407238
774;-0.5550558567047119;7925760;1649678920.9046702
775;-0.3897598385810852;7936000;1649678920.972871
776;-0.4483720064163208;7946240;1649678921.0382278
777;-0.2864568531513214;7956480;1649678921.0990777
778;-0.4507840871810913;7966720;1649678921.1560233
779;-0.43759796023368835;7976960;1649678921.2183247
780;-0.5045593976974487;7987200;1649678921.2775197
781;-0.291595458984375;7997440;1649678921.3410542
782;-0.3109208345413208;8007680;1649678921.3983781
783;-0.2952788174152374;8017920;1649678921.4563327
784;-0.2978418469429016;8028160;1649678921.526342
785;-0.3393491804599762;8038400;1649678921.59531
786;-0.3221015930175781;8048640;1649678921.6566105
787;-0.27996307611465454;8058880;1649678921.7295914
788;-0.2869410812854767;8069120;1649678921.7947588
789;-0.26183417439460754;8079360;1649678921.8616676
790;-0.2864399552345276;8089600;1649678921.930099
791;-0.2816118597984314;8099840;1649678922.0046043
792;-0.39966586232185364;8110080;1649678922.0786886
793;-0.333888977766037;8120320;1649678922.1511855
794;-0.2599155008792877;8130560;1649678922.2230382
795;-0.3503001928329468;8140800;1649678922.2935984
796;-0.282856822013855;8151040;1649678922.363388
797;-0.2530825734138489;8161280;1649678922.433288
798;-0.23196126520633698;8171520;1649678922.5031786
799;-0.2694673538208008;8181760;1649678922.5750968
800;-0.2449483871459961;8192000;1649678925.3793788
801;-0.28888750076293945;8202240;1649678925.448223
802;-0.3186405301094055;8212480;1649678925.5185416
803;-0.2758858799934387;8222720;1649678925.5848594
804;-0.2557065486907959;8232960;1649678925.6651251
805;-0.20721915364265442;8243200;1649678925.7393575
806;-0.4532299339771271;8253440;1649678925.8152213
807;-0.34093135595321655;8263680;1649678925.8846543
808;-0.32599395513534546;8273920;1649678925.9468582
809;-0.40830257534980774;8284160;1649678926.0103626
810;-0.22285544872283936;8294400;1649678926.079061
811;-0.4555888772010803;8304640;1649678926.1525404
812;-0.32069844007492065;8314880;1649678926.2255352
813;-0.44352513551712036;8325120;1649678926.289213
814;-0.4080411195755005;8335360;1649678926.358237
815;-0.40601998567581177;8345600;1649678926.4241078
816;-0.2998027801513672;8355840;1649678926.4976344
817;-0.31404292583465576;8366080;1649678926.5576956
818;-0.3505076766014099;8376320;1649678926.623754
819;-0.2695763111114502;8386560;1649678926.684413
820;-0.38673120737075806;8396800;1649678926.7423315
821;-0.31685084104537964;8407040;1649678926.807339
822;-0.373724102973938;8417280;1649678926.8758972
823;-0.3654201626777649;8427520;1649678926.9443684
824;-0.3390392065048218;8437760;1649678927.0274842
825;-0.282795250415802;8448000;1649678927.1037052
826;-0.3995325565338135;8458240;1649678927.1724932
827;-0.29438596963882446;8468480;1649678927.2430549
828;-0.38703152537345886;8478720;1649678927.3134203
829;-0.33754146099090576;8488960;1649678927.3772335
830;-0.2467460334300995;8499200;1649678927.4420958
831;-0.2738383114337921;8509440;1649678927.5109189
832;-0.3852485716342926;8519680;1649678927.5847778
833;-0.320116251707077;8529920;1649678927.6402292
834;-0.33089113235473633;8540160;1649678927.706055
835;-0.6871042847633362;8550400;1649678927.7754843
836;-0.39952969551086426;8560640;1649678927.8482811
837;-0.36465901136398315;8570880;1649678927.9122338
838;-0.338387668132782;8581120;1649678927.9838057
839;-0.25758805871009827;8591360;1649678928.0607138
840;-0.3614189326763153;8601600;1649678928.137118
841;-0.25468191504478455;8611840;1649678928.2107959
842;-0.2934822142124176;8622080;1649678928.283081
843;-0.2984411418437958;8632320;1649678928.3470638
844;-0.2139585316181183;8642560;1649678928.4081948
845;-0.40711942315101624;8652800;1649678928.4805937
846;-0.6436296701431274;8663040;1649678928.5554106
847;-0.4271048903465271;8673280;1649678928.635254
848;-0.21592527627944946;8683520;1649678928.7079718
849;-0.34394019842147827;8693760;1649678928.7809744
850;-0.2138853222131729;8704000;1649678928.8564923
851;-0.2567421793937683;8714240;1649678928.930641
852;-0.2580680549144745;8724480;1649678929.0050206
853;-0.3253107964992523;8734720;1649678929.079654
854;-0.3730054199695587;8744960;1649678929.1428332
855;-0.20303155481815338;8755200;1649678929.203742
856;-0.15996882319450378;8765440;1649678929.2667537
857;-0.1898787021636963;8775680;1649678929.3448966
858;-0.1908210813999176;8785920;1649678929.4153242
859;-0.2657631039619446;8796160;1649678929.4758751
860;-0.4349559545516968;8806400;1649678929.5402186
861;-0.26570457220077515;8816640;1649678929.6140714
862;-0.31509310007095337;8826880;1649678929.687349
863;-0.320941686630249;8837120;1649678929.747631
864;-0.19666938483715057;8847360;1649678929.8094687
865;-0.21327698230743408;8857600;1649678929.8803356
866;-0.3187757134437561;8867840;1649678929.9588537
867;-0.15273070335388184;8878080;1649678930.0390587
868;-0.5198245048522949;8888320;1649678930.106414
869;-0.4127669930458069;8898560;1649678930.1721053
870;-0.2547295093536377;8908800;1649678930.2323034
871;-0.2726232707500458;8919040;1649678930.3062692
872;-0.2517354190349579;8929280;1649678930.3832254
873;-0.22502344846725464;8939520;1649678930.4651895
874;-0.2415936440229416;8949760;1649678930.54699
875;-0.34654849767684937;8960000;1649678930.6277804
876;-0.2760440707206726;8970240;1649678930.7082937
877;-0.4099867343902588;8980480;1649678930.789129
878;-0.32259899377822876;8990720;1649678930.870929
879;-0.26025816798210144;9000960;1649678930.9408777
880;-0.2230370044708252;9011200;1649678931.0180864
881;-0.4297116994857788;9021440;1649678931.0980058
882;-0.32079625129699707;9031680;1649678931.1768656
883;-0.21973565220832825;9041920;1649678931.2538962
884;-0.2880687713623047;9052160;1649678931.3300383
885;-0.2994678020477295;9062400;1649678931.4061081
886;-0.2808280885219574;9072640;1649678931.477451
887;-0.251519113779068;9082880;1649678931.5504725
888;-0.20183898508548737;9093120;1649678931.6221018
889;-0.19906918704509735;9103360;1649678931.692773
890;-0.29872292280197144;9113600;1649678931.7629292
891;-0.24210281670093536;9123840;1649678931.8339157
892;-0.18082401156425476;9134080;1649678931.9081798
893;-0.6411158442497253;9144320;1649678931.9855304
894;-0.22769632935523987;9154560;1649678932.0646462
895;-0.20799307525157928;9164800;1649678932.1457205
896;-0.2947690188884735;9175040;1649678932.227886
897;-0.28287750482559204;9185280;1649678932.3041985
898;-0.192703515291214;9195520;1649678932.3762279
899;-0.20173481106758118;9205760;1649678932.4453952
900;-0.240912064909935;9216000;1649678935.1681066
901;-0.5042059421539307;9226240;1649678935.2370906
902;-0.3101455271244049;9236480;1649678935.3068962
903;-0.4137778580188751;9246720;1649678935.3789299
904;-0.4262542128562927;9256960;1649678935.4501703
905;-0.3922143578529358;9267200;1649678935.5203562
906;-0.3426108956336975;9277440;1649678935.591373
907;-0.3002198338508606;9287680;1649678935.6626465
908;-0.19865110516548157;9297920;1649678935.7368443
909;-0.18074218928813934;9308160;1649678935.8097136
910;-0.19618645310401917;9318400;1649678935.881205
911;-0.28216177225112915;9328640;1649678935.951634
912;-0.26998379826545715;9338880;1649678936.0248885
913;-0.2746727466583252;9349120;1649678936.0951688
914;-0.2116568386554718;9359360;1649678936.1607137
915;-0.291009783744812;9369600;1649678936.2275784
916;-0.24771390855312347;9379840;1649678936.2954142
917;-0.3424772024154663;9390080;1649678936.3652744
918;-0.3085970878601074;9400320;1649678936.4362652
919;-0.3097599148750305;9410560;1649678936.5063932
920;-0.23865853250026703;9420800;1649678936.5806882
921;-0.3441493511199951;9431040;1649678936.6494932
922;-0.3151839077472687;9441280;1649678936.7184644
923;-0.18910816311836243;9451520;1649678936.789298
924;-0.2209407240152359;9461760;1649678936.8601525
925;-0.22520321607589722;9472000;1649678936.9290235
926;-0.24244947731494904;9482240;1649678937.0052245
927;-0.2523793578147888;9492480;1649678937.0774288
928;-0.24666573107242584;9502720;1649678937.142043
929;-0.3761647939682007;9512960;1649678937.2100449
930;-0.25105011463165283;9523200;1649678937.2763572
931;-0.41039565205574036;9533440;1649678937.342317
932;-0.3151642680168152;9543680;1649678937.4179232
933;-0.23016071319580078;9553920;1649678937.4906988
934;-0.3268977105617523;9564160;1649678937.5573974
935;-0.269045352935791;9574400;1649678937.6269453
936;-0.3333060145378113;9584640;1649678937.693148
937;-0.24429723620414734;9594880;1649678937.7593925
938;-0.2400909960269928;9605120;1649678937.8265612
939;-0.3418397009372711;9615360;1649678937.897178
940;-0.3038870096206665;9625600;1649678937.9676092
941;-0.2354232668876648;9635840;1649678938.0438495
942;-0.4845034182071686;9646080;1649678938.1125557
943;-0.23383647203445435;9656320;1649678938.183834
944;-0.29058849811553955;9666560;1649678938.2574506
945;-0.28463122248649597;9676800;1649678938.3239808
946;-0.2727505564689636;9687040;1649678938.3941216
947;-0.17604714632034302;9697280;1649678938.4659512
948;-0.2656850814819336;9707520;1649678938.53458
949;-0.28761547803878784;9717760;1649678938.6032681
950;-0.22803562879562378;9728000;1649678938.6705036
951;-0.2088344544172287;9738240;1649678938.7360098
952;-0.19201898574829102;9748480;1649678938.8086808
953;-0.26200780272483826;9758720;1649678938.8804543
954;-0.37271571159362793;9768960;1649678938.9514341
955;-0.27168408036231995;9779200;1649678939.0269988
956;-0.2243242859840393;9789440;1649678939.101045
957;-0.2396588921546936;9799680;1649678939.1705165
958;-0.22206032276153564;9809920;1649678939.2381277
959;-0.20419374108314514;9820160;1649678939.3142493
960;-0.1661871373653412;9830400;1649678939.3896894
961;-0.26211923360824585;9840640;1649678939.4659576
962;-0.21857130527496338;9850880;1649678939.5332475
963;-0.17917591333389282;9861120;1649678939.6038728
964;-0.2550387978553772;9871360;1649678939.6641061
965;-0.4432724118232727;9881600;1649678939.7250907
966;-0.6840074062347412;9891840;1649678939.784484
967;-0.27238595485687256;9902080;1649678939.8432024
968;-0.31660032272338867;9912320;1649678939.902997
969;-0.2427469789981842;9922560;1649678939.9670212
970;-0.21777719259262085;9932800;1649678940.0233562
971;-0.2682417631149292;9943040;1649678940.0834696
972;-0.20789164304733276;9953280;1649678940.1497724
973;-0.16185642778873444;9963520;1649678940.210701
974;-0.25662368535995483;9973760;1649678940.265085
975;-0.3275850713253021;9984000;1649678940.3226073
976;-0.2526417374610901;9994240;1649678940.3769236
977;-0.25781896710395813;10004480;1649678940.4377306
978;-0.39202484488487244;10014720;1649678940.5053647
979;-0.4016878604888916;10024960;1649678940.567175
980;-0.49037399888038635;10035200;1649678940.631279
981;-0.45243874192237854;10045440;1649678940.6918316
982;-0.3163209557533264;10055680;1649678940.7515152
983;-0.2821960151195526;10065920;1649678940.812285
984;-0.34151971340179443;10076160;1649678940.8726144
985;-0.2893240451812744;10086400;1649678940.9310088
986;-0.34049397706985474;10096640;1649678940.990604
987;-0.2532839775085449;10106880;1649678941.0554056
988;-0.21836543083190918;10117120;1649678941.1146915
989;-0.23621751368045807;10127360;1649678941.1746125
990;-0.29841387271881104;10137600;1649678941.2342622
991;-0.2890375256538391;10147840;1649678941.3111157
992;-0.24278277158737183;10158080;1649678941.369926
993;-0.20311099290847778;10168320;1649678941.428714
994;-0.30266886949539185;10178560;1649678941.4845243
995;-0.22492551803588867;10188800;1649678941.5449708
996;-0.3064092993736267;10199040;1649678941.6051471
997;-0.4103958010673523;10209280;1649678941.664689
998;-0.32884785532951355;10219520;1649678941.724194
999;-0.30278727412223816;10229760;1649678941.783242
1000;-0.25844910740852356;10240000;1649678944.2751646
1001;-0.21660904586315155;10250240;1649678944.339597
1002;-0.42735961079597473;10260480;1649678944.4064536
1003;-0.308133602142334;10270720;1649678944.4757793
1004;-0.22988983988761902;10280960;1649678944.549561
1005;-0.25361600518226624;10291200;1649678944.6234655
1006;-0.2486877590417862;10301440;1649678944.6965108
1007;-0.22759553790092468;10311680;1649678944.767295
1008;-0.21773026883602142;10321920;1649678944.83345
1009;-0.17851540446281433;10332160;1649678944.8982892
1010;-0.20436005294322968;10342400;1649678944.9700847
1011;-0.2055554986000061;10352640;1649678945.0382545
1012;-0.4975036084651947;10362880;1649678945.107166
1013;-0.203598290681839;10373120;1649678945.180442
1014;-0.3808743357658386;10383360;1649678945.272014
1015;-0.40284019708633423;10393600;1649678945.3393779
1016;-0.21817634999752045;10403840;1649678945.410756
1017;-0.3235291838645935;10414080;1649678945.4834259
1018;-0.20717203617095947;10424320;1649678945.5535727
1019;-0.20430304110050201;10434560;1649678945.625569
1020;-0.2392653226852417;10444800;1649678945.6957772
1021;-0.18539997935295105;10455040;1649678945.7635612
1022;-0.17846336960792542;10465280;1649678945.8343227
1023;-0.1742626130580902;10475520;1649678945.9099715
1024;-0.21339085698127747;10485760;1649678945.9764345
1025;-0.22547736763954163;10496000;1649678946.0489948
1026;-0.16580328345298767;10506240;1649678946.1266944
1027;-0.16287532448768616;10516480;1649678946.197176
1028;-0.22667905688285828;10526720;1649678946.2676463
1029;-0.20908117294311523;10536960;1649678946.3392317
1030;-0.21777430176734924;10547200;1649678946.4046652
1031;-0.31305330991744995;10557440;1649678946.4732873
1032;-0.20437036454677582;10567680;1649678946.54233
1033;-0.2070428431034088;10577920;1649678946.610725
1034;-0.1700221598148346;10588160;1649678946.6841142
1035;-0.18956713378429413;10598400;1649678946.7581542
1036;-0.16304059326648712;10608640;1649678946.82509
1037;-0.2324967086315155;10618880;1649678946.895137
1038;-0.17041873931884766;10629120;1649678946.965912
1039;-0.19035615026950836;10639360;1649678947.0367174
1040;-0.3069673180580139;10649600;1649678947.1055171
1041;-0.2463928461074829;10659840;1649678947.1761737
1042;-0.18994450569152832;10670080;1649678947.2458744
1043;-0.10955891013145447;10680320;1649678947.311029
1044;-0.21407288312911987;10690560;1649678947.376859
1045;-0.29243162274360657;10700800;1649678947.4465973
1046;-0.1678687334060669;10711040;1649678947.5118227
1047;-0.524600088596344;10721280;1649678947.5739157
1048;-0.21022340655326843;10731520;1649678947.6327693
1049;-0.46273213624954224;10741760;1649678947.6954
1050;-0.21517452597618103;10752000;1649678947.7677796
1051;-0.11926610767841339;10762240;1649678947.8373625
1052;-0.1765492558479309;10772480;1649678947.8943179
1053;-0.28176841139793396;10782720;1649678947.953561
1054;-0.1874879002571106;10792960;1649678948.0152752
1055;-0.18768540024757385;10803200;1649678948.0775611
1056;-0.18400084972381592;10813440;1649678948.1362138
1057;-0.20500591397285461;10823680;1649678948.192508
1058;-0.23400765657424927;10833920;1649678948.26011
1059;-0.16988909244537354;10844160;1649678948.32401
1060;-0.2456236630678177;10854400;1649678948.3774853
1061;-0.21331794559955597;10864640;1649678948.434263
1062;-0.18015366792678833;10874880;1649678948.49849
1063;-0.31246060132980347;10885120;1649678948.5726094
1064;-0.252413809299469;10895360;1649678948.632915
1065;-0.21567684412002563;10905600;1649678948.694202
1066;-0.19332227110862732;10915840;1649678948.7525842
1067;-0.18339642882347107;10926080;1649678948.814346
1068;-0.21033449470996857;10936320;1649678948.8840919
1069;-0.18945421278476715;10946560;1649678948.9500341
1070;-0.17107397317886353;10956800;1649678949.017046
1071;-0.32994508743286133;10967040;1649678949.0887284
1072;-0.21955551207065582;10977280;1649678949.1566994
1073;-0.2644881308078766;10987520;1649678949.2209737
1074;-0.4726662337779999;10997760;1649678949.2825618
1075;-0.3226221799850464;11008000;1649678949.3363645
1076;-0.1458485871553421;11018240;1649678949.3935406
1077;-0.169619619846344;11028480;1649678949.4575775
1078;-0.31829607486724854;11038720;1649678949.5149276
1079;-0.21432504057884216;11048960;1649678949.5780492
1080;-0.13241355121135712;11059200;1649678949.63413
1081;-0.17070350050926208;11069440;1649678949.690321
1082;-0.2415141761302948;11079680;1649678949.746871
1083;-0.21433207392692566;11089920;1649678949.8091083
1084;-0.21315225958824158;11100160;1649678949.867197
1085;-0.18959051370620728;11110400;1649678949.9315991
1086;-0.20475521683692932;11120640;1649678949.9968216
1087;-0.20066601037979126;11130880;1649678950.0561526
1088;-0.2305552363395691;11141120;1649678950.118999
1089;-0.2590629458427429;11151360;1649678950.1760259
1090;-0.20045417547225952;11161600;1649678950.2407944
1091;-0.15792341530323029;11171840;1649678950.29614
1092;-0.18003913760185242;11182080;1649678950.3598151
1093;-0.22330687940120697;11192320;1649678950.4293964
1094;-0.1791103035211563;11202560;1649678950.4919994
1095;-0.31784510612487793;11212800;1649678950.5639071
1096;-0.13565722107887268;11223040;1649678950.6258519
1097;-0.18453994393348694;11233280;1649678950.6865618
1098;-0.16941705346107483;11243520;1649678950.745905
1099;-0.1561158001422882;11253760;1649678950.8094947
1100;-0.2738177180290222;11264000;1649678953.6048384
1101;-0.17995676398277283;11274240;1649678953.6695173
1102;-0.28286945819854736;11284480;1649678953.730179
1103;-0.20085372030735016;11294720;1649678953.798424
1104;-0.2878802418708801;11304960;1649678953.861226
1105;-0.25651612877845764;11315200;1649678953.9267652
1106;-0.18984189629554749;11325440;1649678953.9963603
1107;-0.20939895510673523;11335680;1649678954.0610266
1108;-0.18617717921733856;11345920;1649678954.118406
1109;-0.23770742118358612;11356160;1649678954.1819346
1110;-0.22169700264930725;11366400;1649678954.241704
1111;-0.20160704851150513;11376640;1649678954.3104124
1112;-0.29346513748168945;11386880;1649678954.3825839
1113;-0.2278129756450653;11397120;1649678954.4493747
1114;-0.1656569540500641;11407360;1649678954.5172448
1115;-0.27327799797058105;11417600;1649678954.5921586
1116;-0.3041515350341797;11427840;1649678954.6574948
1117;-0.27347588539123535;11438080;1649678954.716481
1118;-0.21386486291885376;11448320;1649678954.7766535
1119;-0.3640919625759125;11458560;1649678954.8328395
1120;-0.2364354133605957;11468800;1649678954.8902755
1121;-0.23714463412761688;11479040;1649678954.9527078
1122;-0.3085383176803589;11489280;1649678955.0238876
1123;-0.2440325915813446;11499520;1649678955.0953145
1124;-0.30711662769317627;11509760;1649678955.163122
1125;-0.3051144480705261;11520000;1649678955.2337675
1126;-0.28115344047546387;11530240;1649678955.3062901
1127;-0.27663928270339966;11540480;1649678955.3725383
1128;-0.28322991728782654;11550720;1649678955.4377491
1129;-0.1603885293006897;11560960;1649678955.5033274
1130;-0.28268975019454956;11571200;1649678955.5637279
1131;-0.2500245273113251;11581440;1649678955.6245077
1132;-0.21456503868103027;11591680;1649678955.6863415
1133;-0.28447479009628296;11601920;1649678955.7463882
1134;-0.22275610268115997;11612160;1649678955.8110254
1135;-0.2328764647245407;11622400;1649678955.8793464
1136;-0.25274157524108887;11632640;1649678955.941752
1137;-0.19212114810943604;11642880;1649678956.0133772
1138;-0.30499762296676636;11653120;1649678956.085958
1139;-0.24644024670124054;11663360;1649678956.1516855
1140;-0.19745607674121857;11673600;1649678956.2222292
1141;-0.5213160514831543;11683840;1649678956.294881
1142;-0.32827579975128174;11694080;1649678956.3628125
1143;-0.31001558899879456;11704320;1649678956.426944
1144;-0.1954943984746933;11714560;1649678956.491542
1145;-0.23314718902111053;11724800;1649678956.5499735
1146;-0.2608720362186432;11735040;1649678956.6059208
1147;-0.25130993127822876;11745280;1649678956.6643283
1148;-0.10063046962022781;11755520;1649678956.7234025
1149;-0.2530655264854431;11765760;1649678956.784111
1150;-0.19681429862976074;11776000;1649678956.8400536
1151;-0.515699028968811;11786240;1649678956.8966815
1152;-0.21362172067165375;11796480;1649678956.9560485
1153;-0.2486286461353302;11806720;1649678957.0136569
1154;-0.16044744849205017;11816960;1649678957.076126
1155;-0.2720447778701782;11827200;1649678957.1341872
1156;-0.18459627032279968;11837440;1649678957.1907933
1157;-0.2442145049571991;11847680;1649678957.2528207
1158;-0.22036051750183105;11857920;1649678957.3171046
1159;-0.16654899716377258;11868160;1649678957.379179
1160;-0.1937420666217804;11878400;1649678957.4378932
1161;-0.19579964876174927;11888640;1649678957.4951315
1162;-0.1531892567873001;11898880;1649678957.5518053
1163;-0.2303248941898346;11909120;1649678957.6166108
1164;-0.4736582040786743;11919360;1649678957.6835065
1165;-0.1789950430393219;11929600;1649678957.7450109
1166;-0.5889939069747925;11939840;1649678957.8074343
1167;-0.268710732460022;11950080;1649678957.8684738
1168;-0.2534642517566681;11960320;1649678957.9359329
1169;-0.21572178602218628;11970560;1649678957.9987552
1170;-0.2005353569984436;11980800;1649678958.066559
1171;-0.21506214141845703;11991040;1649678958.130462
1172;-0.20827338099479675;12001280;1649678958.1974623
1173;-0.23711636662483215;12011520;1649678958.259394
1174;-0.2065572440624237;12021760;1649678958.3278437
1175;-0.2231232076883316;12032000;1649678958.3922732
1176;-0.4074232578277588;12042240;1649678958.460783
1177;-0.15241192281246185;12052480;1649678958.5287378
1178;-0.24529823660850525;12062720;1649678958.600626
1179;-0.28760284185409546;12072960;1649678958.6667967
1180;-0.2374819815158844;12083200;1649678958.7304559
1181;-0.2206367552280426;12093440;1649678958.7899745
1182;-0.16686919331550598;12103680;1649678958.8551207
1183;-0.20683391392230988;12113920;1649678958.9270113
1184;-0.2082361876964569;12124160;1649678958.9936862
1185;-0.5120823979377747;12134400;1649678959.0529654
1186;-0.3004147410392761;12144640;1649678959.1213162
1187;-0.4565552771091461;12154880;1649678959.1906464
1188;-0.22907863557338715;12165120;1649678959.2575812
1189;-0.15981782972812653;12175360;1649678959.3285358
1190;-0.16095086932182312;12185600;1649678959.398189
1191;-0.38820555806159973;12195840;1649678959.4638693
1192;-0.18192249536514282;12206080;1649678959.5226038
1193;-0.21236394345760345;12216320;1649678959.589767
1194;-0.22115278244018555;12226560;1649678959.6549704
1195;-0.2130977213382721;12236800;1649678959.7174509
1196;-0.21515800058841705;12247040;1649678959.7855086
1197;-0.19946888089179993;12257280;1649678959.853379
1198;-0.2434513121843338;12267520;1649678959.9143367
1199;-0.22253717482089996;12277760;1649678959.975523
1200;-0.32569780945777893;12288000;1649678962.4166334
1201;-0.19422271847724915;12298240;1649678962.494376
1202;-0.47334861755371094;12308480;1649678962.5639148
1203;-0.18553157150745392;12318720;1649678962.6304827
1204;-0.221513569355011;12328960;1649678962.6990695
1205;-0.25655776262283325;12339200;1649678962.7680798
1206;-0.2709645628929138;12349440;1649678962.8376987
1207;-0.31167685985565186;12359680;1649678962.904158
1208;-0.20430293679237366;12369920;1649678962.9795668
1209;-0.19745585322380066;12380160;1649678963.0550115
1210;-0.28476136922836304;12390400;1649678963.1264174
1211;-0.2739589810371399;12400640;1649678963.194023
1212;-0.3226730227470398;12410880;1649678963.2613184
1213;-0.274325966835022;12421120;1649678963.3274736
1214;-0.24867618083953857;12431360;1649678963.3961658
1215;-0.19604457914829254;12441600;1649678963.4646096
1216;-0.35453566908836365;12451840;1649678963.534619
1217;-0.2439519315958023;12462080;1649678963.6056259
1218;-0.20975267887115479;12472320;1649678963.6682353
1219;-0.21767935156822205;12482560;1649678963.7350497
1220;-0.19708174467086792;12492800;1649678963.8033807
1221;-0.22661155462265015;12503040;1649678963.874874
1222;-0.21411481499671936;12513280;1649678963.9433699
1223;-0.2868892252445221;12523520;1649678964.0155432
1224;-0.4065427780151367;12533760;1649678964.0858188
1225;-0.15484130382537842;12544000;1649678964.1549637
1226;-0.18048231303691864;12554240;1649678964.22419
1227;-0.21074575185775757;12564480;1649678964.2905948
1228;-0.16612297296524048;12574720;1649678964.3608968
1229;-0.1890178769826889;12584960;1649678964.4283874
1230;-0.12458055466413498;12595200;1649678964.5005734
1231;-0.22179313004016876;12605440;1649678964.5743194
1232;-0.20100471377372742;12615680;1649678964.6396792
1233;-0.1782955527305603;12625920;1649678964.7074513
1234;-0.17445704340934753;12636160;1649678964.7740064
1235;-0.17815357446670532;12646400;1649678964.8381062
1236;-0.23623813688755035;12656640;1649678964.9066155
1237;-0.20830398797988892;12666880;1649678964.9693644
1238;-0.20714053511619568;12677120;1649678965.0354164
1239;-0.20231901109218597;12687360;1649678965.1021643
1240;-0.17485588788986206;12697600;1649678965.1699705
1241;-0.14059960842132568;12707840;1649678965.2395742
1242;-0.18053025007247925;12718080;1649678965.307843
1243;-0.17983558773994446;12728320;1649678965.3793235
1244;-0.26287490129470825;12738560;1649678965.4497147
1245;-0.3252342939376831;12748800;1649678965.5186565
1246;-0.30863747000694275;12759040;1649678965.588269
1247;-0.32039323449134827;12769280;1649678965.6596446
1248;-0.16885429620742798;12779520;1649678965.7239952
1249;-0.2336069792509079;12789760;1649678965.820021
1250;-0.23717962205410004;12800000;1649678965.8888304
1251;-0.15701782703399658;12810240;1649678965.958939
1252;-0.2135249376296997;12820480;1649678966.0254993
1253;-0.20699521899223328;12830720;1649678966.0937076
1254;-0.2225828319787979;12840960;1649678966.1590283
1255;-0.13385498523712158;12851200;1649678966.222621
1256;-0.1868017017841339;12861440;1649678966.295139
1257;-0.16998204588890076;12871680;1649678966.3726935
1258;-0.12594828009605408;12881920;1649678966.4451623
1259;-0.23649238049983978;12892160;1649678966.5180392
1260;-0.16080811619758606;12902400;1649678966.5908818
1261;-0.1823527216911316;12912640;1649678966.6592615
1262;-0.26831454038619995;12922880;1649678966.7236054
1263;-0.1793147325515747;12933120;1649678966.7891216
1264;-0.16779083013534546;12943360;1649678966.861683
1265;-0.1754148304462433;12953600;1649678966.933556
1266;-0.3183411955833435;12963840;1649678967.004117
1267;-0.1554792821407318;12974080;1649678967.0752327
1268;-0.20740146934986115;12984320;1649678967.1391857
1269;-0.15603052079677582;12994560;1649678967.202105
1270;-0.1608283817768097;13004800;1649678967.2739842
1271;-0.22048044204711914;13015040;1649678967.3465493
1272;-0.18671059608459473;13025280;1649678967.4151957
1273;-0.19870644807815552;13035520;1649678967.4873788
1274;-0.17026308178901672;13045760;1649678967.5586388
1275;-0.18072719871997833;13056000;1649678967.6288652
1276;-0.5488836765289307;13066240;1649678967.6995401
1277;-0.26385533809661865;13076480;1649678967.7700458
1278;-0.21747338771820068;13086720;1649678967.8383749
1279;-0.20577402412891388;13096960;1649678967.910156
1280;-0.19881460070610046;13107200;1649678967.9854283
1281;-0.2735975980758667;13117440;1649678968.0626476
1282;-0.2875747084617615;13127680;1649678968.1435807
1283;-0.20778824388980865;13137920;1649678968.224194
1284;-0.22436735033988953;13148160;1649678968.2994735
1285;-0.16539569199085236;13158400;1649678968.3690803
1286;-0.19521960616111755;13168640;1649678968.4339833
1287;-0.23578178882598877;13178880;1649678968.5014675
1288;-0.1383354514837265;13189120;1649678968.568393
1289;-0.10025046020746231;13199360;1649678968.6318107
1290;-0.18618497252464294;13209600;1649678968.6971362
1291;-0.23546940088272095;13219840;1649678968.7708585
1292;-0.10313063859939575;13230080;1649678968.834283
1293;-0.18676640093326569;13240320;1649678968.9005575
1294;-0.22575446963310242;13250560;1649678968.9647508
1295;-0.13743484020233154;13260800;1649678969.036979
1296;-0.21181035041809082;13271040;1649678969.1119046
1297;-0.17245131731033325;13281280;1649678969.173649
1298;-0.2447727620601654;13291520;1649678969.253329
1299;-0.28279852867126465;13301760;1649678969.3153365
1300;-0.1443251669406891;13312000;1649678972.1119916
1301;-0.19642463326454163;13322240;1649678972.1780589
1302;-0.17162512242794037;13332480;1649678972.2343385
1303;-0.22873732447624207;13342720;1649678972.294406
1304;-0.14571768045425415;13352960;1649678972.3538337
1305;-0.14980128407478333;13363200;1649678972.4187577
1306;-0.21325898170471191;13373440;1649678972.4858196
1307;-0.22268033027648926;13383680;1649678972.5517173
1308;-0.21613766252994537;13393920;1649678972.6152043
1309;-0.1630488932132721;13404160;1649678972.6784484
1310;-0.14431878924369812;13414400;1649678972.7360067
1311;-0.2856983542442322;13424640;1649678972.7973142
1312;-0.28456616401672363;13434880;1649678972.8600466
1313;-0.18624354898929596;13445120;1649678972.9226046
1314;-0.21495893597602844;13455360;1649678972.9871418
1315;-0.160451740026474;13465600;1649678973.0515947
1316;-0.2528822422027588;13475840;1649678973.1188698
1317;-0.18770435452461243;13486080;1649678973.1845524
1318;-0.17970125377178192;13496320;1649678973.2427597
1319;-0.34495216608047485;13506560;1649678973.3055751
1320;-0.17305801808834076;13516800;1649678973.368282
1321;-0.1922052800655365;13527040;1649678973.431936
1322;-0.14562712609767914;13537280;1649678973.4932415
1323;-0.1819092035293579;13547520;1649678973.561728
1324;-0.3547258675098419;13557760;1649678973.6268444
1325;-0.22054196894168854;13568000;1649678973.6891067
1326;-0.3952563405036926;13578240;1649678973.747108
1327;-0.18209567666053772;13588480;1649678973.8126338
1328;-0.15395784378051758;13598720;1649678973.8739545
1329;-0.4321669340133667;13608960;1649678973.9396074
1330;-0.22102603316307068;13619200;1649678974.0031729
1331;-0.104499951004982;13629440;1649678974.0694358
1332;-0.1930372714996338;13639680;1649678974.1310668
1333;-0.24066849052906036;13649920;1649678974.1915767
1334;-0.33591702580451965;13660160;1649678974.2501976
1335;-0.3080293834209442;13670400;1649678974.318397
1336;-0.1700054556131363;13680640;1649678974.3830638
1337;-0.2484685629606247;13690880;1649678974.4419837
1338;-0.35806483030319214;13701120;1649678974.5050302
1339;-0.18535073101520538;13711360;1649678974.5631273
1340;-0.18284490704536438;13721600;1649678974.6300342
1341;-0.21463346481323242;13731840;1649678974.702269
1342;-0.3252658247947693;13742080;1649678974.7679694
1343;-0.24571985006332397;13752320;1649678974.8295574
1344;-0.21351321041584015;13762560;1649678974.8861978
1345;-0.21610039472579956;13772800;1649678974.9459944
1346;-0.24327504634857178;13783040;1649678975.0078464
1347;-0.25850778818130493;13793280;1649678975.069308
1348;-0.24265038967132568;13803520;1649678975.1307304
1349;-0.16557201743125916;13813760;1649678975.194915
1350;-0.2826211750507355;13824000;1649678975.2583618
1351;-0.28066718578338623;13834240;1649678975.326008
1352;-0.3267599046230316;13844480;1649678975.393037
1353;-0.257377952337265;13854720;1649678975.4566884
1354;-0.3482564091682434;13864960;1649678975.5204432
1355;-0.17203852534294128;13875200;1649678975.5834415
1356;-0.22099146246910095;13885440;1649678975.6466353
1357;-0.22617578506469727;13895680;1649678975.7098744
1358;-0.18772970139980316;13905920;1649678975.7702246
1359;-0.20259293913841248;13916160;1649678975.8369682
1360;-0.1305272877216339;13926400;1649678975.895085
1361;-0.15494132041931152;13936640;1649678975.9521122
1362;-0.16566358506679535;13946880;1649678976.0177364
1363;-0.19447223842144012;13957120;1649678976.0808387
1364;-0.2297566831111908;13967360;1649678976.1369998
1365;-0.49819958209991455;13977600;1649678976.1918728
1366;-0.1654605120420456;13987840;1649678976.2481806
1367;-0.23217177391052246;13998080;1649678976.3045104
1368;-0.20584902167320251;14008320;1649678976.3618093
1369;-0.20829659700393677;14018560;1649678976.4233322
1370;-0.1607750952243805;14028800;1649678976.4809635
1371;-0.1802237182855606;14039040;1649678976.5399227
1372;-0.17212116718292236;14049280;1649678976.5964577
1373;-0.13702137768268585;14059520;1649678976.6627083
1374;-0.16942089796066284;14069760;1649678976.7269163
1375;-0.24593642354011536;14080000;1649678976.7864032
1376;-0.20488780736923218;14090240;1649678976.844631
1377;-0.1631430983543396;14100480;1649678976.9031057
1378;-0.23143747448921204;14110720;1649678976.9587514
1379;-0.22534197568893433;14120960;1649678977.02493
1380;-0.26320725679397583;14131200;1649678977.087862
1381;-0.1420006901025772;14141440;1649678977.1478002
1382;-0.12393288314342499;14151680;1649678977.218889
1383;-0.25507718324661255;14161920;1649678977.2809412
1384;-0.42862528562545776;14172160;1649678977.341524
1385;-0.16215592622756958;14182400;1649678977.4006681
1386;-0.22135014832019806;14192640;1649678977.4594698
1387;-0.1392771601676941;14202880;1649678977.5212715
1388;-0.37976503372192383;14213120;1649678977.585803
1389;-0.23033007979393005;14223360;1649678977.6502855
1390;-0.19677682220935822;14233600;1649678977.7134972
1391;-0.14209555089473724;14243840;1649678977.7742612
1392;-0.2040538638830185;14254080;1649678977.8379798
1393;-0.10277117788791656;14264320;1649678977.902296
1394;-0.26993173360824585;14274560;1649678977.9656024
1395;-0.16647517681121826;14284800;1649678978.0332327
1396;-0.23656314611434937;14295040;1649678978.0959928
1397;-0.22267672419548035;14305280;1649678978.1517124
1398;-0.21200618147850037;14315520;1649678978.2070029
1399;-0.22898834943771362;14325760;1649678978.2745168
1400;-0.1808498203754425;14336000;1649678980.7420309
1401;-0.23953495919704437;14346240;1649678980.8042376
1402;-0.28607553243637085;14356480;1649678980.8723693
1403;-0.18049749732017517;14366720;1649678980.942365
1404;-0.1275874376296997;14376960;1649678981.0060525
1405;-0.17499789595603943;14387200;1649678981.0811799
1406;-0.13237038254737854;14397440;1649678981.1532087
1407;-0.18430659174919128;14407680;1649678981.2262254
1408;-0.16290032863616943;14417920;1649678981.3006387
1409;-0.14182108640670776;14428160;1649678981.3795922
1410;-0.4080849885940552;14438400;1649678981.4553628
1411;-0.3454064130783081;14448640;1649678981.5323262
1412;-0.19320115447044373;14458880;1649678981.6017067
1413;-0.1513480395078659;14469120;1649678981.6691866
1414;-0.5778026580810547;14479360;1649678981.7413197
1415;-0.48794323205947876;14489600;1649678981.8209534
1416;-0.21552366018295288;14499840;1649678981.89546
1417;-0.32047611474990845;14510080;1649678981.9692664
1418;-0.2134687304496765;14520320;1649678982.0342193
1419;-0.24680210649967194;14530560;1649678982.0957706
1420;-0.19847866892814636;14540800;1649678982.162451
1421;-0.15885835886001587;14551040;1649678982.2406936
1422;-0.1896267533302307;14561280;1649678982.3134353
1423;-0.1841348558664322;14571520;1649678982.3863406
1424;-0.2051307111978531;14581760;1649678982.4657636
1425;-0.17010192573070526;14592000;1649678982.5495517
1426;-0.24026423692703247;14602240;1649678982.6299362
1427;-0.20938150584697723;14612480;1649678982.7099755
1428;-0.24364976584911346;14622720;1649678982.787052
1429;-0.24416711926460266;14632960;1649678982.8635337
1430;-0.20262651145458221;14643200;1649678982.941738
1431;-0.2630649209022522;14653440;1649678983.019874
1432;-0.6788913011550903;14663680;1649678983.106174
1433;-0.13825653493404388;14673920;1649678983.1849067
1434;-0.38690096139907837;14684160;1649678983.2659118
1435;-0.2285095453262329;14694400;1649678983.3463726
1436;-0.16127410531044006;14704640;1649678983.424751
1437;-0.2910614013671875;14714880;1649678983.4990141
1438;-0.1822161227464676;14725120;1649678983.5708077
1439;-0.17428097128868103;14735360;1649678983.6404126
1440;-0.11027209460735321;14745600;1649678983.7062182
1441;-0.195005863904953;14755840;1649678983.7751968
1442;-0.17288969457149506;14766080;1649678983.8448918
1443;-0.17113426327705383;14776320;1649678983.9222643
1444;-0.23710037767887115;14786560;1649678983.9879231
1445;-0.24592098593711853;14796800;1649678984.0615032
1446;-0.3161509335041046;14807040;1649678984.1337423
1447;-0.24093443155288696;14817280;1649678984.2065938
1448;-0.31543636322021484;14827520;1649678984.2822015
1449;-0.1681373119354248;14837760;1649678984.3676736
1450;-0.19150954484939575;14848000;1649678984.4452767
1451;-0.1813664734363556;14858240;1649678984.5170827
1452;-0.11832691729068756;14868480;1649678984.583749
1453;-0.2219027876853943;14878720;1649678984.6455183
1454;-0.30088892579078674;14888960;1649678984.7043536
1455;-0.23922273516654968;14899200;1649678984.7709386
1456;-0.1817750334739685;14909440;1649678984.8378801
1457;-0.2935885190963745;14919680;1649678984.911219
1458;-0.2111685574054718;14929920;1649678984.9793062
1459;-0.13231168687343597;14940160;1649678985.042678
1460;-0.1783677339553833;14950400;1649678985.1090028
1461;-0.1842409372329712;14960640;1649678985.184149
1462;-0.15528157353401184;14970880;1649678985.2573473
1463;-0.14414910972118378;14981120;1649678985.3254411
1464;-0.3208937644958496;14991360;1649678985.3992932
1465;-0.1134427934885025;15001600;1649678985.4722135
1466;-0.11740829050540924;15011840;1649678985.5465643
1467;-0.09476491808891296;15022080;1649678985.612293
1468;-0.1977638453245163;15032320;1649678985.6735635
1469;-0.17631728947162628;15042560;1649678985.7423792
1470;-0.21089297533035278;15052800;1649678985.8093941
1471;-0.09238424897193909;15063040;1649678985.8813736
1472;-0.12107587605714798;15073280;1649678985.947474
1473;-0.20319892466068268;15083520;1649678986.0096292
1474;-0.31155186891555786;15093760;1649678986.0873845
1475;-0.09717386960983276;15104000;1649678986.1681135
1476;-0.14802615344524384;15114240;1649678986.2425983
1477;-0.15109038352966309;15124480;1649678986.3100352
1478;-0.10468018054962158;15134720;1649678986.3902833
1479;-0.174379363656044;15144960;1649678986.469923
1480;-0.2170671820640564;15155200;1649678986.5411904
1481;-0.1391790509223938;15165440;1649678986.6243207
1482;-0.1630239337682724;15175680;1649678986.6921499
1483;-0.2190006524324417;15185920;1649678986.759422
1484;-0.16145256161689758;15196160;1649678986.83485
1485;-0.17064014077186584;15206400;1649678986.898995
1486;-0.13715550303459167;15216640;1649678986.9754362
1487;-0.13886623084545135;15226880;1649678987.0478868
1488;-0.126887708902359;15237120;1649678987.1232643
1489;-0.15415385365486145;15247360;1649678987.1945853
1490;-0.1742914617061615;15257600;1649678987.2707353
1491;-0.22124160826206207;15267840;1649678987.3477867
1492;-0.17701584100723267;15278080;1649678987.4176059
1493;-0.2131095826625824;15288320;1649678987.4855158
1494;-0.2537253797054291;15298560;1649678987.5605984
1495;-0.1937476545572281;15308800;1649678987.6330233
1496;-0.15033702552318573;15319040;1649678987.7016675
1497;-0.15020668506622314;15329280;1649678987.7793133
1498;-0.18572813272476196;15339520;1649678987.852104
1499;-0.17166364192962646;15349760;1649678987.9220862
1500;-0.23052331805229187;15360000;1649678991.0892103
1501;-0.184089794754982;15370240;1649678991.1686735
1502;-0.18301540613174438;15380480;1649678991.2500055
1503;-0.16371165215969086;15390720;1649678991.3274848
1504;-0.32494649291038513;15400960;1649678991.3950806
1505;-0.2881114184856415;15411200;1649678991.4676204
1506;-0.18912705779075623;15421440;1649678991.534391
1507;-0.4308272898197174;15431680;1649678991.5911226
1508;-0.20979267358779907;15441920;1649678991.6516798
1509;-0.21010971069335938;15452160;1649678991.7114959
1510;-0.20600368082523346;15462400;1649678991.7759416
1511;-0.10662443935871124;15472640;1649678991.836759
1512;-0.1210506409406662;15482880;1649678991.8990061
1513;-0.18639826774597168;15493120;1649678991.9671056
1514;-0.19233685731887817;15503360;1649678992.0552034
1515;-0.12682044506072998;15513600;1649678992.1317856
1516;-0.18723830580711365;15523840;1649678992.2083323
1517;-0.18638433516025543;15534080;1649678992.2799952
1518;-0.49424171447753906;15544320;1649678992.3583202
1519;-0.6935967803001404;15554560;1649678992.4462094
1520;-0.1486915796995163;15564800;1649678992.5105197
1521;-0.2787003517150879;15575040;1649678992.5742037
1522;-0.16113239526748657;15585280;1649678992.6376405
1523;-0.4341225028038025;15595520;1649678992.7079344
1524;-0.12488538771867752;15605760;1649678992.7783794
1525;-0.11857639253139496;15616000;1649678992.8527594
1526;-0.16564826667308807;15626240;1649678992.9238212
1527;-0.17585645616054535;15636480;1649678992.9851038
1528;-0.24761758744716644;15646720;1649678993.0435238
1529;-0.20443271100521088;15656960;1649678993.1025994
1530;-0.2070162296295166;15667200;1649678993.170886
1531;-0.2268950641155243;15677440;1649678993.2374933
1532;-0.2697857916355133;15687680;1649678993.2947655
1533;-0.2517908811569214;15697920;1649678993.358339
1534;-0.14325158298015594;15708160;1649678993.417817
1535;-0.23489274084568024;15718400;1649678993.4762554
1536;-0.21168386936187744;15728640;1649678993.5503488
1537;-0.21759095788002014;15738880;1649678993.6138165
1538;-0.20020778477191925;15749120;1649678993.6854596
1539;-0.30427688360214233;15759360;1649678993.753773
1540;-0.27294737100601196;15769600;1649678993.8266206
1541;-0.2360449731349945;15779840;1649678993.8995767
1542;-0.13669252395629883;15790080;1649678993.9686666
1543;-0.18037289381027222;15800320;1649678994.0327373
1544;-0.15030056238174438;15810560;1649678994.1058168
1545;-0.16284871101379395;15820800;1649678994.1781912
1546;-0.22276932001113892;15831040;1649678994.2509606
1547;-0.17712253332138062;15841280;1649678994.3245633
1548;-0.29238367080688477;15851520;1649678994.396649
1549;-0.15958526730537415;15861760;1649678994.4696531
1550;-0.15567061305046082;15872000;1649678994.541725
1551;-0.1314239501953125;15882240;1649678994.6207693
1552;-0.1763576865196228;15892480;1649678994.6991541
1553;-0.15562546253204346;15902720;1649678994.776396
1554;-0.19342972338199615;15912960;1649678994.8478577
1555;-0.14069196581840515;15923200;1649678994.9173164
1556;-0.14921271800994873;15933440;1649678994.9869819
1557;-0.4153587222099304;15943680;1649678995.0571513
1558;-0.21320556104183197;15953920;1649678995.1263735
1559;-0.16863179206848145;15964160;1649678995.189954
1560;-0.13788151741027832;15974400;1649678995.255268
1561;-0.2273300290107727;15984640;1649678995.3298986
1562;-0.1982479989528656;15994880;1649678995.3997514
1563;-0.1432356834411621;16005120;1649678995.4708402
1564;-0.16276134550571442;16015360;1649678995.5404587
1565;-0.21918773651123047;16025600;1649678995.609871
1566;-0.21045583486557007;16035840;1649678995.6813445
1567;-0.2771521210670471;16046080;1649678995.7510579
1568;-0.23416726291179657;16056320;1649678995.8221514
1569;-0.8528761863708496;16066560;1649678995.893336
1570;-0.1613341122865677;16076800;1649678995.9622085
1571;-0.22830593585968018;16087040;1649678996.0334344
1572;-0.16393843293190002;16097280;1649678996.1025064
1573;-0.2826652526855469;16107520;1649678996.1768146
1574;-0.14874865114688873;16117760;1649678996.2471516
1575;-0.13682571053504944;16128000;1649678996.3176198
1576;-0.2434350848197937;16138240;1649678996.3881428
1577;-0.14955374598503113;16148480;1649678996.457851
1578;-0.11212347447872162;16158720;1649678996.5253377
1579;-0.18244428932666779;16168960;1649678996.5941718
1580;-0.17565187811851501;16179200;1649678996.6627014
1581;-0.1693618893623352;16189440;1649678996.7307544
1582;-0.18615402281284332;16199680;1649678996.7955604
1583;-0.3134514093399048;16209920;1649678996.8587873
1584;-0.25308531522750854;16220160;1649678996.9325173
1585;-0.17116384208202362;16230400;1649678997.0001442
1586;-0.11265623569488525;16240640;1649678997.0603423
1587;-0.15207669138908386;16250880;1649678997.1222978
1588;-0.18821784853935242;16261120;1649678997.1942022
1589;-0.13812033832073212;16271360;1649678997.264439
1590;-0.14698012173175812;16281600;1649678997.3294692
1591;-0.13488905131816864;16291840;1649678997.3947346
1592;-0.1691468060016632;16302080;1649678997.4583323
1593;-0.11363166570663452;16312320;1649678997.5216603
1594;-0.08917106688022614;16322560;1649678997.5890865
1595;-0.1945139765739441;16332800;1649678997.6592374
1596;-0.17564897239208221;16343040;1649678997.7283049
1597;-0.211229145526886;16353280;1649678997.7930846
1598;-0.16971296072006226;16363520;1649678997.8522565
1599;-0.2143099457025528;16373760;1649678997.913777
1600;-0.12611199915409088;16384000;1649679000.4592645
