;LR;Steps;Wall_Time
0;0.00019999999494757503;1;1649755858.417385
1;0.00019998000061605126;1;1649755860.5316925
2;0.00019996000628452748;1;1649755862.5292933
3;0.0001999400119530037;1;1649755864.436838
4;0.00019992001762147993;1;1649755866.3872583
5;0.00019990002328995615;1;1649755868.3487577
6;0.00019988002895843238;1;1649755870.3188784
7;0.00019986004917882383;1;1649755872.2975507
8;0.00019984005484730005;1;1649755874.2783923
9;0.0001998200750676915;1;1649755876.2542658
10;0.00019980009528808296;1;1649755878.2743552
11;0.0001997801155084744;1;1649755880.3128252
12;0.00019976013572886586;1;1649755882.385836
13;0.00019974015594925731;1;1649755884.4202619
14;0.00019972017616964877;1;1649755886.5129848
15;0.00019970021094195545;1;1649755888.6401794
16;0.00019968024571426213;1;1649755890.7790067
17;0.00019966026593465358;1;1649755892.9887238
18;0.00019964030070696026;1;1649755895.3725474
19;0.00019962033547926694;1;1649755897.6943526
20;0.00019960038480348885;1;1649755900.004759
21;0.00019958041957579553;1;1649755902.3652384
22;0.00019956046890001744;1;1649755904.790884
23;0.00019954050367232412;1;1649755907.2810738
24;0.00019952055299654603;1;1649755909.8737028
25;0.00019950060232076794;1;1649755912.492141
26;0.00019948065164498985;1;1649755915.1271038
27;0.00019946070096921176;1;1649755917.9205928
28;0.00019944075029343367;1;1649755920.5741386
29;0.0001994208141695708;1;1649755923.2408764
30;0.0001994008634937927;1;1649755925.8720164
31;0.00019938092736992985;1;1649755928.5309997
32;0.000199360991246067;1;1649755931.0976834
33;0.00019934105512220412;1;1649755933.679565
34;0.00019932111899834126;1;1649755936.3319955
35;0.0001993011828744784;1;1649755938.9378865
36;0.00019928126130253077;1;1649755941.5517411
37;0.0001992613251786679;1;1649755944.129362
38;0.00019924140360672027;1;1649755946.8081372
39;0.00019922148203477263;1;1649755949.4919832
40;0.000199201560462825;1;1649755952.0784152
41;0.00019918163889087737;1;1649755954.6648118
42;0.00019916171731892973;1;1649755957.3370852
43;0.00019914181029889733;1;1649755960.0527928
44;0.0001991218887269497;1;1649755962.713277
45;0.00019910198170691729;1;1649755965.3346684
46;0.00019908206013496965;1;1649755968.03333
47;0.00019906215311493725;1;1649755970.7052126
48;0.00019904224609490484;1;1649755973.397131
49;0.00019902235362678766;1;1649755976.130853
50;0.00019900244660675526;1;1649755978.8884
51;0.00019898253958672285;1;1649755981.5874233
52;0.00019896264711860567;1;1649755984.3147855
53;0.0001989427546504885;1;1649755987.0419333
54;0.00019892286218237132;1;1649755989.740286
55;0.00019890296971425414;1;1649755992.5678399
56;0.00019888307724613696;1;1649755995.3948536
57;0.00019886318477801979;1;1649755998.155208
58;0.00019884330686181784;1;1649756000.9285078
59;0.00019882341439370066;1;1649756003.6991043
60;0.0001988035364774987;1;1649756006.497662
61;0.00019878365856129676;1;1649756009.282007
62;0.0001987637806450948;1;1649756012.0758283
63;0.00019874390272889286;1;1649756014.8462782
64;0.00019872402481269091;1;1649756017.6456497
65;0.00019870414689648896;1;1649756020.6593404
66;0.00019868428353220224;1;1649756023.5427792
67;0.0001986644056160003;1;1649756026.3699322
68;0.00019864454225171357;1;1649756029.1892943
69;0.00019862467888742685;1;1649756031.9996185
70;0.00019860481552314013;1;1649756034.8490305
71;0.0001985849521588534;1;1649756037.708677
72;0.00019856510334648192;1;1649756040.663008
73;0.0001985452399821952;1;1649756043.4689732
74;0.0001985253911698237;1;1649756046.380179
75;0.00019850554235745221;1;1649756049.3277507
76;0.0001984856789931655;1;1649756052.206271
77;0.000198465830180794;1;1649756055.0589306
78;0.00019844599592033774;1;1649756057.9936428
79;0.00019842614710796624;1;1649756061.0142522
80;0.00019840629829559475;1;1649756063.9217973
81;0.0001983864640351385;1;1649756066.8491664
82;0.00019836662977468222;1;1649756069.7617278
83;0.00019834678096231073;1;1649756072.7084537
84;0.00019832694670185447;1;1649756075.6408768
85;0.00019830712699331343;1;1649756078.6664762
86;0.00019828729273285717;1;1649756081.6685214
87;0.0001982674584724009;1;1649756084.5798607
88;0.00019824763876385987;1;1649756087.4997573
89;0.0001982278045034036;1;1649756090.4178843
90;0.00019820798479486257;1;1649756093.3677032
91;0.00019818816508632153;1;1649756096.2964675
92;0.0001981683453777805;1;1649756099.2922728
93;0.00019814852566923946;1;1649756102.3534193
94;0.00019812872051261365;1;1649756105.3831334
95;0.00019810890080407262;1;1649756108.423126
96;0.0001980890956474468;1;1649756111.497788
97;0.00019806927593890578;1;1649756114.610751
98;0.00019804947078227997;1;1649756117.6887393
99;0.00019802966562565416;1;1649756120.8026252
100;0.00019800986046902835;1;1649756124.0824661
101;0.00019799006986431777;1;1649756127.2167346
102;0.00019797026470769197;1;1649756130.386935
103;0.0001979504741029814;1;1649756133.5829978
104;0.00019793066894635558;1;1649756136.7740073
105;0.000197910878341645;1;1649756139.958325
106;0.00019789108773693442;1;1649756143.1366959
107;0.00019787129713222384;1;1649756146.302353
108;0.0001978515210794285;1;1649756149.4649684
109;0.00019783173047471792;1;1649756152.6669803
110;0.00019781193987000734;1;1649756155.82327
111;0.00019779216381721199;1;1649756158.956469
112;0.00019777238776441664;1;1649756162.148609
113;0.00019775261171162128;1;1649756165.33205
114;0.00019773283565882593;1;1649756168.536078
115;0.00019771305960603058;1;1649756171.7803998
116;0.00019769328355323523;1;1649756175.06109
117;0.0001976735220523551;1;1649756178.2468307
118;0.00019765374599955976;1;1649756181.4240386
119;0.00019763398449867964;1;1649756184.6240551
120;0.00019761422299779952;1;1649756187.82088
121;0.0001975944614969194;1;1649756190.9964747
122;0.00019757469999603927;1;1649756194.1286058
123;0.00019755493849515915;1;1649756197.3627915
124;0.00019753519154619426;1;1649756200.5070536
125;0.00019751543004531413;1;1649756203.7132182
126;0.00019749568309634924;1;1649756206.8905585
127;0.00019747593614738435;1;1649756210.0673833
128;0.00019745618919841945;1;1649756213.402252
129;0.00019743644224945456;1;1649756216.7285128
130;0.00019741669530048966;1;1649756220.0172858
131;0.00019739696290344;1;1649756223.3311734
132;0.0001973772159544751;1;1649756226.6583405
133;0.00019735748355742544;1;1649756229.9680803
134;0.00019733773660846055;1;1649756233.218581
135;0.00019731800421141088;1;1649756236.4463944
136;0.00019729827181436121;1;1649756239.7131577
137;0.00019727855396922678;1;1649756242.9616382
138;0.0001972588215721771;1;1649756246.2178261
139;0.00019723908917512745;1;1649756249.621925
140;0.000197219371329993;1;1649756252.9026248
141;0.00019719965348485857;1;1649756256.2206178
142;0.00019717993563972414;1;1649756259.6164076
143;0.0001971602177945897;1;1649756262.9991798
144;0.00019714049994945526;1;1649756266.3314137
145;0.00019712078210432082;1;1649756269.7200804
146;0.0001971010642591864;1;1649756272.9809418
147;0.00019708136096596718;1;1649756276.2607253
148;0.00019706165767274797;1;1649756279.6324084
149;0.00019704193982761353;1;1649756282.9536324
150;0.00019702223653439432;1;1649756286.2346663
151;0.00019700253324117512;1;1649756289.5157695
152;0.00019698284449987113;1;1649756292.815945
153;0.00019696314120665193;1;1649756296.1209872
154;0.00019694343791343272;1;1649756299.431842
155;0.00019692374917212874;1;1649756302.7670918
156;0.00019690406043082476;1;1649756306.107542
157;0.00019688437168952078;1;1649756309.4314141
158;0.0001968646829482168;1;1649756312.7885604
159;0.00019684499420691282;1;1649756316.1657836
160;0.00019682530546560884;1;1649756319.5585544
161;0.00019680563127622008;1;1649756322.95163
162;0.0001967859425349161;1;1649756326.3437574
163;0.00019676626834552735;1;1649756329.7045157
164;0.0001967465941561386;1;1649756333.0985167
165;0.00019672691996674985;1;1649756336.5952482
166;0.0001967072457773611;1;1649756339.9931483
167;0.00019668757158797234;1;1649756343.3907259
168;0.0001966678973985836;1;1649756346.7470324
169;0.00019664823776111007;1;1649756350.1637125
170;0.00019662856357172132;1;1649756353.6311898
171;0.0001966089039342478;1;1649756356.9664893
172;0.00019658924429677427;1;1649756360.4097078
173;0.00019656958465930074;1;1649756363.706726
174;0.00019654992502182722;1;1649756367.0406876
175;0.00019653027993626893;1;1649756370.4055555
176;0.0001965106202987954;1;1649756373.6685512
177;0.0001964909752132371;1;1649756376.9938846
178;0.00019647131557576358;1;1649756380.2422607
179;0.0001964516704902053;1;1649756383.5540476
180;0.000196432025404647;1;1649756386.8177845
181;0.0001964123803190887;1;1649756390.0524771
182;0.00019639274978544563;1;1649756393.3641307
183;0.00019637310469988734;1;1649756396.6198287
184;0.00019635347416624427;1;1649756399.9413013
185;0.00019633382908068597;1;1649756403.2238955
186;0.0001963141985470429;1;1649756406.505674
187;0.00019629456801339984;1;1649756409.8385532
188;0.00019627493747975677;1;1649756413.105642
189;0.0001962553069461137;1;1649756416.3083088
190;0.00019623569096438587;1;1649756419.5860379
191;0.0001962160604307428;1;1649756422.8219404
192;0.00019619644444901496;1;1649756426.0002666
193;0.00019617682846728712;1;1649756429.2094672
194;0.00019615719793364406;1;1649756432.369395
195;0.00019613758195191622;1;1649756435.535602
196;0.0001961179805221036;1;1649756438.782055
197;0.00019609836454037577;1;1649756442.0197363
198;0.00019607874855864793;1;1649756445.253439
199;0.00019605914712883532;1;1649756448.52326
200;0.0001960395456990227;1;1649756451.7718647
201;0.00019601992971729487;1;1649756455.0950956
202;0.00019600032828748226;1;1649756458.3349438
203;0.00019598072685766965;1;1649756461.5455022
204;0.00019596113997977227;1;1649756464.8195908
205;0.00019594153854995966;1;1649756468.1146007
206;0.00019592193712014705;1;1649756471.3332286
207;0.00019590235024224967;1;1649756474.6066742
208;0.00019588276336435229;1;1649756477.8230486
209;0.0001958631764864549;1;1649756481.0789034
210;0.00019584358960855752;1;1649756484.3590364
211;0.00019582400273066014;1;1649756487.6208067
212;0.00019580441585276276;1;1649756490.8382597
213;0.0001957848435267806;1;1649756494.1304214
214;0.00019576525664888322;1;1649756497.4042985
215;0.00019574568432290107;1;1649756500.7465723
216;0.00019572611199691892;1;1649756504.0625684
217;0.00019570653967093676;1;1649756507.4525359
218;0.0001956869673449546;1;1649756510.7692869
219;0.00019566739501897246;1;1649756514.0777705
220;0.00019564783724490553;1;1649756517.4229534
221;0.00019562826491892338;1;1649756520.7693253
222;0.00019560870714485645;1;1649756524.123461
223;0.00019558914937078953;1;1649756527.4872668
224;0.0001955695915967226;1;1649756530.8962567
225;0.00019555003382265568;1;1649756534.2050364
226;0.00019553047604858875;1;1649756537.5291555
227;0.00019551091827452183;1;1649756540.8747864
228;0.00019549137505237013;1;1649756544.2187934
229;0.0001954718172783032;1;1649756547.51799
230;0.0001954522740561515;1;1649756550.8898702
231;0.0001954327308339998;1;1649756554.1509867
232;0.00019541318761184812;1;1649756557.4477649
233;0.00019539364438969642;1;1649756560.7707765
234;0.00019537410116754472;1;1649756564.0556617
235;0.00019535457249730825;1;1649756567.3402972
236;0.00019533502927515656;1;1649756570.6003897
237;0.0001953155006049201;1;1649756573.9440706
238;0.00019529597193468362;1;1649756577.2919905
239;0.00019527642871253192;1;1649756580.5417745
240;0.00019525691459421068;1;1649756583.8310385
241;0.00019523738592397422;1;1649756587.1394765
242;0.00019521785725373775;1;1649756590.5252652
243;0.0001951983431354165;1;1649756593.8737838
244;0.00019517881446518004;1;1649756597.2051222
245;0.0001951593003468588;1;1649756600.5826218
246;0.00019513978622853756;1;1649756603.8127093
247;0.00019512027211021632;1;1649756607.202401
248;0.00019510075799189508;1;1649756610.5233388
249;0.00019508124387357384;1;1649756613.8882113
250;0.00019506174430716783;1;1649756617.3122191
251;0.0001950422301888466;1;1649756620.6432998
252;0.00019502273062244058;1;1649756624.0227256
253;0.00019500323105603456;1;1649756627.4608026
254;0.00019498373148962855;1;1649756630.9394786
255;0.00019496423192322254;1;1649756634.2971513
256;0.00019494473235681653;1;1649756637.7731016
257;0.00019492523279041052;1;1649756641.206927
258;0.00019490574777591974;1;1649756644.632495
259;0.00019488624820951372;1;1649756648.025189
260;0.00019486676319502294;1;1649756651.4205623
261;0.00019484727818053216;1;1649756654.8405297
262;0.00019482779316604137;1;1649756658.2988894
263;0.0001948083081515506;1;1649756661.7487128
264;0.0001947888231370598;1;1649756665.444761
265;0.00019476935267448425;1;1649756668.896236
266;0.00019474986765999347;1;1649756672.369037
267;0.00019473039719741791;1;1649756675.8786747
268;0.00019471092673484236;1;1649756679.4073777
269;0.0001946914562722668;1;1649756682.866069
270;0.00019467198580969125;1;1649756686.328516
271;0.0001946525153471157;1;1649756689.922436
272;0.00019463305943645537;1;1649756693.382119
273;0.00019461358897387981;1;1649756696.8138053
274;0.0001945941330632195;1;1649756700.3047602
275;0.00019457466260064393;1;1649756703.835095
276;0.0001945552066899836;1;1649756707.3855436
277;0.00019453575077932328;1;1649756710.9124806
278;0.00019451630942057818;1;1649756714.3410392
279;0.00019449685350991786;1;1649756717.7310836
280;0.00019447739759925753;1;1649756721.2113664
281;0.00019445795624051243;1;1649756724.6762772
282;0.0001944385003298521;1;1649756728.1894202
283;0.000194419058971107;1;1649756731.691826
284;0.0001943996176123619;1;1649756735.1398115
285;0.0001943801762536168;1;1649756738.626473
286;0.00019436074944678694;1;1649756742.1221118
287;0.00019434130808804184;1;1649756745.5679317
288;0.00019432186672929674;1;1649756749.0380003
289;0.00019430243992246687;1;1649756752.5135405
290;0.000194283013115637;1;1649756755.9976869
291;0.00019426358630880713;1;1649756759.4597344
292;0.00019424415950197726;1;1649756762.8904858
293;0.0001942247326951474;2;1649756780.5292697
294;0.00019420530588831753;2;1649756784.0256855
295;0.00019418589363340288;2;1649756787.4888349
296;0.00019416646682657301;2;1649756790.9636273
297;0.00019414705457165837;2;1649756794.4705486
298;0.00019412764231674373;2;1649756797.96578
299;0.0001941082300618291;2;1649756801.4424584
300;0.00019408881780691445;2;1649756804.9628515
301;0.0001940694055519998;2;1649756808.4696088
302;0.00019404999329708517;2;1649756812.0086167
303;0.00019403059559408575;2;1649756815.532006
304;0.00019401119789108634;2;1649756818.9890738
305;0.0001939917856361717;2;1649756822.3901227
306;0.00019397238793317229;2;1649756825.7843041
307;0.00019395299023017287;2;1649756829.2065718
308;0.00019393359252717346;2;1649756832.6050422
309;0.00019391420937608927;2;1649756835.9891055
310;0.00019389481167308986;2;1649756839.4121292
311;0.00019387542852200568;2;1649756842.8266895
312;0.00019385603081900626;2;1649756846.2997432
313;0.00019383664766792208;2;1649756849.7484024
314;0.0001938172645168379;2;1649756853.1924903
315;0.0001937978813657537;2;1649756856.6548316
316;0.00019377851276658475;2;1649756860.1070204
317;0.00019375912961550057;2;1649756863.6593049
318;0.00019373974646441638;2;1649756867.238888
319;0.00019372037786524743;2;1649756870.7469947
320;0.00019370100926607847;2;1649756874.1917489
321;0.00019368164066690952;2;1649756877.7721004
322;0.00019366227206774056;2;1649756881.287279
323;0.0001936429034685716;2;1649756884.7353857
324;0.00019362353486940265;2;1649756888.2573993
325;0.00019360418082214892;2;1649756891.7430365
326;0.00019358481222297996;2;1649756895.2491045
327;0.00019356545817572623;2;1649756898.7559347
328;0.0001935461041284725;2;1649756902.3026726
329;0.00019352675008121878;2;1649756905.7985356
330;0.00019350739603396505;2;1649756909.2839255
331;0.00019348804198671132;2;1649756912.82781
332;0.0001934686879394576;2;1649756916.3321402
333;0.0001934493484441191;2;1649756919.8091953
334;0.00019342999439686537;2;1649756923.2584724
335;0.00019341065490152687;2;1649756926.795404
336;0.00019339131540618837;2;1649756930.3463316
337;0.00019337197591084987;2;1649756933.801783
338;0.00019335263641551137;2;1649756937.3449824
339;0.0001933333114720881;2;1649756940.9112399
340;0.0001933139719767496;2;1649756944.4271748
341;0.00019329464703332633;2;1649756947.9296925
342;0.00019327530753798783;2;1649756951.4576414
343;0.00019325598259456456;2;1649756954.9471602
344;0.00019323665765114129;2;1649756958.4805145
345;0.00019321733270771801;2;1649756962.0455775
346;0.00019319800776429474;2;1649756965.544761
347;0.0001931786973727867;2;1649756969.0841465
348;0.00019315937242936343;2;1649756972.953154
349;0.0001931400620378554;2;1649756977.116193
350;0.00019312075164634734;2;1649756981.5470705
351;0.00019310142670292407;2;1649756985.0656996
352;0.00019308211631141603;2;1649756988.63685
353;0.00019306282047182322;2;1649756992.2230651
354;0.00019304351008031517;2;1649756995.7660587
355;0.00019302419968880713;2;1649756999.3330362
356;0.00019300490384921432;2;1649757002.8554616
357;0.0001929856080096215;2;1649757006.4303439
358;0.00019296629761811346;2;1649757009.96794
359;0.00019294700177852064;2;1649757013.5539417
360;0.00019292770593892783;2;1649757017.0739791
361;0.00019290842465125024;2;1649757020.7270484
362;0.00019288912881165743;2;1649757024.3238766
363;0.00019286983297206461;2;1649757027.8999732
364;0.00019285055168438703;2;1649757031.4787009
365;0.00019283127039670944;2;1649757035.0056918
366;0.00019281198910903186;2;1649757038.5347693
367;0.00019279270782135427;2;1649757042.0414348
368;0.00019277342653367668;2;1649757045.488638
369;0.0001927541452459991;2;1649757048.9051044
370;0.0001927348639583215;2;1649757052.4268215
371;0.00019271559722255915;2;1649757055.947703
372;0.0001926963304867968;2;1649757059.4509044
373;0.0001926770491991192;2;1649757062.9196873
374;0.00019265778246335685;2;1649757066.4014888
375;0.0001926385157275945;2;1649757069.9320445
376;0.00019261926354374737;2;1649757073.4263432
377;0.000192599996807985;2;1649757077.0072896
378;0.00019258073007222265;2;1649757080.56048
379;0.00019256147788837552;2;1649757084.18076
380;0.0001925422257045284;2;1649757087.816629
381;0.00019252297352068126;2;1649757091.372907
382;0.00019250372133683413;2;1649757095.0357761
383;0.000192484469152987;2;1649757098.660523
384;0.00019246521696913987;2;1649757102.2441695
385;0.00019244596478529274;2;1649757105.856693
386;0.00019242672715336084;2;1649757109.5110786
387;0.00019240748952142894;2;1649757113.17088
388;0.0001923882373375818;2;1649757116.7704358
389;0.0001923689997056499;2;1649757120.3894587
390;0.000192349762073718;2;1649757124.0574539
391;0.00019233053899370134;2;1649757127.7029037
392;0.00019231130136176944;2;1649757131.3480873
393;0.00019229206372983754;2;1649757134.9473078
394;0.00019227284064982086;2;1649757138.5916884
395;0.0001922536175698042;2;1649757142.156043
396;0.0001922343799378723;2;1649757145.786562
397;0.00019221515685785562;2;1649757149.4467258
398;0.00019219593377783895;2;1649757153.1132836
399;0.0001921767252497375;2;1649757156.6787968
400;0.00019215750216972083;2;1649757160.2661653
401;0.00019213829364161938;2;1649757163.913251
402;0.0001921190705616027;2;1649757167.4959168
403;0.00019209986203350127;2;1649757171.1147842
404;0.00019208065350539982;2;1649757174.7867734
405;0.00019206144497729838;2;1649757178.386461
406;0.00019204223644919693;2;1649757182.0559037
407;0.0001920230279210955;2;1649757185.7201598
408;0.00019200383394490927;2;1649757189.3192296
409;0.00019198462541680783;2;1649757192.938815
410;0.00019196543144062161;2;1649757196.5951316
411;0.0001919462374644354;2;1649757200.2178578
412;0.00019192704348824918;2;1649757203.7500126
413;0.00019190784951206297;2;1649757207.4187336
414;0.00019188865553587675;2;1649757211.009182
415;0.00019186947611160576;2;1649757214.588349
416;0.00019185028213541955;2;1649757218.1858923
417;0.00019183110271114856;2;1649757221.7725632
418;0.00019181190873496234;2;1649757225.4007108
419;0.00019179272931069136;2;1649757229.050674
420;0.00019177354988642037;2;1649757232.71753
421;0.00019175437046214938;2;1649757236.2853742
422;0.00019173520558979362;2;1649757239.8775234
423;0.00019171602616552263;2;1649757243.5935454
424;0.00019169686129316688;2;1649757247.3019264
425;0.0001916776818688959;2;1649757250.945415
426;0.00019165851699654013;2;1649757254.5903845
427;0.00019163935212418437;2;1649757258.260572
428;0.0001916201872518286;2;1649757261.8523464
429;0.00019160102237947285;2;1649757265.4658585
430;0.00019158187205903232;2;1649757269.072934
431;0.00019156270718667656;2;1649757272.749559
432;0.00019154355686623603;2;1649757276.377276
433;0.00019152439199388027;2;1649757279.957329
434;0.00019150524167343974;2;1649757283.6641135
435;0.0001914860913529992;2;1649757287.315147
436;0.00019146694103255868;2;1649757290.938618
437;0.00019144780526403338;2;1649757294.5822906
438;0.00019142865494359285;2;1649757298.2417848
439;0.00019140950462315232;2;1649757301.871377
440;0.000191390368854627;2;1649757305.5234404
441;0.0001913712330861017;2;1649757309.151998
442;0.0001913520973175764;2;1649757312.7416832
443;0.0001913329615490511;2;1649757316.2985675
444;0.0001913138257805258;2;1649757319.9425871
445;0.0001912946900120005;2;1649757323.600745
446;0.00019127556879539043;2;1649757327.214474
447;0.00019125643302686512;2;1649757330.8563187
448;0.00019123731181025505;2;1649757334.4696262
449;0.00019121819059364498;2;1649757338.1179113
450;0.0001911990693770349;2;1649757341.7481964
451;0.00019117994816042483;2;1649757345.5582376
452;0.00019116082694381475;2;1649757349.2572222
453;0.00019114170572720468;2;1649757353.0049798
454;0.00019112259906250983;2;1649757356.8082604
455;0.000191103492397815;2;1649757360.526199
456;0.00019108437118120492;2;1649757364.2645035
457;0.00019106526451651007;2;1649757367.9795887
458;0.00019104615785181522;2;1649757371.7104616
459;0.00019102705118712038;2;1649757375.426786
460;0.00019100795907434076;2;1649757379.1718714
461;0.00019098885240964592;2;1649757382.9498491
462;0.0001909697602968663;2;1649757386.6625385
463;0.00019095065363217145;2;1649757390.315364
464;0.00019093156151939183;2;1649757394.008301
465;0.00019091246940661222;2;1649757397.7861135
466;0.0001908933772938326;2;1649757401.493514
467;0.00019087428518105298;2;1649757405.0793295
468;0.00019085519306827337;2;1649757408.7919164
469;0.00019083611550740898;2;1649757412.5588396
470;0.0001908170379465446;2;1649757416.2979312
471;0.00019079794583376497;2;1649757420.009719
472;0.00019077886827290058;2;1649757423.7379391
473;0.0001907597907120362;2;1649757427.5083706
474;0.0001907407131511718;2;1649757431.2814538
475;0.00019072163559030741;2;1649757434.9997272
476;0.00019070257258135825;2;1649757438.7247596
477;0.00019068349502049387;2;1649757442.509804
478;0.0001906644320115447;2;1649757446.1935997
479;0.00019064536900259554;2;1649757449.8624368
480;0.00019062630599364638;2;1649757453.5565975
481;0.00019060724298469722;2;1649757457.266597
482;0.00019058817997574806;2;1649757460.9821944
483;0.0001905691169667989;2;1649757464.6845853
484;0.00019055005395784974;2;1649757468.367043
485;0.0001905310055008158;2;1649757472.0629063
486;0.00019051195704378188;2;1649757475.7348552
487;0.00019049290858674794;2;1649757479.4402485
488;0.00019047384557779878;2;1649757483.1198034
489;0.00019045481167268008;2;1649757486.7033012
490;0.00019043576321564615;2;1649757490.4564557
491;0.00019041671475861222;2;1649757494.1055372
492;0.0001903976808534935;2;1649757497.7744443
493;0.00019037863239645958;2;1649757501.4226396
494;0.00019035959849134088;2;1649757505.039736
495;0.00019034056458622217;2;1649757508.6024072
496;0.00019032153068110347;2;1649757512.3190832
497;0.00019030249677598476;2;1649757516.001962
498;0.00019028346287086606;2;1649757519.6909037
499;0.00019026442896574736;2;1649757523.3362076
500;0.00019024540961254388;2;1649757527.0373404
501;0.0001902263902593404;2;1649757530.6984186
502;0.0001902073563542217;2;1649757534.390342
503;0.00019018833700101823;2;1649757538.0462058
504;0.00019016931764781475;2;1649757541.7176561
505;0.0001901503128465265;2;1649757545.4297345
506;0.00019013129349332303;2;1649757549.0582101
507;0.00019011227414011955;2;1649757552.6962712
508;0.0001900932693388313;2;1649757556.2981389
509;0.00019007424998562783;2;1649757559.903682
510;0.00019005524518433958;2;1649757563.542209
511;0.00019003624038305134;2;1649757567.2563083
512;0.0001900172355817631;2;1649757570.9023356
513;0.00018999824533239007;2;1649757574.5227704
514;0.00018997924053110182;2;1649757578.0915527
515;0.00018996023572981358;2;1649757581.6603308
516;0.00018994124548044056;2;1649757585.3571997
517;0.00018992225523106754;2;1649757588.9332244
518;0.00018990326498169452;2;1649757592.6004813
519;0.0001898842747323215;2;1649757596.2063184
520;0.00018986528448294848;2;1649757599.8306305
521;0.00018984629423357546;2;1649757603.4488869
522;0.00018982730398420244;2;1649757607.2387161
523;0.00018980832828674465;2;1649757610.9342601
524;0.00018978933803737164;2;1649757614.6003075
525;0.00018977036233991385;2;1649757618.2519016
526;0.00018975138664245605;2;1649757621.8795023
527;0.00018973241094499826;2;1649757625.5653365
528;0.00018971343524754047;2;1649757629.1350572
529;0.0001896944741019979;2;1649757632.7913277
530;0.00018967549840454012;2;1649757636.446483
531;0.00018965653725899756;2;1649757640.1149318
532;0.00018963756156153977;2;1649757643.6919687
533;0.0001896186004159972;2;1649757647.2644734
534;0.00018959963927045465;2;1649757650.8696232
535;0.00018958067812491208;2;1649757654.5089748
536;0.00018956171697936952;2;1649757658.0808825
537;0.0001895427703857422;2;1649757661.7336957
538;0.00018952380924019963;2;1649757665.3529387
539;0.0001895048626465723;2;1649757668.9904006
540;0.00018948591605294496;2;1649757672.6462507
541;0.0001894669549074024;2;1649757676.2209294
542;0.00018944800831377506;3;1649757694.5412116
543;0.00018942907627206296;3;1649757698.2623458
544;0.00018941012967843562;3;1649757701.9111345
545;0.0001893911830848083;3;1649757705.5067406
546;0.00018937225104309618;3;1649757709.1710792
547;0.00018935330444946885;3;1649757712.8306952
548;0.00018933437240775675;3;1649757716.5156012
549;0.00018931544036604464;3;1649757720.1852229
550;0.00018929650832433254;3;1649757723.9319816
551;0.00018927757628262043;3;1649757727.626775
552;0.00018925865879282355;3;1649757731.3291209
553;0.00018923972675111145;3;1649757735.0433962
554;0.00018922079470939934;3;1649757738.7761078
555;0.00018920187721960247;3;1649757742.4781654
556;0.0001891829597298056;3;1649757746.2067428
557;0.0001891640422400087;3;1649757749.9347444
558;0.00018914512475021183;3;1649757753.6160164
559;0.00018912620726041496;3;1649757757.3028605
560;0.0001891073043225333;3;1649757761.0851262
561;0.00018908838683273643;3;1649757764.8338585
562;0.00018906948389485478;3;1649757768.5401492
563;0.0001890505664050579;3;1649757772.3057618
564;0.00018903166346717626;3;1649757776.025211
565;0.0001890127605292946;3;1649757779.7403743
566;0.00018899385759141296;3;1649757783.5420475
567;0.00018897496920544654;3;1649757787.3270676
568;0.0001889560662675649;3;1649757791.0001006
569;0.00018893716332968324;3;1649757794.748892
570;0.00018891827494371682;3;1649757798.5284169
571;0.0001888993865577504;3;1649757802.3017602
572;0.00018888049817178398;3;1649757806.0058215
573;0.00018886160978581756;3;1649757809.7929125
574;0.00018884272139985114;3;1649757813.4542553
575;0.00018882383301388472;3;1649757817.2036238
576;0.00018880495917983353;3;1649757820.948761
577;0.0001887860707938671;3;1649757824.805173
578;0.00018876719695981592;3;1649757828.4889758
579;0.00018874832312576473;3;1649757832.3181684
580;0.00018872944929171354;3;1649757836.0625806
581;0.00018871057545766234;3;1649757839.7269897
582;0.00018869170162361115;3;1649757843.5298283
583;0.00018867282778955996;3;1649757847.255886
584;0.000188653968507424;3;1649757850.9955359
585;0.0001886350946733728;3;1649757854.7342014
586;0.00018861623539123684;3;1649757858.427308
587;0.00018859737610910088;3;1649757862.2257385
588;0.00018857851682696491;3;1649757866.0053434
589;0.00018855965754482895;3;1649757869.690086
590;0.000188540798262693;3;1649757873.4355562
591;0.00018852193898055702;3;1649757877.2545385
592;0.0001885030942503363;3;1649757880.9409368
593;0.00018848423496820033;3;1649757884.6856053
594;0.0001884653902379796;3;1649757888.3967106
595;0.00018844654550775886;3;1649757892.1613574
596;0.00018842770077753812;3;1649757895.8592758
597;0.00018840885604731739;3;1649757899.6981332
598;0.00018839001131709665;3;1649757903.5060136
599;0.00018837118113879114;3;1649757907.253613
600;0.0001883523364085704;3;1649757911.0382009
601;0.0001883335062302649;3;1649757914.7949848
602;0.0001883146760519594;3;1649757918.5564768
603;0.0001882958458736539;3;1649757922.275226
604;0.00018827701569534838;3;1649757926.1031919
605;0.00018825818551704288;3;1649757929.8628137
606;0.00018823935533873737;3;1649757933.6520367
607;0.0001882205397123471;3;1649757937.3220263
608;0.00018820170953404158;3;1649757941.0817566
609;0.0001881828939076513;3;1649757944.8521655
610;0.00018816407828126103;3;1649757948.9638445
611;0.00018814526265487075;3;1649757952.70497
612;0.00018812644702848047;3;1649757956.5860007
613;0.0001881076314020902;3;1649757960.4400787
614;0.0001880888157756999;3;1649757964.278289
615;0.00018807001470122486;3;1649757968.0625982
616;0.00018805119907483459;3;1649757971.8728461
617;0.00018803239800035954;3;1649757975.6872365
618;0.00018801359692588449;3;1649757979.5443242
619;0.00018799479585140944;3;1649757983.3430593
620;0.00018797599477693439;3;1649757987.1937206
621;0.00018795719370245934;3;1649757991.0762806
622;0.00018793840717989951;3;1649757994.9013705
623;0.00018791960610542446;3;1649757998.6443646
624;0.00018790081958286464;3;1649758002.4423199
625;0.0001878820185083896;3;1649758006.2621393
626;0.00018786323198582977;3;1649758010.0206528
627;0.00018784444546326995;3;1649758013.829147
628;0.00018782567349262536;3;1649758017.6057968
629;0.00018780688697006553;3;1649758021.3694973
630;0.0001877881004475057;3;1649758025.1202476
631;0.00018776932847686112;3;1649758028.8371575
632;0.0001877505419543013;3;1649758032.6238422
633;0.0001877317699836567;3;1649758036.342634
634;0.0001877129980130121;3;1649758040.096026
635;0.00018769422604236752;3;1649758043.7947645
636;0.00018767545407172292;3;1649758047.5552177
637;0.00018765669665299356;3;1649758051.339596
638;0.00018763792468234897;3;1649758055.1285899
639;0.0001876191672636196;3;1649758058.7977285
640;0.000187600395292975;3;1649758062.494251
641;0.00018758163787424564;3;1649758066.265199
642;0.00018756288045551628;3;1649758070.0245447
643;0.00018754412303678691;3;1649758073.7861218
644;0.00018752536561805755;3;1649758077.575295
645;0.0001875066227512434;3;1649758081.33749
646;0.00018748786533251405;3;1649758085.1729498
647;0.0001874691224656999;3;1649758088.840947
648;0.00018745036504697055;3;1649758092.5793152
649;0.0001874316221801564;3;1649758096.3270953
650;0.00018741287931334227;3;1649758100.0955193
651;0.00018739413644652814;3;1649758103.8129044
652;0.00018737540813162923;3;1649758107.4801593
653;0.0001873566652648151;3;1649758111.2286193
654;0.00018733792239800096;3;1649758115.0192068
655;0.00018731919408310205;3;1649758118.7173023
656;0.00018730046576820314;3;1649758122.5250614
657;0.00018728173745330423;3;1649758126.2916756
658;0.00018726300913840532;3;1649758129.9884684
659;0.00018724428082350641;3;1649758133.683998
660;0.0001872255525086075;3;1649758137.4280374
661;0.00018720683874562383;3;1649758141.2145717
662;0.00018718811043072492;3;1649758144.9796796
663;0.00018716939666774124;3;1649758148.6547651
664;0.00018715068290475756;3;1649758152.4428258
665;0.00018713195458985865;3;1649758156.1782596
666;0.00018711324082687497;3;1649758159.9065561
667;0.00018709454161580652;3;1649758163.6763852
668;0.00018707582785282284;3;1649758167.3840296
669;0.00018705711408983916;3;1649758171.200683
670;0.0001870384148787707;3;1649758175.0167189
671;0.00018701971566770226;3;1649758178.7061255
672;0.00018700100190471858;3;1649758182.535991
673;0.00018698230269365013;3;1649758186.3412366
674;0.00018696360348258168;3;1649758190.1224298
675;0.00018694491882342845;3;1649758193.8894374
676;0.00018692621961236;3;1649758197.7140167
677;0.00018690752040129155;3;1649758201.5812776
678;0.00018688883574213833;3;1649758205.4262707
679;0.0001868701510829851;3;1649758209.2434776
680;0.00018685146642383188;3;1649758213.0670288
681;0.00018683276721276343;3;1649758216.8667283
682;0.00018681409710552543;3;1649758220.728554
683;0.0001867954124463722;3;1649758224.5988529
684;0.000186776727787219;3;1649758228.3678572
685;0.000186758057679981;3;1649758232.1652362
686;0.00018673937302082777;3;1649758235.9648604
687;0.00018672070291358978;3;1649758239.7581315
688;0.00018670203280635178;3;1649758243.5298128
689;0.00018668336269911379;3;1649758247.303893
690;0.0001866646925918758;3;1649758251.0393322
691;0.0001866460224846378;3;1649758254.7815337
692;0.00018662736692931503;3;1649758258.4924524
693;0.00018660869682207704;3;1649758262.2234066
694;0.00018659004126675427;3;1649758265.9839764
695;0.00018657137115951627;3;1649758269.699479
696;0.0001865527156041935;3;1649758273.4140294
697;0.00018653406004887074;3;1649758277.077025
698;0.0001865154190454632;3;1649758280.823754
699;0.00018649676349014044;3;1649758284.5750206
700;0.00018647810793481767;3;1649758288.2631416
701;0.00018645946693141013;3;1649758291.9870481
702;0.00018644081137608737;3;1649758295.6928065
703;0.00018642217037267983;3;1649758299.4845903
704;0.0001864035293692723;3;1649758303.231471
705;0.00018638488836586475;3;1649758307.0994143
706;0.00018636624736245722;3;1649758310.9258845
707;0.0001863476209109649;3;1649758314.6991594
708;0.00018632897990755737;3;1649758318.5191019
709;0.00018631035345606506;3;1649758322.3212106
710;0.00018629171245265752;3;1649758326.0758982
711;0.0001862730860011652;3;1649758329.8639467
712;0.0001862544595496729;3;1649758333.6514587
713;0.0001862358330981806;3;1649758337.4601948
714;0.00018621720664668828;3;1649758341.3475778
715;0.0001861985947471112;3;1649758345.1494465
716;0.0001861799682956189;3;1649758348.9419303
717;0.0001861613563960418;3;1649758352.8230848
718;0.0001861427299445495;3;1649758356.6485279
719;0.00018612411804497242;3;1649758360.509183
720;0.00018610550614539534;3;1649758364.335854
721;0.00018608689424581826;3;1649758368.1543238
722;0.0001860682968981564;3;1649758371.9224277
723;0.00018604968499857932;3;1649758375.7525692
724;0.00018603107309900224;3;1649758379.6493351
725;0.0001860124757513404;3;1649758383.5299602
726;0.00018599387840367854;3;1649758387.354596
727;0.00018597528105601668;3;1649758391.1277926
728;0.00018595668370835483;3;1649758394.8747113
729;0.00018593808636069298;3;1649758398.6815667
730;0.00018591948901303113;3;1649758402.548556
731;0.00018590089166536927;3;1649758406.4104037
732;0.00018588230886962265;3;1649758410.3276935
733;0.0001858637115219608;3;1649758414.222291
734;0.00018584512872621417;3;1649758418.0989313
735;0.00018582654593046755;3;1649758421.9808478
736;0.00018580796313472092;3;1649758425.7962904
737;0.0001857893803389743;3;1649758429.6731389
738;0.00018577079754322767;3;1649758433.5335906
739;0.00018575222929939628;3;1649758437.3827093
740;0.00018573364650364965;3;1649758441.3152096
741;0.00018571507825981826;3;1649758445.2185638
742;0.00018569651001598686;3;1649758449.0466535
743;0.00018567794177215546;3;1649758452.8600235
744;0.00018565937352832407;3;1649758456.6713836
745;0.00018564080528449267;3;1649758460.5482101
746;0.00018562223704066128;3;1649758464.4341433
747;0.0001856036833487451;3;1649758468.275549
748;0.0001855851151049137;3;1649758472.0305068
749;0.00018556656141299754;3;1649758475.9453762
750;0.00018554800772108138;3;1649758479.7785242
751;0.00018552943947724998;3;1649758483.6060412
752;0.00018551090033724904;3;1649758487.514017
753;0.00018549234664533287;3;1649758491.3088093
754;0.0001854737929534167;3;1649758495.0840356
755;0.00018545523926150054;3;1649758498.9511125
756;0.0001854367001214996;3;1649758502.836168
757;0.00018541816098149866;3;1649758506.5508473
758;0.00018539962184149772;3;1649758510.3627977
759;0.00018538106814958155;3;1649758514.2385373
760;0.00018536254356149584;3;1649758518.1175802
761;0.0001853440044214949;3;1649758521.9579828
762;0.00018532546528149396;3;1649758525.7719293
763;0.00018530694069340825;3;1649758529.567124
764;0.0001852884015534073;3;1649758533.3922539
765;0.0001852698769653216;3;1649758537.246066
766;0.0001852513523772359;3;1649758541.1017387
767;0.00018523282778915018;3;1649758544.8875837
768;0.00018521430320106447;3;1649758548.7338266
769;0.00018519577861297876;3;1649758552.5997207
770;0.00018517725402489305;3;1649758556.499049
771;0.00018515874398872256;3;1649758560.2800617
772;0.00018514021940063685;3;1649758564.137753
773;0.00018512170936446637;3;1649758568.0414963
774;0.0001851031993282959;3;1649758571.8693926
775;0.0001850846892921254;3;1649758575.601649
776;0.00018506617925595492;3;1649758579.5436313
777;0.00018504766921978444;3;1649758583.429144
778;0.00018502917373552918;3;1649758587.3188848
779;0.0001850106636993587;4;1649758606.988432
780;0.00018499216821510345;4;1649758610.9760034
781;0.00018497365817893296;4;1649758614.886615
782;0.0001849551626946777;4;1649758618.8036058
783;0.00018493666721042246;4;1649758622.7438629
784;0.0001849181717261672;4;1649758626.6460807
785;0.00018489969079382718;4;1649758630.5573573
786;0.00018488119530957192;4;1649758634.4751012
787;0.0001848627143772319;4;1649758638.257515
788;0.00018484421889297664;4;1649758642.0869992
789;0.00018482573796063662;4;1649758645.9793763
790;0.0001848072570282966;4;1649758649.8728943
791;0.00018478877609595656;4;1649758653.7324405
792;0.00018477029516361654;4;1649758657.6404295
793;0.0001847518142312765;4;1649758661.4652088
794;0.00018473334785085171;4;1649758665.2800884
795;0.0001847148669185117;4;1649758669.1342037
796;0.0001846964005380869;4;1649758673.009096
797;0.0001846779341576621;4;1649758676.72438
798;0.0001846594677772373;4;1649758680.5235176
799;0.0001846410013968125;4;1649758684.3373687
800;0.0001846225350163877;4;1649758688.2473295
801;0.0001846040686359629;4;1649758692.11615
802;0.0001845856022555381;4;1649758695.9944544
803;0.00018456715042702854;4;1649758699.8165286
804;0.00018454869859851897;4;1649758703.6190386
805;0.00018453023221809417;4;1649758707.4679906
806;0.0001845117803895846;4;1649758711.325862
807;0.00018449332856107503;4;1649758715.2382703
808;0.0001844748912844807;4;1649758719.1301966
809;0.00018445643945597112;4;1649758722.962159
810;0.00018443798762746155;4;1649758726.7971854
811;0.0001844195503508672;4;1649758731.0457115
812;0.00018440109852235764;4;1649758735.5006135
813;0.0001843826612457633;4;1649758739.982017
814;0.00018436422396916896;4;1649758744.4150367
815;0.00018434578669257462;4;1649758748.9115036
816;0.00018432734941598028;4;1649758753.419499
817;0.00018430892669130117;4;1649758757.9587462
818;0.00018429048941470683;4;1649758762.4470336
819;0.00018427206669002771;4;1649758766.961841
820;0.00018425362941343337;4;1649758771.4856257
821;0.00018423520668875426;4;1649758775.8518255
822;0.00018421678396407515;4;1649758780.3530042
823;0.00018419836123939604;4;1649758784.7557974
824;0.00018417995306663215;4;1649758789.1877034
825;0.00018416153034195304;4;1649758793.5944612
826;0.00018414310761727393;4;1649758798.038726
827;0.00018412469944451004;4;1649758802.5216992
828;0.00018410629127174616;4;1649758806.9216673
829;0.00018408786854706705;4;1649758811.373854
830;0.00018406946037430316;4;1649758815.7997904
831;0.00018405105220153928;4;1649758820.3138528
832;0.00018403265858069062;4;1649758824.7550166
833;0.00018401425040792674;4;1649758829.2310078
834;0.00018399584223516285;4;1649758833.6294923
835;0.0001839774486143142;4;1649758838.1128967
836;0.00018395905499346554;4;1649758842.5781481
837;0.0001839406613726169;4;1649758846.9887443
838;0.00018392226775176823;4;1649758851.4113433
839;0.00018390387413091958;4;1649758855.8855805
840;0.00018388548051007092;4;1649758860.2873955
841;0.00018386708688922226;4;1649758864.7689276
842;0.00018384870782028884;4;1649758869.2855287
843;0.00018383031419944018;4;1649758873.7575183
844;0.00018381193513050675;4;1649758878.2236118
845;0.00018379355606157333;4;1649758882.7333057
846;0.0001837751769926399;4;1649758887.229984
847;0.00018375679792370647;4;1649758891.7388594
848;0.00018373841885477304;4;1649758896.3222554
849;0.00018372005433775485;4;1649758900.6928384
850;0.00018370167526882142;4;1649758905.133566
851;0.00018368331075180322;4;1649758909.5751235
852;0.0001836649316828698;4;1649758914.0721786
853;0.0001836465671658516;4;1649758918.6157894
854;0.0001836282026488334;4;1649758923.123052
855;0.0001836098381318152;4;1649758927.597072
856;0.00018359148816671222;4;1649758932.0514717
857;0.00018357312364969403;4;1649758936.54451
858;0.00018355475913267583;4;1649758941.2895718
859;0.00018353640916757286;4;1649758945.7304666
860;0.00018351805920246989;4;1649758950.182993
861;0.00018349970923736691;4;1649758954.027829
862;0.00018348135927226394;4;1649758958.0454385
863;0.00018346300930716097;4;1649758961.9840283
864;0.000183444659342058;4;1649758965.914017
865;0.00018342630937695503;4;1649758969.763422
866;0.0001834079739637673;4;1649758973.627217
867;0.00018338963855057955;4;1649758977.5058677
868;0.00018337128858547658;4;1649758981.5415998
869;0.00018335295317228884;4;1649758985.4967756
870;0.0001833346177591011;4;1649758989.3699148
871;0.00018331628234591335;4;1649758993.3033226
872;0.00018329796148464084;4;1649758997.1129143
873;0.0001832796260714531;4;1649759000.92633
874;0.00018326130521018058;4;1649759004.8560212
875;0.00018324296979699284;4;1649759008.7124512
876;0.00018322464893572032;4;1649759012.5535462
877;0.0001832063280744478;4;1649759016.432097
878;0.0001831880072131753;4;1649759020.2397957
879;0.00018316968635190278;4;1649759024.0600965
880;0.00018315136549063027;4;1649759027.7792943
881;0.00018313305918127298;4;1649759031.6004055
882;0.00018311473832000047;4;1649759035.3865788
883;0.00018309643201064318;4;1649759039.2037654
884;0.0001830781257012859;4;1649759043.0140069
885;0.00018305980484001338;4;1649759046.7248402
886;0.00018304151308257133;4;1649759050.591624
887;0.00018302320677321404;4;1649759054.3605742
888;0.00018300490046385676;4;1649759058.1383297
889;0.00018298659415449947;4;1649759061.847503
890;0.00018296830239705741;4;1649759065.639777
891;0.00018295001063961536;4;1649759069.421707
892;0.00018293170433025807;4;1649759073.1940546
893;0.00018291341257281601;4;1649759076.9771914
894;0.00018289512081537396;4;1649759080.6887627
895;0.0001828768290579319;4;1649759084.4545395
896;0.00018285855185240507;4;1649759088.19871
897;0.00018284026009496301;4;1649759092.0253222
898;0.00018282198288943619;4;1649759095.8022614
899;0.00018280369113199413;4;1649759099.5754304
900;0.0001827854139264673;4;1649759103.460753
901;0.00018276713672094047;4;1649759107.369581
902;0.00018274885951541364;4;1649759111.135742
903;0.0001827305823098868;4;1649759115.0120056
904;0.00018271230510435998;4;1649759118.8688176
905;0.00018269404245074838;4;1649759122.7614644
906;0.00018267576524522156;4;1649759126.7427135
907;0.00018265750259160995;4;1649759130.6403491
908;0.00018263923993799835;4;1649759134.5618258
909;0.00018262097728438675;4;1649759138.4592025
910;0.00018260271463077515;4;1649759142.3474815
911;0.00018258445197716355;4;1649759146.2844176
912;0.00018256618932355195;4;1649759150.1396968
913;0.00018254794122185558;4;1649759153.9395401
914;0.00018252967856824398;4;1649759157.8342903
915;0.0001825114304665476;4;1649759161.6762002
916;0.00018249318236485124;4;1649759165.5844793
917;0.00018247493426315486;4;1649759169.4816203
918;0.0001824566861614585;4;1649759173.3474448
919;0.00018243843805976212;4;1649759177.1774817
920;0.00018242018995806575;4;1649759181.0309803
921;0.00018240194185636938;4;1649759184.8918607
922;0.00018238370830658823;4;1649759188.6914785
923;0.0001823654747568071;4;1649759192.467285
924;0.00018234722665511072;4;1649759196.3178456
925;0.00018232899310532957;4;1649759200.166882
926;0.00018231075955554843;4;1649759204.0019302
927;0.00018229254055768251;4;1649759207.8197894
928;0.00018227430700790137;4;1649759211.7206552
929;0.00018225607345812023;4;1649759215.5326035
930;0.0001822378544602543;4;1649759219.3179612
931;0.0001822196354623884;4;1649759223.124262
932;0.00018220140191260725;4;1649759226.9145675
933;0.00018218318291474134;4;1649759230.6920445
934;0.00018216496391687542;4;1649759234.5011356
935;0.0001821467449190095;4;1649759238.2600763
936;0.00018212854047305882;4;1649759242.0476716
937;0.0001821103214751929;4;1649759245.881236
938;0.00018209211702924222;4;1649759249.6899292
939;0.0001820738980313763;4;1649759253.5268261
940;0.00018205569358542562;4;1649759257.3517582
941;0.00018203748913947493;4;1649759261.1269264
942;0.00018201928469352424;4;1649759265.0035348
943;0.00018200108024757355;4;1649759268.7763793
944;0.0001819828903535381;4;1649759272.534314
945;0.0001819646859075874;4;1649759276.3377006
946;0.00018194649601355195;4;1649759280.1949117
947;0.00018192829156760126;4;1649759284.027371
948;0.0001819101016735658;4;1649759287.839867
949;0.00018189191177953035;4;1649759291.7630708
950;0.0001818737218854949;4;1649759295.6961918
951;0.00018185553199145943;4;1649759299.6291792
952;0.0001818373566493392;4;1649759303.5464227
953;0.00018181916675530374;4;1649759307.5052567
954;0.0001818009914131835;4;1649759311.450759
955;0.00018178280151914805;4;1649759315.5062754
956;0.00018176462617702782;4;1649759319.4124115
957;0.0001817464508349076;4;1649759323.334282
958;0.00018172827549278736;4;1649759327.274659
959;0.00018171010015066713;4;1649759331.2676852
960;0.0001816919248085469;4;1649759335.230701
961;0.0001816737640183419;4;1649759339.1329985
962;0.00018165558867622167;4;1649759343.186547
963;0.00018163742788601667;4;1649759347.15727
964;0.00018161926709581167;4;1649759351.099782
965;0.00018160110630560666;4;1649759355.037993
966;0.00018158294551540166;4;1649759358.9176497
967;0.00018156478472519666;4;1649759362.8588097
968;0.00018154662393499166;4;1649759366.8673375
969;0.00018152847769670188;4;1649759370.7728753
970;0.00018151031690649688;4;1649759374.7070978
971;0.0001814921706682071;4;1649759378.6031716
972;0.00018147402442991734;4;1649759382.4867852
973;0.00018145587819162756;4;1649759386.4315393
974;0.0001814377319533378;4;1649759390.296196
975;0.00018141958571504802;4;1649759394.1527388
976;0.00018140143947675824;4;1649759398.0015895
977;0.0001813833077903837;4;1649759401.822865
978;0.00018136516155209392;4;1649759405.7588992
979;0.00018134702986571938;4;1649759409.6206043
980;0.00018132889817934483;4;1649759413.433699
981;0.0001813107664929703;4;1649759417.3139513
982;0.00018129263480659574;4;1649759421.0985105
983;0.0001812745031202212;4;1649759424.9499745
984;0.00018125637143384665;4;1649759428.7963128
985;0.0001812382397474721;4;1649759432.5868542
986;0.0001812201226130128;4;1649759436.4086502
987;0.00018120200547855347;4;1649759440.1939929
988;0.00018118387379217893;4;1649759444.0646718
989;0.0001811657566577196;4;1649759447.969937
990;0.0001811476395232603;4;1649759451.9350185
991;0.0001811295369407162;4;1649759455.8167727
992;0.0001811114198062569;4;1649759459.6854453
993;0.00018109330267179757;4;1649759463.595348
994;0.00018107520008925349;4;1649759467.529214
995;0.00018105708295479417;4;1649759471.4457393
996;0.00018103898037225008;4;1649759475.3514931
997;0.000181020877789706;4;1649759479.148324
998;0.0001810027752071619;4;1649759483.057028
999;0.00018098467262461782;4;1649759486.8799543
1000;0.00018096658459398896;4;1649759490.798572
1001;0.00018094848201144487;4;1649759494.70611
1002;0.000180930393980816;4;1649759498.5843167
1003;0.00018091229139827192;4;1649759502.5493839
1004;0.00018089420336764306;4;1649759506.4167843
1005;0.0001808761153370142;4;1649759510.2758255
1006;0.00018085802730638534;4;1649759514.2168324
1007;0.00018083993927575648;4;1649759518.0692575
1008;0.00018082185124512762;4;1649759522.037435
1009;0.000180803777766414;4;1649759525.9319274
1010;0.00018078568973578513;4;1649759529.8196168
1011;0.0001807676162570715;5;1649759549.5546403
1012;0.00018074954277835786;5;1649759553.4879544
1013;0.00018073146929964423;5;1649759557.4252465
1014;0.0001807133958209306;5;1649759561.347157
1015;0.00018069532234221697;5;1649759565.303645
1016;0.00018067724886350334;5;1649759569.2737904
1017;0.0001806591753847897;5;1649759573.2476795
1018;0.0001806411164579913;5;1649759577.1991887
1019;0.0001806230575311929;5;1649759581.0962973
1020;0.00018060498405247927;5;1649759585.039183
1021;0.00018058692512568086;5;1649759588.9654825
1022;0.00018056886619888246;5;1649759592.861091
1023;0.00018055080727208406;5;1649759596.8321853
1024;0.00018053276289720088;5;1649759600.7255754
1025;0.00018051470397040248;5;1649759604.6859603
1026;0.0001804966595955193;5;1649759608.6297374
1027;0.0001804786006687209;5;1649759612.483594
1028;0.00018046055629383773;5;1649759616.4266179
1029;0.00018044251191895455;5;1649759620.3582327
1030;0.00018042446754407138;5;1649759624.2898934
1031;0.0001804064231691882;5;1649759628.2365112
1032;0.00018038837879430503;5;1649759632.0826125
1033;0.00018037034897133708;5;1649759636.0355053
1034;0.0001803523045964539;5;1649759640.0327523
1035;0.00018033427477348596;5;1649759644.01013
1036;0.000180316244950518;5;1649759647.9345496
1037;0.00018029820057563484;5;1649759651.924034
1038;0.0001802801707526669;5;1649759655.8598702
1039;0.00018026215548161417;5;1649759659.7914188
1040;0.00018024412565864623;5;1649759663.6991816
1041;0.00018022609583567828;5;1649759667.6395695
1042;0.00018020808056462556;5;1649759671.5788438
1043;0.00018019005074165761;5;1649759675.5068321
1044;0.0001801720354706049;5;1649759679.458073
1045;0.00018015402019955218;5;1649759683.3628073
1046;0.00018013600492849946;5;1649759687.2313116
1047;0.00018011798965744674;5;1649759691.0957847
1048;0.00018009997438639402;5;1649759694.9832141
1049;0.00018008197366725653;5;1649759698.8766983
1050;0.00018006395839620382;5;1649759702.7885334
1051;0.00018004595767706633;5;1649759706.6601617
1052;0.0001800279424060136;5;1649759710.5316346
1053;0.00018000994168687612;5;1649759714.3626215
1054;0.00017999194096773863;5;1649759718.3116665
1055;0.00017997394024860114;5;1649759722.086929
1056;0.00017995595408137888;5;1649759725.9811532
1057;0.0001799379533622414;5;1649759729.8237453
1058;0.0001799199526431039;5;1649759733.7444482
1059;0.00017990196647588164;5;1649759737.6872544
1060;0.00017988398030865937;5;1649759741.6121087
1061;0.0001798659941414371;5;1649759745.529245
1062;0.00017984800797421485;5;1649759749.4986782
1063;0.0001798300218069926;5;1649759753.3353295
1064;0.00017981203563977033;5;1649759757.24496
1065;0.00017979404947254807;5;1649759761.0683367
1066;0.00017977607785724103;5;1649759764.9685602
1067;0.00017975809169001877;5;1649759768.9216323
1068;0.00017974012007471174;5;1649759772.7606862
1069;0.0001797221484594047;5;1649759776.7124112
1070;0.00017970417684409767;5;1649759780.6430001
1071;0.00017968620522879064;5;1649759784.5017195
1072;0.0001796682336134836;5;1649759788.2789347
1073;0.00017965026199817657;5;1649759792.2075799
1074;0.00017963230493478477;5;1649759796.1338568
1075;0.00017961433331947774;5;1649759800.0876865
1076;0.00017959637625608593;5;1649759804.0278795
1077;0.00017957841919269413;5;1649759807.9502776
1078;0.00017956046212930232;5;1649759811.8055985
1079;0.00017954250506591052;5;1649759815.768817
1080;0.0001795245480025187;5;1649759819.668608
1081;0.0001795065909391269;5;1649759823.6105425
1082;0.00017948864842765033;5;1649759827.6228092
1083;0.00017947069136425853;5;1649759831.5099692
1084;0.00017945274885278195;5;1649759835.4298708
1085;0.00017943480634130538;5;1649759839.349588
1086;0.0001794168638298288;5;1649759843.2840543
1087;0.00017939892131835222;5;1649759847.1619236
1088;0.00017938097880687565;5;1649759851.0217626
1089;0.00017936303629539907;5;1649759854.9372075
1090;0.00017934510833583772;5;1649759858.8215208
1091;0.00017932716582436115;5;1649759862.6611876
1092;0.0001793092378647998;5;1649759866.6099653
1093;0.00017929130990523845;5;1649759870.4893985
1094;0.0001792733819456771;5;1649759874.5156958
1095;0.00017925545398611575;5;1649759878.4003768
1096;0.0001792375260265544;5;1649759882.2912455
1097;0.00017921959806699306;5;1649759886.1163974
1098;0.00017920168465934694;5;1649759890.094948
1099;0.0001791837566997856;5;1649759894.5469172
1100;0.00017916584329213947;5;1649759898.9311302
1101;0.00017914792988449335;5;1649759903.3758073
1102;0.00017913001647684723;5;1649759907.893373
1103;0.0001791121030692011;5;1649759912.1150894
1104;0.000179094189661555;5;1649759916.071056
1105;0.00017907627625390887;5;1649759919.8998208
1106;0.00017905836284626275;5;1649759923.7245917
1107;0.00017904046399053186;5;1649759927.611643
1108;0.00017902256513480097;5;1649759931.5543668
1109;0.00017900465172715485;5;1649759935.4541383
1110;0.00017898675287142396;5;1649759939.3466907
1111;0.00017896885401569307;5;1649759943.252491
1112;0.00017895095515996218;5;1649759947.0559385
1113;0.00017893307085614651;5;1649759950.9854257
1114;0.00017891517200041562;5;1649759954.866767
1115;0.00017889728769659996;5;1649759958.7127485
1116;0.00017887938884086907;5;1649759962.5781748
1117;0.0001788615045370534;5;1649759966.4325979
1118;0.00017884362023323774;5;1649759970.3523588
1119;0.00017882573592942208;5;1649759974.2905867
1120;0.00017880785162560642;5;1649759978.1751602
1121;0.00017878996732179075;5;1649759982.0159976
1122;0.00017877209756989032;5;1649759985.8804414
1123;0.00017875421326607466;5;1649759989.6892314
1124;0.00017873634351417422;5;1649759993.5565622
1125;0.00017871845921035856;5;1649759997.4093716
1126;0.00017870058945845813;5;1649760001.3036118
1127;0.0001786827197065577;5;1649760005.0948088
1128;0.00017866484995465726;5;1649760008.9453647
1129;0.00017864698020275682;5;1649760012.7916794
1130;0.00017862912500277162;5;1649760016.6675487
1131;0.00017861125525087118;5;1649760020.5915577
1132;0.00017859340005088598;5;1649760024.422786
1133;0.00017857554485090077;5;1649760028.2638104
1134;0.00017855767509900033;5;1649760032.1307092
1135;0.00017853981989901513;5;1649760036.019503
1136;0.00017852197925094515;5;1649760039.922446
1137;0.00017850412405095994;5;1649760043.8603728
1138;0.00017848626885097474;5;1649760047.7688537
1139;0.00017846841365098953;5;1649760051.5851228
1140;0.00017845057300291955;5;1649760055.5948682
1141;0.00017843273235484958;5;1649760059.5122676
1142;0.0001784148917067796;5;1649760063.323134
1143;0.00017839705105870962;5;1649760067.2370558
1144;0.00017837921041063964;5;1649760071.0840962
1145;0.00017836136976256967;5;1649760074.9679794
1146;0.0001783435291144997;5;1649760078.8775012
1147;0.00017832570301834494;5;1649760082.7226806
1148;0.00017830786237027496;5;1649760086.6439548
1149;0.0001782900362741202;5;1649760090.5107756
1150;0.00017827221017796546;5;1649760094.3855047
1151;0.00017825436952989548;5;1649760098.3680518
1152;0.00017823655798565596;5;1649760102.2725465
1153;0.00017821873188950121;5;1649760106.116218
1154;0.00017820090579334646;5;1649760110.0783303
1155;0.00017818307969719172;5;1649760114.0487297
1156;0.0001781652681529522;5;1649760117.9654202
1157;0.00017814745660871267;5;1649760121.865065
1158;0.00017812963051255792;5;1649760125.778773
1159;0.0001781118189683184;5;1649760129.715722
1160;0.00017809400742407888;5;1649760133.5643635
1161;0.00017807619587983936;5;1649760137.5433826
1162;0.00017805839888751507;5;1649760141.4471622
1163;0.00017804058734327555;5;1649760145.3994744
1164;0.00017802279035095125;5;1649760149.3269095
1165;0.00017800497880671173;5;1649760153.3046458
1166;0.00017798718181438744;5;1649760157.242107
1167;0.00017796938482206315;5;1649760161.1603646
1168;0.00017795158782973886;5;1649760165.1358142
1169;0.00017793379083741456;5;1649760169.054079
1170;0.00017791599384509027;5;1649760172.965354
1171;0.0001778982114046812;5;1649760176.985518
1172;0.0001778804144123569;5;1649760180.9163575
1173;0.00017786263197194785;5;1649760184.9106004
1174;0.00017784483497962356;5;1649760188.8279321
1175;0.0001778270525392145;5;1649760192.7465703
1176;0.00017780927009880543;5;1649760196.6610165
1177;0.00017779148765839636;5;1649760200.6229477
1178;0.00017777371976990253;5;1649760204.5121496
1179;0.00017775593732949346;5;1649760208.4495788
1180;0.0001777381548890844;5;1649760212.3550422
1181;0.00017772038700059056;5;1649760216.2516286
1182;0.00017770261911209673;5;1649760220.1996326
1183;0.0001776848512236029;5;1649760224.1555307
1184;0.00017766708333510906;5;1649760228.0172708
1185;0.00017764931544661522;5;1649760232.011331
1186;0.00017763154755812138;5;1649760235.991041
1187;0.00017761377966962755;5;1649760239.877118
1188;0.00017759602633304894;5;1649760243.896891
1189;0.0001775782584445551;5;1649760247.8812764
1190;0.0001775605051079765;5;1649760251.8560872
1191;0.0001775427517713979;5;1649760255.8469794
1192;0.00017752499843481928;5;1649760259.7854133
1193;0.00017750724509824067;5;1649760263.7817838
1194;0.00017748949176166207;5;1649760267.7435899
1195;0.00017747173842508346;5;1649760271.739222
1196;0.00017745399964042008;5;1649760275.7731082
1197;0.00017743624630384147;5;1649760279.7803464
1198;0.0001774185075191781;5;1649760283.7168536
1199;0.0001774007687345147;5;1649760287.7599247
1200;0.00017738302994985133;5;1649760291.7557812
1201;0.00017736529116518795;5;1649760295.702881
1202;0.00017734755238052458;5;1649760299.6896296
1203;0.0001773298135958612;5;1649760303.669551
1204;0.00017731207481119782;5;1649760307.622839
1205;0.00017729435057844967;5;1649760311.5844247
1206;0.00017727662634570152;5;1649760315.563768
1207;0.00017725888756103814;5;1649760319.5746644
1208;0.00017724116332828999;5;1649760323.543009
1209;0.00017722343909554183;5;1649760327.4869173
1210;0.00017720571486279368;5;1649760331.4722657
1211;0.00017718800518196076;5;1649760335.4546916
1212;0.0001771702809492126;5;1649760339.4224613
1213;0.00017715255671646446;5;1649760343.4004989
1214;0.00017713484703563154;5;1649760347.3439848
1215;0.00017711713735479861;5;1649760351.3437276
1216;0.0001770994276739657;5;1649760355.2872388
1217;0.00017708171799313277;5;1649760359.2598915
1218;0.00017706400831229985;5;1649760363.2495623
1219;0.00017704629863146693;5;1649760367.2002225
1220;0.000177028588950634;5;1649760371.166258
1221;0.0001770108938217163;5;1649760375.2135837
1222;0.00017699318414088339;5;1649760379.1785076
1223;0.0001769754890119657;5;1649760383.1476364
1224;0.000176957793883048;5;1649760387.062784
1225;0.0001769400987541303;5;1649760391.0658495
1226;0.0001769224036252126;5;1649760394.9495335
1227;0.00017690470849629492;5;1649760398.8785
1228;0.00017688701336737722;5;1649760402.8849268
1229;0.00017686933279037476;5;1649760406.8533647
1230;0.00017685163766145706;5;1649760410.779983
1231;0.0001768339570844546;5;1649760414.7555146
1232;0.00017681627650745213;5;1649760418.7069857
1233;0.00017679859593044966;5;1649760422.6140313
1234;0.0001767809153534472;5;1649760427.138814
1235;0.00017676323477644473;5;1649760431.609231
1236;0.00017674555419944227;5;1649760436.1203618
1237;0.00017672788817435503;5;1649760440.595865
1238;0.00017671020759735256;5;1649760445.1021569
1239;0.00017669254157226533;5;1649760449.6140866
1240;0.0001766748755471781;6;1649760473.5327954
1241;0.00017665720952209085;6;1649760478.1129906
1242;0.00017663954349700361;6;1649760482.6639817
1243;0.00017662187747191638;6;1649760487.156817
1244;0.00017660421144682914;6;1649760491.817791
1245;0.00017658655997365713;6;1649760496.3387077
1246;0.0001765688939485699;6;1649760500.9362636
1247;0.00017655124247539788;6;1649760505.4642003
1248;0.00017653357645031065;6;1649760510.0019307
1249;0.00017651592497713864;6;1649760514.6387622
1250;0.00017649827350396663;6;1649760519.279515
1251;0.00017648062203079462;6;1649760523.9177337
1252;0.00017646298510953784;6;1649760528.5674858
1253;0.00017644533363636583;6;1649760533.096167
1254;0.00017642768216319382;6;1649760537.68103
1255;0.00017641004524193704;6;1649760542.1952083
1256;0.00017639240832068026;6;1649760546.72053
1257;0.00017637477139942348;6;1649760550.88076
1258;0.0001763571344781667;6;1649760554.6920981
1259;0.00017633949755690992;6;1649760558.5545368
1260;0.00017632186063565314;6;1649760562.3463478
1261;0.00017630422371439636;6;1649760566.1826468
1262;0.0001762866013450548;6;1649760569.9698865
1263;0.00017626896442379802;6;1649760573.7474706
1264;0.00017625134205445647;6;1649760577.486057
1265;0.00017623371968511492;6;1649760581.3229067
1266;0.00017621609731577337;6;1649760585.10871
1267;0.00017619847494643182;6;1649760588.9879603
1268;0.00017618085257709026;6;1649760592.8696244
1269;0.0001761632302077487;6;1649760596.6561038
1270;0.0001761456223903224;6;1649760600.4236164
1271;0.00017612800002098083;6;1649760604.3037844
1272;0.0001761103922035545;6;1649760608.0812774
1273;0.0001760927843861282;6;1649760611.9125972
1274;0.00017607516201678663;6;1649760615.7810504
1275;0.0001760575541993603;6;1649760619.5981581
1276;0.00017603996093384922;6;1649760623.542075
1277;0.0001760223531164229;6;1649760627.4388149
1278;0.00017600474529899657;6;1649760631.2971394
1279;0.00017598715203348547;6;1649760635.1625533
1280;0.00017596954421605915;6;1649760639.0104778
1281;0.00017595195095054805;6;1649760642.8477027
1282;0.00017593435768503696;6;1649760646.6543047
1283;0.00017591676441952586;6;1649760650.4987395
1284;0.00017589917115401477;6;1649760654.3771064
1285;0.00017588157788850367;6;1649760658.1919515
1286;0.0001758639991749078;6;1649760662.0232315
1287;0.0001758464059093967;6;1649760665.9939375
1288;0.00017582882719580084;6;1649760669.8649766
1289;0.00017581123393028975;6;1649760673.725313
1290;0.00017579365521669388;6;1649760677.5196936
1291;0.000175776076503098;6;1649760681.4328842
1292;0.00017575849778950214;6;1649760685.3779876
1293;0.00017574091907590628;6;1649760689.2556882
1294;0.00017572335491422564;6;1649760693.225951
1295;0.00017570577620062977;6;1649760697.0847733
1296;0.00017568821203894913;6;1649760701.0955658
1297;0.00017567063332535326;6;1649760704.9856944
1298;0.00017565306916367263;6;1649760708.8967628
1299;0.000175635505001992;6;1649760712.7516124
1300;0.00017561794084031135;6;1649760716.6837127
1301;0.0001756003766786307;6;1649760720.5580885
1302;0.0001755828270688653;6;1649760724.4462936
1303;0.00017556526290718466;6;1649760728.4116719
1304;0.00017554771329741925;6;1649760732.3474243
1305;0.0001755301491357386;6;1649760736.2668817
1306;0.0001755125995259732;6;1649760740.177451
1307;0.0001754950499162078;6;1649760744.1991372
1308;0.00017547750030644238;6;1649760748.1387706
1309;0.00017545995069667697;6;1649760752.0624564
1310;0.00017544240108691156;6;1649760756.0418873
1311;0.00017542486602906138;6;1649760760.028512
1312;0.00017540731641929597;6;1649760764.0198016
1313;0.00017538978136144578;6;1649760767.9625466
1314;0.0001753722463035956;6;1649760771.8862689
1315;0.0001753546966938302;6;1649760775.820854
1316;0.00017533716163598;6;1649760779.8258564
1317;0.00017531962657812983;6;1649760783.7336125
1318;0.00017530210607219487;6;1649760787.651425
1319;0.0001752845710143447;6;1649760791.5284295
1320;0.0001752670359564945;6;1649760795.4608338
1321;0.00017524951545055956;6;1649760799.3671703
1322;0.0001752319949446246;6;1649760803.198804
1323;0.00017521447443868965;6;1649760807.114157
1324;0.00017519693938083947;6;1649760810.9938657
1325;0.00017517943342681974;6;1649760815.0871692
1326;0.0001751619129208848;6;1649760819.018259
1327;0.00017514439241494983;6;1649760822.9610882
1328;0.00017512687190901488;6;1649760826.8589501
1329;0.00017510936595499516;6;1649760830.8334706
1330;0.00017509186000097543;6;1649760834.7775753
1331;0.00017507433949504048;6;1649760838.6080725
1332;0.00017505683354102075;6;1649760842.5166383
1333;0.00017503932758700103;6;1649760846.5208876
1334;0.0001750218216329813;6;1649760850.432055
1335;0.0001750043302308768;6;1649760854.3438032
1336;0.00017498682427685708;6;1649760858.259906
1337;0.00017496933287475258;6;1649760862.1469526
1338;0.00017495182692073286;6;1649760865.980857
1339;0.00017493433551862836;6;1649760869.919433
1340;0.00017491684411652386;6;1649760873.8710644
1341;0.00017489935271441936;6;1649760877.7218044
1342;0.00017488186131231487;6;1649760881.7037525
1343;0.00017486436991021037;6;1649760885.6624792
1344;0.00017484687850810587;6;1649760889.5910654
1345;0.0001748294016579166;6;1649760893.494531
1346;0.0001748119102558121;6;1649760897.3879879
1347;0.00017479443340562284;6;1649760901.3720162
1348;0.00017477695655543357;6;1649760905.2837856
1349;0.0001747594797052443;6;1649760909.2705572
1350;0.00017474200285505503;6;1649760913.1380239
1351;0.00017472452600486577;6;1649760917.049083
1352;0.0001747070491546765;6;1649760920.9144702
1353;0.00017468958685640246;6;1649760924.8178914
1354;0.0001746721100062132;6;1649760928.6673799
1355;0.00017465464770793915;6;1649760932.6068034
1356;0.0001746371854096651;6;1649760936.5467694
1357;0.00017461972311139107;6;1649760940.412963
1358;0.00017460226081311703;6;1649760944.4041789
1359;0.000174584798514843;6;1649760948.342218
1360;0.00017456733621656895;6;1649760952.3436298
1361;0.00017454988847021013;6;1649760956.231511
1362;0.0001745324261719361;6;1649760960.1963575
1363;0.00017451497842557728;6;1649760964.0577424
1364;0.00017449751612730324;6;1649760968.06989
1365;0.00017448006838094443;6;1649760971.9720445
1366;0.00017446262063458562;6;1649760975.7968626
1367;0.0001744451728882268;6;1649760979.708887
1368;0.00017442773969378322;6;1649760983.631719
1369;0.0001744102919474244;6;1649760987.6248345
1370;0.0001743928442010656;6;1649760991.5058002
1371;0.00017437541100662202;6;1649760995.4626424
1372;0.00017435797781217843;6;1649760999.427973
1373;0.00017434054461773485;6;1649761003.4366472
1374;0.00017432309687137604;6;1649761007.3945467
1375;0.00017430567822884768;6;1649761011.3595793
1376;0.0001742882450344041;6;1649761015.3567314
1377;0.00017427081183996052;6;1649761019.3120565
1378;0.00017425337864551693;6;1649761023.2611327
1379;0.00017423596000298858;6;1649761027.1634243
1380;0.00017421854136046022;6;1649761031.1457772
1381;0.00017420110816601664;6;1649761035.0609467
1382;0.00017418368952348828;6;1649761039.0649455
1383;0.00017416627088095993;6;1649761043.0982003
1384;0.00017414885223843157;6;1649761047.0807314
1385;0.00017413144814781845;6;1649761051.0605516
1386;0.0001741140295052901;6;1649761055.0025172
1387;0.00017409662541467696;6;1649761058.9801083
1388;0.0001740792067721486;6;1649761063.0095227
1389;0.00017406180268153548;6;1649761067.556539
1390;0.00017404439859092236;6;1649761071.572079
1391;0.00017402699450030923;6;1649761075.613913
1392;0.0001740095904096961;6;1649761079.6635873
1393;0.00017399218631908298;6;1649761083.622846
1394;0.00017397478222846985;6;1649761087.6023014
1395;0.00017395739268977195;6;1649761091.6036534
1396;0.00017393998859915882;6;1649761095.5197918
1397;0.00017392259906046093;6;1649761099.524236
1398;0.00017390520952176303;6;1649761103.4450662
1399;0.00017388781998306513;6;1649761107.39181
1400;0.00017387043044436723;6;1649761111.429381
1401;0.00017385304090566933;6;1649761115.3935852
1402;0.00017383565136697143;6;1649761119.355752
1403;0.00017381827638018876;6;1649761123.4019482
1404;0.00017380088684149086;6;1649761127.3610446
1405;0.0001737835118547082;6;1649761131.3040261
1406;0.00017376613686792552;6;1649761135.3296192
1407;0.00017374876188114285;6;1649761139.3919013
1408;0.00017373138689436018;6;1649761143.399321
1409;0.00017371401190757751;6;1649761147.353185
1410;0.00017369663692079484;6;1649761151.386765
1411;0.00017367926193401217;6;1649761155.419934
1412;0.00017366190149914473;6;1649761159.4219882
1413;0.0001736445410642773;6;1649761163.4392896
1414;0.00017362716607749462;6;1649761167.4678855
1415;0.00017360980564262718;6;1649761171.4725995
1416;0.00017359244520775974;6;1649761175.4166622
1417;0.0001735750847728923;6;1649761179.376094
1418;0.00017355772433802485;6;1649761183.4090016
1419;0.00017354037845507264;6;1649761187.3293607
1420;0.0001735230180202052;6;1649761191.2475095
1421;0.00017350567213725299;6;1649761195.2713213
1422;0.00017348831170238554;6;1649761199.1705644
1423;0.00017347096581943333;6;1649761203.1112702
1424;0.00017345361993648112;6;1649761207.059936
1425;0.0001734362740535289;6;1649761210.9397864
1426;0.0001734189281705767;6;1649761214.854807
1427;0.00017340158228762448;6;1649761218.7747555
1428;0.0001733842509565875;6;1649761222.6185248
1429;0.00017336690507363528;6;1649761226.5617342
1430;0.0001733495737425983;6;1649761230.4319263
1431;0.0001733322424115613;6;1649761234.3646374
1432;0.00017331491108052433;6;1649761238.282674
1433;0.00017329757974948734;6;1649761242.173988
1434;0.00017328024841845036;6;1649761246.0358698
1435;0.00017326291708741337;6;1649761249.950355
1436;0.00017324558575637639;6;1649761253.8025966
1437;0.00017322826897725463;6;1649761257.696556
1438;0.00017321093764621764;6;1649761261.62891
1439;0.0001731936208670959;6;1649761265.5851533
1440;0.00017317630408797413;6;1649761269.5682387
1441;0.00017315898730885237;6;1649761273.4765985
1442;0.00017314167052973062;6;1649761277.5068107
1443;0.00017312435375060886;6;1649761281.4405243
1444;0.0001731070369714871;6;1649761285.3531432
1445;0.00017308973474428058;6;1649761289.2824178
1446;0.00017307241796515882;6;1649761293.216062
1447;0.0001730551157379523;6;1649761297.1323016
1448;0.00017303781351074576;6;1649761301.0199544
1449;0.00017302051128353924;6;1649761304.8828452
1450;0.0001730032090563327;6;1649761308.7852244
1451;0.00017298590682912618;6;1649761312.690864
1452;0.00017296860460191965;6;1649761316.6545231
1453;0.00017295130237471312;6;1649761320.581529
1454;0.00017293401469942182;6;1649761324.4897165
1455;0.00017291672702413052;6;1649761328.3844216
1456;0.000172899424796924;6;1649761332.294562
1457;0.0001728821371216327;6;1649761336.2313643
1458;0.0001728648494463414;6;1649761340.1693475
1459;0.0001728475617710501;6;1649761344.0994601
1460;0.0001728302740957588;6;1649761348.0069122
1461;0.00017281300097238272;6;1649761351.923206
1462;0.00017279571329709142;6;1649761356.0498197
1463;0.00017277844017371535;6;1649761360.1473658
1464;0.00017276115249842405;6;1649761364.1626673
1465;0.00017274387937504798;6;1649761368.1862094
1466;0.0001727266062516719;6;1649761372.2492647
1467;0.00017270933312829584;6;1649761376.3180482
1468;0.00017269206000491977;7;1649761396.6364565
1469;0.0001726747868815437;7;1649761400.6354713
1470;0.00017265752831008285;7;1649761404.520462
1471;0.00017264025518670678;7;1649761408.5902207
1472;0.00017262299661524594;7;1649761412.601713
1473;0.0001726057380437851;7;1649761416.6404483
1474;0.00017258847947232425;7;1649761420.512302
1475;0.0001725712209008634;7;1649761424.4761214
1476;0.00017255396232940257;7;1649761428.4203787
1477;0.00017253670375794172;7;1649761432.3626552
1478;0.00017251944518648088;7;1649761436.3084006
1479;0.00017250220116693527;7;1649761440.2595782
1480;0.00017248494259547442;7;1649761444.2157905
1481;0.0001724676985759288;7;1649761448.216535
1482;0.0001724504545563832;7;1649761452.226816
1483;0.00017243321053683758;7;1649761456.268619
1484;0.00017241596651729196;7;1649761460.1990047
1485;0.00017239872249774635;7;1649761464.1236057
1486;0.00017238147847820073;7;1649761468.028951
1487;0.00017236424901057035;7;1649761471.9836595
1488;0.00017234700499102473;7;1649761475.9075859
1489;0.00017232977552339435;7;1649761479.9280758
1490;0.00017231254605576396;7;1649761483.8312128
1491;0.00017229530203621835;7;1649761487.7918522
1492;0.00017227807256858796;7;1649761491.7179863
1493;0.0001722608576528728;7;1649761495.6055274
1494;0.00017224362818524241;7;1649761499.5464923
1495;0.00017222639871761203;7;1649761503.462968
1496;0.00017220918380189687;7;1649761507.418318
1497;0.00017219195433426648;7;1649761511.4149292
1498;0.00017217473941855133;7;1649761515.3472269
1499;0.00017215752450283617;7;1649761519.2975926
1500;0.000172140309587121;7;1649761523.2081902
1501;0.00017212309467140585;7;1649761527.1128535
1502;0.0001721058797556907;7;1649761531.0136597
1503;0.00017208866483997554;7;1649761535.0005114
1504;0.0001720714644761756;7;1649761539.001869
1505;0.00017205424956046045;7;1649761542.9874732
1506;0.00017203704919666052;7;1649761547.0223722
1507;0.0001720198488328606;7;1649761550.9896107
1508;0.00017200263391714543;7;1649761554.929381
1509;0.0001719854335533455;7;1649761558.8438547
1510;0.0001719682477414608;7;1649761562.7307506
1511;0.00017195104737766087;7;1649761566.6422505
1512;0.00017193384701386094;7;1649761570.663591
1513;0.00017191666120197624;7;1649761574.674072
1514;0.0001718994608381763;7;1649761578.672844
1515;0.0001718822750262916;7;1649761582.6078107
1516;0.0001718650892144069;7;1649761586.5159113
1517;0.0001718479034025222;7;1649761590.4782727
1518;0.0001718307175906375;7;1649761594.459259
1519;0.0001718135317787528;7;1649761598.3514884
1520;0.0001717963459668681;7;1649761602.3247945
1521;0.00017177917470689863;7;1649761606.324653
1522;0.00017176198889501393;7;1649761610.2057629
1523;0.00017174481763504446;7;1649761614.1623027
1524;0.00017172764637507498;7;1649761618.140138
1525;0.0001717104751151055;7;1649761622.1190715
1526;0.00017169330385513604;7;1649761626.0489953
1527;0.00017167613259516656;7;1649761630.0702832
1528;0.0001716589613351971;7;1649761633.945269
1529;0.00017164179007522762;7;1649761637.854943
1530;0.00017162463336717337;7;1649761641.7735913
1531;0.0001716074621072039;7;1649761645.7295578
1532;0.00017159030539914966;7;1649761649.71801
1533;0.0001715731486910954;7;1649761653.6884382
1534;0.00017155599198304117;7;1649761657.6572855
1535;0.00017153883527498692;7;1649761661.5857544
1536;0.00017152167856693268;7;1649761665.5268757
1537;0.00017150453641079366;7;1649761669.4462597
1538;0.00017148737970273942;7;1649761673.3989997
1539;0.0001714702375466004;7;1649761677.3046982
1540;0.00017145308083854616;7;1649761681.293696
1541;0.00017143593868240714;7;1649761685.258367
1542;0.00017141879652626812;7;1649761689.1943803
1543;0.0001714016543701291;7;1649761693.1271877
1544;0.0001713845122139901;7;1649761697.136097
1545;0.00017136737005785108;7;1649761701.1333957
1546;0.0001713502424536273;7;1649761705.0760207
1547;0.00017133310029748827;7;1649761708.9496307
1548;0.00017131597269326448;7;1649761712.909885
1549;0.0001712988450890407;7;1649761716.956571
1550;0.00017128170293290168;7;1649761720.9662123
1551;0.0001712645753286779;7;1649761724.940287
1552;0.0001712474477244541;7;1649761728.8896387
1553;0.00017123033467214555;7;1649761732.8933876
1554;0.00017121320706792176;7;1649761736.883312
1555;0.00017119607946369797;7;1649761740.8412023
1556;0.0001711789664113894;7;1649761744.8086581
1557;0.00017116185335908085;7;1649761748.7723382
1558;0.00017114472575485706;7;1649761752.7190318
1559;0.0001711276127025485;7;1649761756.6122348
1560;0.00017111049965023994;7;1649761760.5992372
1561;0.00017109338659793139;7;1649761764.4581695
1562;0.00017107628809753805;7;1649761768.3474278
1563;0.0001710591750452295;7;1649761772.2127619
1564;0.00017104207654483616;7;1649761776.0425947
1565;0.0001710249634925276;7;1649761779.9649746
1566;0.00017100786499213427;7;1649761783.9000041
1567;0.00017099076649174094;7;1649761787.7828856
1568;0.0001709736679913476;7;1649761791.6734576
1569;0.00017095656949095428;7;1649761795.60841
1570;0.00017093947099056095;7;1649761799.5116277
1571;0.00017092237249016762;7;1649761803.3891032
1572;0.00017090528854168952;7;1649761807.3524675
1573;0.00017088819004129618;7;1649761811.2681296
1574;0.00017087110609281808;7;1649761815.160682
1575;0.00017085402214433998;7;1649761819.133303
