;Critic2LR;Steps;Wall_Time
0;9.999999747378752e-06;0;1651184902.6101778
1;9.999999747378752e-06;640;1651184903.7558033
2;9.999999747378752e-06;1280;1651184904.8799784
3;9.999999747378752e-06;1920;1651184905.9793253
4;9.999999747378752e-06;2560;1651184907.0857615
5;9.999999747378752e-06;3200;1651184908.2000506
6;9.999999747378752e-06;3840;1651184909.3024516
7;9.999999747378752e-06;4480;1651184912.0441928
8;9.999999747378752e-06;5120;1651184913.221601
9;9.999999747378752e-06;5760;1651184915.978273
10;9.999999747378752e-06;6400;1651184917.085807
11;9.999999747378752e-06;7040;1651184918.2014604
12;9.999999747378752e-06;7680;1651184919.3116055
13;9.999999747378752e-06;8320;1651184920.3905754
14;9.999999747378752e-06;8960;1651184921.5011363
15;9.999999747378752e-06;9600;1651184922.619287
16;9.999999747378752e-06;10240;1651184923.7408342
17;9.999999747378752e-06;10880;1651184924.8497906
18;9.999999747378752e-06;11520;1651184925.9645252
19;9.999999747378752e-06;12160;1651184927.068322
20;9.999999747378752e-06;12800;1651184928.1956403
21;9.999999747378752e-06;13440;1651184929.30586
22;9.999999747378752e-06;14080;1651184932.0398264
23;9.999999747378752e-06;14720;1651184933.224287
24;9.999999747378752e-06;15360;1651184935.983132
25;9.999999747378752e-06;16000;1651184937.080373
26;9.999999747378752e-06;16640;1651184938.1593666
27;9.999999747378752e-06;17280;1651184939.2793503
28;9.999999747378752e-06;17920;1651184940.3891945
29;9.999999747378752e-06;18560;1651184941.5172286
30;9.999999747378752e-06;19200;1651184942.6307962
31;9.999999747378752e-06;19840;1651184943.7406445
32;9.999999747378752e-06;20480;1651184944.829321
33;9.999999747378752e-06;21120;1651184945.9244626
34;9.999999747378752e-06;21760;1651184947.016444
35;9.999999747378752e-06;22400;1651184948.134964
36;9.999999747378752e-06;23040;1651184949.2421005
37;9.999999747378752e-06;23680;1651184951.9834166
38;9.999999747378752e-06;24320;1651184953.1597555
39;9.999999747378752e-06;24960;1651184955.9419823
40;9.999999747378752e-06;25600;1651184957.0826194
41;9.999999747378752e-06;26240;1651184958.217609
42;9.999999747378752e-06;26880;1651184959.3138578
43;9.999999747378752e-06;27520;1651184960.432984
44;9.999999747378752e-06;28160;1651184961.5367048
45;9.999999747378752e-06;28800;1651184962.6275084
46;9.999999747378752e-06;29440;1651184963.734768
47;9.999999747378752e-06;30080;1651184964.8689475
48;9.999999747378752e-06;30720;1651184965.9939215
49;9.999999747378752e-06;31360;1651184967.100709
50;9.999999747378752e-06;32000;1651184968.2182689
51;9.999999747378752e-06;32640;1651184969.3410318
52;9.999999747378752e-06;33280;1651184972.0660186
53;9.999999747378752e-06;33920;1651184973.2483184
54;9.999999747378752e-06;34560;1651184976.0306377
55;9.999999747378752e-06;35200;1651184977.202882
56;9.999999747378752e-06;35840;1651184978.3258097
57;9.999999747378752e-06;36480;1651184979.4276595
58;9.999999747378752e-06;37120;1651184980.5143714
59;9.999999747378752e-06;37760;1651184981.6168973
60;9.999999747378752e-06;38400;1651184982.7362876
61;9.999999747378752e-06;39040;1651184983.8501794
62;9.999999747378752e-06;39680;1651184984.9643571
63;9.999999747378752e-06;40320;1651184986.0715835
64;9.999999747378752e-06;40960;1651184987.193316
65;9.999999747378752e-06;41600;1651184988.2977564
66;9.999999747378752e-06;42240;1651184989.387506
67;9.999999747378752e-06;42880;1651184992.1241984
68;9.999999747378752e-06;43520;1651184993.3004262
69;9.999999747378752e-06;44160;1651184996.0636377
70;9.999999747378752e-06;44800;1651184997.1781883
71;9.999999747378752e-06;45440;1651184998.2943106
72;9.999999747378752e-06;46080;1651184999.3919
73;9.999999747378752e-06;46720;1651185000.5145574
74;9.999999747378752e-06;47360;1651185001.6435704
75;9.999999747378752e-06;48000;1651185002.7499228
76;9.999999747378752e-06;48640;1651185003.8462262
77;9.999999747378752e-06;49280;1651185004.9735465
78;9.999999747378752e-06;49920;1651185006.0955937
79;9.999999747378752e-06;50560;1651185007.2049413
80;9.999999747378752e-06;51200;1651185008.3016481
81;9.999999747378752e-06;51840;1651185009.4009495
82;9.999999747378752e-06;52480;1651185012.1251886
83;9.999999747378752e-06;53120;1651185013.3043675
84;9.999999747378752e-06;53760;1651185016.083968
85;9.999999747378752e-06;54400;1651185017.2618864
86;9.999999747378752e-06;55040;1651185018.4449778
87;9.999999747378752e-06;55680;1651185019.622431
88;9.999999747378752e-06;56320;1651185020.8008513
89;9.999999747378752e-06;56960;1651185021.9805913
90;9.999999747378752e-06;57600;1651185023.1601133
91;9.999999747378752e-06;58240;1651185024.337831
92;9.999999747378752e-06;58880;1651185025.5227869
93;9.999999747378752e-06;59520;1651185026.647415
94;9.999999747378752e-06;60160;1651185027.74203
95;9.999999747378752e-06;60800;1651185028.8413806
96;9.999999747378752e-06;61440;1651185029.9471653
97;9.999999747378752e-06;62080;1651185032.7113767
98;9.999999747378752e-06;62720;1651185033.8901045
99;9.999999747378752e-06;63360;1651185035.0689292
100;9.999999747378752e-06;64000;1651185078.3917787
101;9.999999747378752e-06;64640;1651185079.5764017
102;9.999999747378752e-06;65280;1651185080.7568195
103;9.999999747378752e-06;65920;1651185081.907966
104;9.999999747378752e-06;66560;1651185084.6172554
105;9.999999747378752e-06;67200;1651185085.7824728
106;9.999999747378752e-06;67840;1651185086.9580553
107;9.999999747378752e-06;68480;1651185088.1362307
108;9.999999747378752e-06;69120;1651185089.2810128
109;9.999999747378752e-06;69760;1651185090.4571621
110;9.999999747378752e-06;70400;1651185091.594765
111;9.999999747378752e-06;71040;1651185092.7750492
112;9.999999747378752e-06;71680;1651185095.5373569
113;9.999999747378752e-06;72320;1651185096.7153268
114;9.999999747378752e-06;72960;1651185097.8967383
115;9.999999747378752e-06;73600;1651185099.0696268
116;9.999999747378752e-06;74240;1651185100.2472672
117;9.999999747378752e-06;74880;1651185101.4179347
118;9.999999747378752e-06;75520;1651185103.5975804
119;9.999999747378752e-06;76160;1651185105.3387127
120;9.999999747378752e-06;76800;1651185106.5055192
121;9.999999747378752e-06;77440;1651185107.6504233
122;9.999999747378752e-06;78080;1651185108.8224816
123;9.999999747378752e-06;78720;1651185109.9984505
124;9.999999747378752e-06;79360;1651185111.142322
125;9.999999747378752e-06;80000;1651185112.3158667
126;9.999999747378752e-06;80640;1651185115.0705292
127;9.999999747378752e-06;81280;1651185116.2535658
128;9.999999747378752e-06;81920;1651185117.4445224
129;9.999999747378752e-06;82560;1651185118.6225255
130;9.999999747378752e-06;83200;1651185119.8050075
131;9.999999747378752e-06;83840;1651185120.9766495
132;9.999999747378752e-06;84480;1651185122.1506448
133;9.999999747378752e-06;85120;1651185124.9242184
134;9.999999747378752e-06;85760;1651185126.098372
135;9.999999747378752e-06;86400;1651185127.245306
136;9.999999747378752e-06;87040;1651185128.416558
137;9.999999747378752e-06;87680;1651185129.5954869
138;9.999999747378752e-06;88320;1651185130.7714639
139;9.999999747378752e-06;88960;1651185131.9493394
140;9.999999747378752e-06;89600;1651185134.6993346
141;9.999999747378752e-06;90240;1651185135.877305
142;9.999999747378752e-06;90880;1651185137.051368
143;9.999999747378752e-06;91520;1651185138.2201033
144;9.999999747378752e-06;92160;1651185139.4008672
145;9.999999747378752e-06;92800;1651185140.5753934
146;9.999999747378752e-06;93440;1651185141.7469409
147;9.999999747378752e-06;94080;1651185144.522072
148;9.999999747378752e-06;94720;1651185145.6964376
149;9.999999747378752e-06;95360;1651185146.8738384
150;9.999999747378752e-06;96000;1651185148.0002103
151;9.999999747378752e-06;96640;1651185149.1840372
152;9.999999747378752e-06;97280;1651185150.3182397
153;9.999999747378752e-06;97920;1651185151.4740257
154;9.999999747378752e-06;98560;1651185152.59581
155;9.999999747378752e-06;99200;1651185155.3626683
156;9.999999747378752e-06;99840;1651185156.531901
157;9.999999747378752e-06;100480;1651185157.7053661
158;9.999999747378752e-06;101120;1651185158.8817647
159;9.999999747378752e-06;101760;1651185160.0557928
160;9.999999747378752e-06;102400;1651185161.2328744
161;9.999999747378752e-06;103040;1651185164.0118666
162;9.999999747378752e-06;103680;1651185165.156466
163;9.999999747378752e-06;104320;1651185166.3082628
164;9.999999747378752e-06;104960;1651185167.4525368
165;9.999999747378752e-06;105600;1651185168.5876024
166;9.999999747378752e-06;106240;1651185169.7098858
167;9.999999747378752e-06;106880;1651185170.8748088
168;9.999999747378752e-06;107520;1651185171.9997196
169;9.999999747378752e-06;108160;1651185174.7699766
170;9.999999747378752e-06;108800;1651185175.9499166
171;9.999999747378752e-06;109440;1651185177.1318488
172;9.999999747378752e-06;110080;1651185178.3108847
173;9.999999747378752e-06;110720;1651185179.4800754
174;9.999999747378752e-06;111360;1651185180.62171
175;9.999999747378752e-06;112000;1651185181.7536922
176;9.999999747378752e-06;112640;1651185184.510508
177;9.999999747378752e-06;113280;1651185185.6918817
178;9.999999747378752e-06;113920;1651185186.864212
179;9.999999747378752e-06;114560;1651185188.0393517
180;9.999999747378752e-06;115200;1651185189.213886
181;9.999999747378752e-06;115840;1651185190.391879
182;9.999999747378752e-06;116480;1651185191.564381
183;9.999999747378752e-06;117120;1651185193.5549626
184;9.999999747378752e-06;117760;1651185195.4794614
185;9.999999747378752e-06;118400;1651185196.657173
186;9.999999747378752e-06;119040;1651185197.8374774
187;9.999999747378752e-06;119680;1651185198.9537284
188;9.999999747378752e-06;120320;1651185200.1347253
189;9.999999747378752e-06;120960;1651185201.2769842
190;9.999999747378752e-06;121600;1651185204.0572767
191;9.999999747378752e-06;122240;1651185205.2324429
192;9.999999747378752e-06;122880;1651185206.4038138
193;9.999999747378752e-06;123520;1651185207.576269
194;9.999999747378752e-06;124160;1651185208.7479875
195;9.999999747378752e-06;124800;1651185209.915157
196;9.999999747378752e-06;125440;1651185211.0707448
197;9.999999747378752e-06;126080;1651185212.2354188
198;9.999999747378752e-06;126720;1651185214.9519045
199;9.999999747378752e-06;127360;1651185216.08882
200;9.999999747378752e-06;128000;1651185262.2344017
201;9.999999747378752e-06;128640;1651185263.3594048
202;9.999999747378752e-06;129280;1651185264.5333383
203;9.999999747378752e-06;129920;1651185265.6549134
204;9.999999747378752e-06;130560;1651185266.754072
205;9.999999747378752e-06;131200;1651185268.1225755
206;9.999999747378752e-06;131840;1651185270.648022
207;9.999999747378752e-06;132480;1651185271.8247716
208;9.999999747378752e-06;133120;1651185273.0038443
209;9.999999747378752e-06;133760;1651185274.1764688
210;9.999999747378752e-06;134400;1651185275.3563943
211;9.999999747378752e-06;135040;1651185276.5289953
212;9.999999747378752e-06;135680;1651185279.3094451
213;9.999999747378752e-06;136320;1651185280.4417915
214;9.999999747378752e-06;136960;1651185281.5732732
215;9.999999747378752e-06;137600;1651185282.6898873
216;9.999999747378752e-06;138240;1651185283.8166714
217;9.999999747378752e-06;138880;1651185284.9189022
218;9.999999747378752e-06;139520;1651185286.0692983
219;9.999999747378752e-06;140160;1651185287.1754782
220;9.999999747378752e-06;140800;1651185289.9270556
221;9.999999747378752e-06;141440;1651185291.1029108
222;9.999999747378752e-06;142080;1651185292.2801626
223;9.999999747378752e-06;142720;1651185293.4582226
224;9.999999747378752e-06;143360;1651185294.6400967
225;9.999999747378752e-06;144000;1651185295.821402
226;9.999999747378752e-06;144640;1651185297.000303
227;9.999999747378752e-06;145280;1651185299.7695596
228;9.999999747378752e-06;145920;1651185300.9490006
229;9.999999747378752e-06;146560;1651185302.121891
230;9.999999747378752e-06;147200;1651185303.295899
231;9.999999747378752e-06;147840;1651185304.4728315
232;9.999999747378752e-06;148480;1651185305.642499
233;9.999999747378752e-06;149120;1651185306.7648458
234;9.999999747378752e-06;149760;1651185309.547494
235;9.999999747378752e-06;150400;1651185310.7246134
236;9.999999747378752e-06;151040;1651185311.90475
237;9.999999747378752e-06;151680;1651185313.0830915
238;9.999999747378752e-06;152320;1651185314.260398
239;9.999999747378752e-06;152960;1651185315.417382
240;9.999999747378752e-06;153600;1651185316.567461
241;9.999999747378752e-06;154240;1651185319.3398132
242;9.999999747378752e-06;154880;1651185320.5107143
243;9.999999747378752e-06;155520;1651185321.6851192
244;9.999999747378752e-06;156160;1651185322.8623767
245;9.999999747378752e-06;156800;1651185324.0396652
246;9.999999747378752e-06;157440;1651185325.2103496
247;9.999999747378752e-06;158080;1651185326.378178
248;9.999999747378752e-06;158720;1651185327.6454394
249;9.999999747378752e-06;159360;1651185330.3246167
250;9.999999747378752e-06;160000;1651185331.4609509
251;9.999999747378752e-06;160640;1651185332.641968
252;9.999999747378752e-06;161280;1651185333.7848992
253;9.999999747378752e-06;161920;1651185334.9637318
254;9.999999747378752e-06;162560;1651185336.136618
255;9.999999747378752e-06;163200;1651185338.8876684
256;9.999999747378752e-06;163840;1651185340.065396
257;9.999999747378752e-06;164480;1651185341.2403917
258;9.999999747378752e-06;165120;1651185342.421207
259;9.999999747378752e-06;165760;1651185343.5968223
260;9.999999747378752e-06;166400;1651185344.7831273
261;9.999999747378752e-06;167040;1651185345.9613283
262;9.999999747378752e-06;167680;1651185347.136018
263;9.999999747378752e-06;168320;1651185349.9110692
264;9.999999747378752e-06;168960;1651185351.0874033
265;9.999999747378752e-06;169600;1651185352.2683861
266;9.999999747378752e-06;170240;1651185353.444496
267;9.999999747378752e-06;170880;1651185354.6159403
268;9.999999747378752e-06;171520;1651185355.7762516
269;9.999999747378752e-06;172160;1651185358.5638921
270;9.999999747378752e-06;172800;1651185359.7473953
271;9.999999747378752e-06;173440;1651185360.9220073
272;9.999999747378752e-06;174080;1651185362.1020234
273;9.999999747378752e-06;174720;1651185363.2332292
274;9.999999747378752e-06;175360;1651185364.3382585
275;9.999999747378752e-06;176000;1651185365.4708757
276;9.999999747378752e-06;176640;1651185366.5814223
277;9.999999747378752e-06;177280;1651185369.3400483
278;9.999999747378752e-06;177920;1651185370.5178869
279;9.999999747378752e-06;178560;1651185371.6923916
280;9.999999747378752e-06;179200;1651185372.8090804
281;9.999999747378752e-06;179840;1651185373.9799645
282;9.999999747378752e-06;180480;1651185375.1629038
283;9.999999747378752e-06;181120;1651185376.3419955
284;9.999999747378752e-06;181760;1651185379.1007206
285;9.999999747378752e-06;182400;1651185380.195513
286;9.999999747378752e-06;183040;1651185381.3372467
287;9.999999747378752e-06;183680;1651185382.4598596
288;9.999999747378752e-06;184320;1651185383.616468
289;9.999999747378752e-06;184960;1651185384.699846
290;9.999999747378752e-06;185600;1651185385.8663723
291;9.999999747378752e-06;186240;1651185386.9849079
292;9.999999747378752e-06;186880;1651185389.756785
293;9.999999747378752e-06;187520;1651185390.9337943
294;9.999999747378752e-06;188160;1651185392.1040473
295;9.999999747378752e-06;188800;1651185393.2710156
296;9.999999747378752e-06;189440;1651185394.3793232
297;9.999999747378752e-06;190080;1651185395.5484376
298;9.999999747378752e-06;190720;1651185397.1280074
299;9.999999747378752e-06;191360;1651185399.4082017
300;9.999999747378752e-06;192000;1651185445.8145418
301;9.999999747378752e-06;192640;1651185446.992337
302;9.999999747378752e-06;193280;1651185448.1671069
303;9.999999747378752e-06;193920;1651185449.348125
304;9.999999747378752e-06;194560;1651185450.5284212
305;9.999999747378752e-06;195200;1651185453.3059957
306;9.999999747378752e-06;195840;1651185454.483036
307;9.999999747378752e-06;196480;1651185455.6597211
308;9.999999747378752e-06;197120;1651185456.8401058
309;9.999999747378752e-06;197760;1651185458.0189362
310;9.999999747378752e-06;198400;1651185459.1918056
311;9.999999747378752e-06;199040;1651185460.3790052
312;9.999999747378752e-06;199680;1651185461.5671413
313;9.999999747378752e-06;200320;1651185462.9303422
314;9.999999747378752e-06;200960;1651185465.4887362
315;9.999999747378752e-06;201600;1651185466.6634395
316;9.999999747378752e-06;202240;1651185467.7946095
317;9.999999747378752e-06;202880;1651185468.904659
318;9.999999747378752e-06;203520;1651185470.0772035
319;9.999999747378752e-06;204160;1651185471.2147813
320;9.999999747378752e-06;204800;1651185473.9954252
321;9.999999747378752e-06;205440;1651185475.1702228
322;9.999999747378752e-06;206080;1651185476.326292
323;9.999999747378752e-06;206720;1651185477.4952314
324;9.999999747378752e-06;207360;1651185478.6658247
325;9.999999747378752e-06;208000;1651185479.8430052
326;9.999999747378752e-06;208640;1651185481.0388432
327;9.999999747378752e-06;209280;1651185482.2185068
328;9.999999747378752e-06;209920;1651185484.9875834
329;9.999999747378752e-06;210560;1651185486.1617937
330;9.999999747378752e-06;211200;1651185487.3358786
331;9.999999747378752e-06;211840;1651185488.5123148
332;9.999999747378752e-06;212480;1651185489.6692147
333;9.999999747378752e-06;213120;1651185490.846052
334;9.999999747378752e-06;213760;1651185493.6255035
335;9.999999747378752e-06;214400;1651185494.804615
336;9.999999747378752e-06;215040;1651185495.9734814
337;9.999999747378752e-06;215680;1651185497.1422694
338;9.999999747378752e-06;216320;1651185498.322004
339;9.999999747378752e-06;216960;1651185499.4887109
340;9.999999747378752e-06;217600;1651185500.6007702
341;9.999999747378752e-06;218240;1651185501.781153
342;9.999999747378752e-06;218880;1651185504.551913
343;9.999999747378752e-06;219520;1651185505.7062976
344;9.999999747378752e-06;220160;1651185506.8641388
345;9.999999747378752e-06;220800;1651185508.0427232
346;9.999999747378752e-06;221440;1651185509.1954577
347;9.999999747378752e-06;222080;1651185510.366082
348;9.999999747378752e-06;222720;1651185513.1197538
349;9.999999747378752e-06;223360;1651185514.2977655
350;9.999999747378752e-06;224000;1651185515.4651225
351;9.999999747378752e-06;224640;1651185516.6440067
352;9.999999747378752e-06;225280;1651185517.773796
353;9.999999747378752e-06;225920;1651185518.9189734
354;9.999999747378752e-06;226560;1651185520.095231
355;9.999999747378752e-06;227200;1651185521.2331653
356;9.999999747378752e-06;227840;1651185522.5101793
357;9.999999747378752e-06;228480;1651185525.1617973
358;9.999999747378752e-06;229120;1651185526.342387
359;9.999999747378752e-06;229760;1651185527.5059738
360;9.999999747378752e-06;230400;1651185528.6671762
361;9.999999747378752e-06;231040;1651185529.825183
362;9.999999747378752e-06;231680;1651185531.7581162
363;9.999999747378752e-06;232320;1651185533.7318141
364;9.999999747378752e-06;232960;1651185534.887299
365;9.999999747378752e-06;233600;1651185535.9908156
366;9.999999747378752e-06;234240;1651185537.1487784
367;9.999999747378752e-06;234880;1651185538.263024
368;9.999999747378752e-06;235520;1651185539.4212468
369;9.999999747378752e-06;236160;1651185540.539931
370;9.999999747378752e-06;236800;1651185541.6893675
371;9.999999747378752e-06;237440;1651185544.4234662
372;9.999999747378752e-06;238080;1651185545.601915
373;9.999999747378752e-06;238720;1651185546.7820942
374;9.999999747378752e-06;239360;1651185547.968103
375;9.999999747378752e-06;240000;1651185549.1396327
376;9.999999747378752e-06;240640;1651185550.2958832
377;9.999999747378752e-06;241280;1651185553.074777
378;9.999999747378752e-06;241920;1651185554.1989043
379;9.999999747378752e-06;242560;1651185555.3538132
380;9.999999747378752e-06;243200;1651185556.481437
381;9.999999747378752e-06;243840;1651185557.6468794
382;9.999999747378752e-06;244480;1651185558.8259528
383;9.999999747378752e-06;245120;1651185560.0035446
384;9.999999747378752e-06;245760;1651185561.185
385;9.999999747378752e-06;246400;1651185563.1414337
386;9.999999747378752e-06;247040;1651185565.1165335
387;9.999999747378752e-06;247680;1651185566.2806573
388;9.999999747378752e-06;248320;1651185567.436569
389;9.999999747378752e-06;248960;1651185568.6147609
390;9.999999747378752e-06;249600;1651185569.764497
391;9.999999747378752e-06;250240;1651185572.295216
392;9.999999747378752e-06;250880;1651185573.6805005
393;9.999999747378752e-06;251520;1651185574.8630807
394;9.999999747378752e-06;252160;1651185576.0384498
395;9.999999747378752e-06;252800;1651185577.2132514
396;9.999999747378752e-06;253440;1651185578.3916025
397;9.999999747378752e-06;254080;1651185579.5512238
398;9.999999747378752e-06;254720;1651185580.7264247
399;9.999999747378752e-06;255360;1651185581.9047742
400;9.999999747378752e-06;256000;1651185629.8593457
401;9.999999747378752e-06;256640;1651185631.0312407
402;9.999999747378752e-06;257280;1651185632.2142448
403;9.999999747378752e-06;257920;1651185633.3870268
404;9.999999747378752e-06;258560;1651185634.56578
405;9.999999747378752e-06;259200;1651185635.7456765
406;9.999999747378752e-06;259840;1651185636.9089787
407;9.999999747378752e-06;260480;1651185639.6929414
408;9.999999747378752e-06;261120;1651185640.87591
409;9.999999747378752e-06;261760;1651185642.0502892
410;9.999999747378752e-06;262400;1651185643.231484
411;9.999999747378752e-06;263040;1651185644.408072
412;9.999999747378752e-06;263680;1651185645.5803282
413;9.999999747378752e-06;264320;1651185648.3463511
414;9.999999747378752e-06;264960;1651185649.5070062
415;9.999999747378752e-06;265600;1651185650.681166
416;9.999999747378752e-06;266240;1651185651.8560598
417;9.999999747378752e-06;266880;1651185653.0284288
418;9.999999747378752e-06;267520;1651185654.2117023
419;9.999999747378752e-06;268160;1651185655.3901927
420;9.999999747378752e-06;268800;1651185656.5669062
421;9.999999747378752e-06;269440;1651185659.3498266
422;9.999999747378752e-06;270080;1651185660.5023344
423;9.999999747378752e-06;270720;1651185661.6599975
424;9.999999747378752e-06;271360;1651185662.7916787
425;9.999999747378752e-06;272000;1651185663.9767094
426;9.999999747378752e-06;272640;1651185665.1512694
427;9.999999747378752e-06;273280;1651185667.9241216
428;9.999999747378752e-06;273920;1651185669.10776
429;9.999999747378752e-06;274560;1651185670.2840958
430;9.999999747378752e-06;275200;1651185671.4429457
431;9.999999747378752e-06;275840;1651185672.58454
432;9.999999747378752e-06;276480;1651185673.7631154
433;9.999999747378752e-06;277120;1651185674.8738863
434;9.999999747378752e-06;277760;1651185676.051797
435;9.999999747378752e-06;278400;1651185678.795157
436;9.999999747378752e-06;279040;1651185679.973345
437;9.999999747378752e-06;279680;1651185681.1463413
438;9.999999747378752e-06;280320;1651185682.3223252
439;9.999999747378752e-06;280960;1651185683.4671142
440;9.999999747378752e-06;281600;1651185684.62329
441;9.999999747378752e-06;282240;1651185685.7533164
442;9.999999747378752e-06;282880;1651185688.4853125
443;9.999999747378752e-06;283520;1651185689.6182497
444;9.999999747378752e-06;284160;1651185690.7815473
445;9.999999747378752e-06;284800;1651185691.9609787
446;9.999999747378752e-06;285440;1651185693.094822
447;9.999999747378752e-06;286080;1651185694.2688758
448;9.999999747378752e-06;286720;1651185695.4426925
449;9.999999747378752e-06;287360;1651185696.6175232
450;9.999999747378752e-06;288000;1651185699.3476686
451;9.999999747378752e-06;288640;1651185700.4894536
452;9.999999747378752e-06;289280;1651185701.6159413
453;9.999999747378752e-06;289920;1651185702.7899795
454;9.999999747378752e-06;290560;1651185703.899629
455;9.999999747378752e-06;291200;1651185705.0734253
456;9.999999747378752e-06;291840;1651185707.8477461
457;9.999999747378752e-06;292480;1651185708.9857407
458;9.999999747378752e-06;293120;1651185710.1563888
459;9.999999747378752e-06;293760;1651185711.3312888
460;9.999999747378752e-06;294400;1651185712.4625344
461;9.999999747378752e-06;295040;1651185713.6002717
462;9.999999747378752e-06;295680;1651185714.771178
463;9.999999747378752e-06;296320;1651185715.9150913
464;9.999999747378752e-06;296960;1651185718.6887445
465;9.999999747378752e-06;297600;1651185719.861732
466;9.999999747378752e-06;298240;1651185721.0361257
467;9.999999747378752e-06;298880;1651185722.2110152
468;9.999999747378752e-06;299520;1651185723.3887522
469;9.999999747378752e-06;300160;1651185724.5678155
470;9.999999747378752e-06;300800;1651185725.801155
471;9.999999747378752e-06;301440;1651185728.4165325
472;9.999999747378752e-06;302080;1651185729.596163
473;9.999999747378752e-06;302720;1651185730.732423
474;9.999999747378752e-06;303360;1651185731.899085
475;9.999999747378752e-06;304000;1651185733.0599022
476;9.999999747378752e-06;304640;1651185734.23476
477;9.999999747378752e-06;305280;1651185735.378294
478;9.999999747378752e-06;305920;1651185736.6134198
479;9.999999747378752e-06;306560;1651185739.2949543
480;9.999999747378752e-06;307200;1651185740.4722571
481;9.999999747378752e-06;307840;1651185741.6508632
482;9.999999747378752e-06;308480;1651185742.8369584
483;9.999999747378752e-06;309120;1651185744.0152194
484;9.999999747378752e-06;309760;1651185745.1944437
485;9.999999747378752e-06;310400;1651185747.973563
486;9.999999747378752e-06;311040;1651185749.1249654
487;9.999999747378752e-06;311680;1651185750.3087308
488;9.999999747378752e-06;312320;1651185751.4805872
489;9.999999747378752e-06;312960;1651185752.6468437
490;9.999999747378752e-06;313600;1651185753.8204226
491;9.999999747378752e-06;314240;1651185754.9997315
492;9.999999747378752e-06;314880;1651185756.1729052
493;9.999999747378752e-06;315520;1651185758.9484138
494;9.999999747378752e-06;316160;1651185760.0889187
495;9.999999747378752e-06;316800;1651185761.2345157
496;9.999999747378752e-06;317440;1651185762.4085903
497;9.999999747378752e-06;318080;1651185763.5836606
498;9.999999747378752e-06;318720;1651185764.7610574
499;9.999999747378752e-06;319360;1651185767.5394425
500;9.999999747378752e-06;320000;1651185813.7668881
501;9.999999747378752e-06;320640;1651185814.9431667
502;9.999999747378752e-06;321280;1651185816.0735493
503;9.999999747378752e-06;321920;1651185817.2433288
504;9.999999747378752e-06;322560;1651185818.3999152
505;9.999999747378752e-06;323200;1651185819.5486946
506;9.999999747378752e-06;323840;1651185820.7295651
507;9.999999747378752e-06;324480;1651185823.502688
508;9.999999747378752e-06;325120;1651185824.6799664
509;9.999999747378752e-06;325760;1651185825.841388
510;9.999999747378752e-06;326400;1651185827.0212274
511;9.999999747378752e-06;327040;1651185828.1968327
512;9.999999747378752e-06;327680;1651185829.370135
513;9.999999747378752e-06;328320;1651185830.5418525
514;9.999999747378752e-06;328960;1651185833.3222024
515;9.999999747378752e-06;329600;1651185834.5049367
516;9.999999747378752e-06;330240;1651185835.6755633
517;9.999999747378752e-06;330880;1651185836.854642
518;9.999999747378752e-06;331520;1651185838.0394037
519;9.999999747378752e-06;332160;1651185839.2174647
520;9.999999747378752e-06;332800;1651185840.389063
521;9.999999747378752e-06;333440;1651185843.163411
522;9.999999747378752e-06;334080;1651185844.2580311
523;9.999999747378752e-06;334720;1651185845.4003901
524;9.999999747378752e-06;335360;1651185846.5232086
525;9.999999747378752e-06;336000;1651185847.6857188
526;9.999999747378752e-06;336640;1651185848.8055305
527;9.999999747378752e-06;337280;1651185849.9662926
528;9.999999747378752e-06;337920;1651185851.1385021
529;9.999999747378752e-06;338560;1651185853.9179034
530;9.999999747378752e-06;339200;1651185855.0936868
531;9.999999747378752e-06;339840;1651185856.2702837
532;9.999999747378752e-06;340480;1651185857.4414046
533;9.999999747378752e-06;341120;1651185858.621688
534;9.999999747378752e-06;341760;1651185859.788138
535;9.999999747378752e-06;342400;1651185862.5638583
536;9.999999747378752e-06;343040;1651185863.7411714
537;9.999999747378752e-06;343680;1651185864.895651
538;9.999999747378752e-06;344320;1651185866.0179048
539;9.999999747378752e-06;344960;1651185867.1604176
540;9.999999747378752e-06;345600;1651185868.2431433
541;9.999999747378752e-06;346240;1651185869.3676808
542;9.999999747378752e-06;346880;1651185870.48504
543;9.999999747378752e-06;347520;1651185873.2522142
544;9.999999747378752e-06;348160;1651185874.4314013
545;9.999999747378752e-06;348800;1651185875.5869071
546;9.999999747378752e-06;349440;1651185876.7466702
547;9.999999747378752e-06;350080;1651185877.9104548
548;9.999999747378752e-06;350720;1651185879.0511875
549;9.999999747378752e-06;351360;1651185880.211006
550;9.999999747378752e-06;352000;1651185882.9848948
551;9.999999747378752e-06;352640;1651185884.1632152
552;9.999999747378752e-06;353280;1651185885.3353434
553;9.999999747378752e-06;353920;1651185886.507812
554;9.999999747378752e-06;354560;1651185887.683779
555;9.999999747378752e-06;355200;1651185888.8586981
556;9.999999747378752e-06;355840;1651185890.0383575
557;9.999999747378752e-06;356480;1651185891.5834076
558;9.999999747378752e-06;357120;1651185893.9649441
559;9.999999747378752e-06;357760;1651185895.1111438
560;9.999999747378752e-06;358400;1651185896.287291
561;9.999999747378752e-06;359040;1651185897.4586625
562;9.999999747378752e-06;359680;1651185898.6266947
563;9.999999747378752e-06;360320;1651185899.8067846
564;9.999999747378752e-06;360960;1651185902.5732877
565;9.999999747378752e-06;361600;1651185903.7522151
566;9.999999747378752e-06;362240;1651185904.9226255
567;9.999999747378752e-06;362880;1651185906.1009789
568;9.999999747378752e-06;363520;1651185907.2706556
569;9.999999747378752e-06;364160;1651185908.4398966
570;9.999999747378752e-06;364800;1651185909.6097186
571;9.999999747378752e-06;365440;1651185910.7930865
572;9.999999747378752e-06;366080;1651185913.553385
573;9.999999747378752e-06;366720;1651185914.6960678
574;9.999999747378752e-06;367360;1651185915.844325
575;9.999999747378752e-06;368000;1651185916.9971936
576;9.999999747378752e-06;368640;1651185918.0923219
577;9.999999747378752e-06;369280;1651185919.2625897
578;9.999999747378752e-06;369920;1651185921.0550864
579;9.999999747378752e-06;370560;1651185923.195382
580;9.999999747378752e-06;371200;1651185924.3730226
581;9.999999747378752e-06;371840;1651185925.550505
582;9.999999747378752e-06;372480;1651185926.7070732
583;9.999999747378752e-06;373120;1651185927.8704944
584;9.999999747378752e-06;373760;1651185929.0156252
585;9.999999747378752e-06;374400;1651185930.1967998
586;9.999999747378752e-06;375040;1651185932.9596124
587;9.999999747378752e-06;375680;1651185934.1388733
588;9.999999747378752e-06;376320;1651185935.3137457
589;9.999999747378752e-06;376960;1651185936.49328
590;9.999999747378752e-06;377600;1651185937.6559775
591;9.999999747378752e-06;378240;1651185938.7836547
592;9.999999747378752e-06;378880;1651185939.9333377
593;9.999999747378752e-06;379520;1651185942.6894403
594;9.999999747378752e-06;380160;1651185943.865339
595;9.999999747378752e-06;380800;1651185945.0073624
596;9.999999747378752e-06;381440;1651185946.1840115
597;9.999999747378752e-06;382080;1651185947.3302922
598;9.999999747378752e-06;382720;1651185948.503668
599;9.999999747378752e-06;383360;1651185949.6506424
600;9.999999747378752e-06;384000;1651185997.5302444
601;9.999999747378752e-06;384640;1651185998.7058413
602;9.999999747378752e-06;385280;1651185999.8878298
603;9.999999747378752e-06;385920;1651186001.0757782
604;9.999999747378752e-06;386560;1651186002.2578685
605;9.999999747378752e-06;387200;1651186003.4360628
606;9.999999747378752e-06;387840;1651186004.62273
607;9.999999747378752e-06;388480;1651186005.7979426
608;9.999999747378752e-06;389120;1651186008.5682118
609;9.999999747378752e-06;389760;1651186009.7057996
610;9.999999747378752e-06;390400;1651186010.8381746
611;9.999999747378752e-06;391040;1651186011.9544077
612;9.999999747378752e-06;391680;1651186013.094331
613;9.999999747378752e-06;392320;1651186014.2236948
614;9.999999747378752e-06;392960;1651186016.9274938
615;9.999999747378752e-06;393600;1651186018.1221201
616;9.999999747378752e-06;394240;1651186019.299505
617;9.999999747378752e-06;394880;1651186020.4712112
618;9.999999747378752e-06;395520;1651186021.6452978
619;9.999999747378752e-06;396160;1651186022.8029473
620;9.999999747378752e-06;396800;1651186023.956008
621;9.999999747378752e-06;397440;1651186025.1105406
622;9.999999747378752e-06;398080;1651186026.239387
623;9.999999747378752e-06;398720;1651186029.0068138
624;9.999999747378752e-06;399360;1651186030.1801429
625;9.999999747378752e-06;400000;1651186031.3575346
626;9.999999747378752e-06;400640;1651186032.5376084
627;9.999999747378752e-06;401280;1651186033.70035
628;9.999999747378752e-06;401920;1651186034.8673494
629;9.999999747378752e-06;402560;1651186037.6492448
630;9.999999747378752e-06;403200;1651186038.826958
631;9.999999747378752e-06;403840;1651186039.9985034
632;9.999999747378752e-06;404480;1651186041.1741683
633;9.999999747378752e-06;405120;1651186042.346471
634;9.999999747378752e-06;405760;1651186043.5262787
635;9.999999747378752e-06;406400;1651186044.703986
636;9.999999747378752e-06;407040;1651186045.8867567
637;9.999999747378752e-06;407680;1651186048.6482706
638;9.999999747378752e-06;408320;1651186049.8296502
639;9.999999747378752e-06;408960;1651186050.9946709
640;9.999999747378752e-06;409600;1651186052.1735094
641;9.999999747378752e-06;410240;1651186053.3176844
642;9.999999747378752e-06;410880;1651186054.4939988
643;9.999999747378752e-06;411520;1651186057.2525558
644;9.999999747378752e-06;412160;1651186058.3858538
645;9.999999747378752e-06;412800;1651186059.5353894
646;9.999999747378752e-06;413440;1651186060.6709118
647;9.999999747378752e-06;414080;1651186061.8072672
648;9.999999747378752e-06;414720;1651186062.9627638
649;9.999999747378752e-06;415360;1651186064.0752218
650;9.999999747378752e-06;416000;1651186065.2520118
651;9.999999747378752e-06;416640;1651186067.8500483
652;9.999999747378752e-06;417280;1651186069.1457283
653;9.999999747378752e-06;417920;1651186070.3220062
654;9.999999747378752e-06;418560;1651186071.4993541
655;9.999999747378752e-06;419200;1651186072.6767433
656;9.999999747378752e-06;419840;1651186073.8549027
657;9.999999747378752e-06;420480;1651186076.5775483
658;9.999999747378752e-06;421120;1651186077.7912738
659;9.999999747378752e-06;421760;1651186078.9285226
660;9.999999747378752e-06;422400;1651186080.1008835
661;9.999999747378752e-06;423040;1651186081.2508554
662;9.999999747378752e-06;423680;1651186082.4229336
663;9.999999747378752e-06;424320;1651186083.582827
664;9.999999747378752e-06;424960;1651186084.7227068
665;9.999999747378752e-06;425600;1651186085.887368
666;9.999999747378752e-06;426240;1651186088.6604664
667;9.999999747378752e-06;426880;1651186089.8363342
668;9.999999747378752e-06;427520;1651186091.0049515
669;9.999999747378752e-06;428160;1651186092.1799104
670;9.999999747378752e-06;428800;1651186093.355917
671;9.999999747378752e-06;429440;1651186094.5330458
672;9.999999747378752e-06;430080;1651186097.3084981
673;9.999999747378752e-06;430720;1651186098.4896743
674;9.999999747378752e-06;431360;1651186099.6668274
675;9.999999747378752e-06;432000;1651186100.8366385
676;9.999999747378752e-06;432640;1651186102.010964
677;9.999999747378752e-06;433280;1651186103.187825
678;9.999999747378752e-06;433920;1651186104.3701186
679;9.999999747378752e-06;434560;1651186105.546734
680;9.999999747378752e-06;435200;1651186108.32866
681;9.999999747378752e-06;435840;1651186109.445774
682;9.999999747378752e-06;436480;1651186110.6074748
683;9.999999747378752e-06;437120;1651186111.7350283
684;9.999999747378752e-06;437760;1651186112.8847759
685;9.999999747378752e-06;438400;1651186113.9851687
686;9.999999747378752e-06;439040;1651186116.7675638
687;9.999999747378752e-06;439680;1651186117.9449806
688;9.999999747378752e-06;440320;1651186119.1210845
689;9.999999747378752e-06;440960;1651186120.2933943
690;9.999999747378752e-06;441600;1651186121.4666283
691;9.999999747378752e-06;442240;1651186122.6399832
692;9.999999747378752e-06;442880;1651186123.81891
693;9.999999747378752e-06;443520;1651186124.9533048
694;9.999999747378752e-06;444160;1651186127.737369
695;9.999999747378752e-06;444800;1651186128.9140334
696;9.999999747378752e-06;445440;1651186130.0482397
697;9.999999747378752e-06;446080;1651186131.172124
698;9.999999747378752e-06;446720;1651186132.3011515
699;9.999999747378752e-06;447360;1651186133.4767332
700;9.999999747378752e-06;448000;1651186179.6420434
701;9.999999747378752e-06;448640;1651186180.7957895
702;9.999999747378752e-06;449280;1651186183.5732143
703;9.999999747378752e-06;449920;1651186184.7549148
704;9.999999747378752e-06;450560;1651186185.9237998
705;9.999999747378752e-06;451200;1651186187.1059046
706;9.999999747378752e-06;451840;1651186188.2824833
707;9.999999747378752e-06;452480;1651186189.462271
708;9.999999747378752e-06;453120;1651186192.239648
709;9.999999747378752e-06;453760;1651186193.4154909
710;9.999999747378752e-06;454400;1651186194.5937185
711;9.999999747378752e-06;455040;1651186195.7571557
712;9.999999747378752e-06;455680;1651186196.9367633
713;9.999999747378752e-06;456320;1651186198.1040263
714;9.999999747378752e-06;456960;1651186199.269625
715;9.999999747378752e-06;457600;1651186200.3930447
716;9.999999747378752e-06;458240;1651186203.1633017
717;9.999999747378752e-06;458880;1651186204.3447745
718;9.999999747378752e-06;459520;1651186205.5171566
719;9.999999747378752e-06;460160;1651186206.6905117
720;9.999999747378752e-06;460800;1651186207.8608954
721;9.999999747378752e-06;461440;1651186209.037824
722;9.999999747378752e-06;462080;1651186211.8120308
723;9.999999747378752e-06;462720;1651186212.9589765
724;9.999999747378752e-06;463360;1651186214.129708
725;9.999999747378752e-06;464000;1651186215.2985017
726;9.999999747378752e-06;464640;1651186216.448012
727;9.999999747378752e-06;465280;1651186217.621876
728;9.999999747378752e-06;465920;1651186218.7799866
729;9.999999747378752e-06;466560;1651186219.885808
730;9.999999747378752e-06;467200;1651186222.6622975
731;9.999999747378752e-06;467840;1651186223.8427448
732;9.999999747378752e-06;468480;1651186225.0217707
733;9.999999747378752e-06;469120;1651186226.197586
734;9.999999747378752e-06;469760;1651186227.377648
735;9.999999747378752e-06;470400;1651186228.5551813
736;9.999999747378752e-06;471040;1651186229.8217468
737;9.999999747378752e-06;471680;1651186232.4978228
738;9.999999747378752e-06;472320;1651186233.5976152
739;9.999999747378752e-06;472960;1651186234.7603335
740;9.999999747378752e-06;473600;1651186235.8677928
741;9.999999747378752e-06;474240;1651186237.017868
742;9.999999747378752e-06;474880;1651186238.1586237
743;9.999999747378752e-06;475520;1651186239.3053563
744;9.999999747378752e-06;476160;1651186240.4416146
745;9.999999747378752e-06;476800;1651186243.2217605
746;9.999999747378752e-06;477440;1651186244.4004169
747;9.999999747378752e-06;478080;1651186245.5740943
748;9.999999747378752e-06;478720;1651186246.7542522
749;9.999999747378752e-06;479360;1651186247.9247932
750;9.999999747378752e-06;480000;1651186249.0982552
751;9.999999747378752e-06;480640;1651186251.8669891
752;9.999999747378752e-06;481280;1651186253.0289419
753;9.999999747378752e-06;481920;1651186254.1692507
754;9.999999747378752e-06;482560;1651186255.3473322
755;9.999999747378752e-06;483200;1651186256.5226061
756;9.999999747378752e-06;483840;1651186257.6959524
757;9.999999747378752e-06;484480;1651186258.8702512
758;9.999999747378752e-06;485120;1651186260.0458765
759;9.999999747378752e-06;485760;1651186262.8143706
760;9.999999747378752e-06;486400;1651186263.9878879
761;9.999999747378752e-06;487040;1651186265.1361732
762;9.999999747378752e-06;487680;1651186266.2880027
763;9.999999747378752e-06;488320;1651186267.4621341
764;9.999999747378752e-06;488960;1651186268.640007
765;9.999999747378752e-06;489600;1651186271.416774
766;9.999999747378752e-06;490240;1651186272.572939
767;9.999999747378752e-06;490880;1651186273.716534
768;9.999999747378752e-06;491520;1651186274.8922284
769;9.999999747378752e-06;492160;1651186276.0660944
770;9.999999747378752e-06;492800;1651186277.2509074
771;9.999999747378752e-06;493440;1651186278.4670842
772;9.999999747378752e-06;494080;1651186279.662082
773;9.999999747378752e-06;494720;1651186282.4555945
774;9.999999747378752e-06;495360;1651186283.6496673
775;9.999999747378752e-06;496000;1651186284.8203592
776;9.999999747378752e-06;496640;1651186285.9791403
777;9.999999747378752e-06;497280;1651186287.363542
778;9.999999747378752e-06;497920;1651186288.8673778
779;9.999999747378752e-06;498560;1651186290.3707435
780;9.999999747378752e-06;499200;1651186293.480435
781;9.999999747378752e-06;499840;1651186294.982167
782;9.999999747378752e-06;500480;1651186296.332372
783;9.999999747378752e-06;501120;1651186297.508778
784;9.999999747378752e-06;501760;1651186298.6508353
785;9.999999747378752e-06;502400;1651186299.807189
786;9.999999747378752e-06;503040;1651186300.9432473
787;9.999999747378752e-06;503680;1651186302.0972452
788;9.999999747378752e-06;504320;1651186304.8658824
789;9.999999747378752e-06;504960;1651186306.0238383
790;9.999999747378752e-06;505600;1651186307.1649704
791;9.999999747378752e-06;506240;1651186308.3436918
792;9.999999747378752e-06;506880;1651186309.5151348
793;9.999999747378752e-06;507520;1651186310.6175685
794;9.999999747378752e-06;508160;1651186313.3901553
795;9.999999747378752e-06;508800;1651186314.5650408
796;9.999999747378752e-06;509440;1651186315.731887
797;9.999999747378752e-06;510080;1651186316.8746445
798;9.999999747378752e-06;510720;1651186318.0159574
799;9.999999747378752e-06;511360;1651186319.139996
800;9.999999747378752e-06;512000;1651186365.026219
801;9.999999747378752e-06;512640;1651186366.2015896
802;9.999999747378752e-06;513280;1651186368.9698567
803;9.999999747378752e-06;513920;1651186370.1415558
804;9.999999747378752e-06;514560;1651186371.3185835
805;9.999999747378752e-06;515200;1651186372.4940248
806;9.999999747378752e-06;515840;1651186373.6705682
807;9.999999747378752e-06;516480;1651186374.8485742
808;9.999999747378752e-06;517120;1651186376.0271003
809;9.999999747378752e-06;517760;1651186377.1923728
810;9.999999747378752e-06;518400;1651186379.9532888
811;9.999999747378752e-06;519040;1651186381.132714
812;9.999999747378752e-06;519680;1651186382.316772
813;9.999999747378752e-06;520320;1651186383.4906902
814;9.999999747378752e-06;520960;1651186384.6689568
815;9.999999747378752e-06;521600;1651186385.8469348
816;9.999999747378752e-06;522240;1651186388.6199963
817;9.999999747378752e-06;522880;1651186389.7988098
818;9.999999747378752e-06;523520;1651186390.949964
819;9.999999747378752e-06;524160;1651186392.058056
820;9.999999747378752e-06;524800;1651186393.221582
821;9.999999747378752e-06;525440;1651186394.3665185
822;9.999999747378752e-06;526080;1651186395.4770033
823;9.999999747378752e-06;526720;1651186396.6381483
824;9.999999747378752e-06;527360;1651186397.7612839
825;9.999999747378752e-06;528000;1651186400.5310762
826;9.999999747378752e-06;528640;1651186401.7074642
827;9.999999747378752e-06;529280;1651186402.8855057
828;9.999999747378752e-06;529920;1651186404.0661132
829;9.999999747378752e-06;530560;1651186405.2376914
830;9.999999747378752e-06;531200;1651186407.506251
831;9.999999747378752e-06;531840;1651186409.169181
832;9.999999747378752e-06;532480;1651186410.3456008
833;9.999999747378752e-06;533120;1651186411.5218596
834;9.999999747378752e-06;533760;1651186412.6976657
835;9.999999747378752e-06;534400;1651186413.8742385
836;9.999999747378752e-06;535040;1651186415.0485444
837;9.999999747378752e-06;535680;1651186416.1864028
838;9.999999747378752e-06;536320;1651186417.350329
839;9.999999747378752e-06;536960;1651186420.1246448
840;9.999999747378752e-06;537600;1651186421.3090172
841;9.999999747378752e-06;538240;1651186422.4780328
842;9.999999747378752e-06;538880;1651186423.6540995
843;9.999999747378752e-06;539520;1651186424.8262722
844;9.999999747378752e-06;540160;1651186426.0046618
845;9.999999747378752e-06;540800;1651186428.7869835
846;9.999999747378752e-06;541440;1651186429.9647567
847;9.999999747378752e-06;542080;1651186431.1383052
848;9.999999747378752e-06;542720;1651186432.3095517
849;9.999999747378752e-06;543360;1651186433.4900908
850;9.999999747378752e-06;544000;1651186434.6500304
851;9.999999747378752e-06;544640;1651186435.747923
852;9.999999747378752e-06;545280;1651186436.929977
853;9.999999747378752e-06;545920;1651186439.704447
854;9.999999747378752e-06;546560;1651186440.8786151
855;9.999999747378752e-06;547200;1651186442.0554435
856;9.999999747378752e-06;547840;1651186443.2210388
857;9.999999747378752e-06;548480;1651186444.3879752
858;9.999999747378752e-06;549120;1651186445.5621738
859;9.999999747378752e-06;549760;1651186448.3151202
860;9.999999747378752e-06;550400;1651186449.4245727
861;9.999999747378752e-06;551040;1651186450.5673454
862;9.999999747378752e-06;551680;1651186451.6902323
863;9.999999747378752e-06;552320;1651186452.83465
864;9.999999747378752e-06;552960;1651186453.968841
865;9.999999747378752e-06;553600;1651186455.082341
866;9.999999747378752e-06;554240;1651186456.2463882
867;9.999999747378752e-06;554880;1651186457.3714354
868;9.999999747378752e-06;555520;1651186460.1217582
869;9.999999747378752e-06;556160;1651186461.2979536
870;9.999999747378752e-06;556800;1651186462.463874
871;9.999999747378752e-06;557440;1651186463.6374054
872;9.999999747378752e-06;558080;1651186464.8060422
873;9.999999747378752e-06;558720;1651186466.7428136
874;9.999999747378752e-06;559360;1651186468.665767
875;9.999999747378752e-06;560000;1651186469.8055897
876;9.999999747378752e-06;560640;1651186470.9375966
877;9.999999747378752e-06;561280;1651186472.0648134
878;9.999999747378752e-06;561920;1651186473.1664035
879;9.999999747378752e-06;562560;1651186474.3242924
880;9.999999747378752e-06;563200;1651186475.4312344
881;9.999999747378752e-06;563840;1651186476.5698786
882;9.999999747378752e-06;564480;1651186477.6815689
883;9.999999747378752e-06;565120;1651186480.4587631
884;9.999999747378752e-06;565760;1651186481.6335967
885;9.999999747378752e-06;566400;1651186482.8078966
886;9.999999747378752e-06;567040;1651186483.9864228
887;9.999999747378752e-06;567680;1651186485.1663995
888;9.999999747378752e-06;568320;1651186487.936165
889;9.999999747378752e-06;568960;1651186489.111388
890;9.999999747378752e-06;569600;1651186490.287971
891;9.999999747378752e-06;570240;1651186491.4661705
892;9.999999747378752e-06;570880;1651186492.6414635
893;9.999999747378752e-06;571520;1651186493.8156817
894;9.999999747378752e-06;572160;1651186494.9857209
895;9.999999747378752e-06;572800;1651186496.1584804
896;9.999999747378752e-06;573440;1651186497.3339515
897;9.999999747378752e-06;574080;1651186500.1128042
898;9.999999747378752e-06;574720;1651186501.282805
899;9.999999747378752e-06;575360;1651186502.419525
900;9.999999747378752e-06;576000;1651186548.792975
901;9.999999747378752e-06;576640;1651186549.9712372
902;9.999999747378752e-06;577280;1651186551.0810704
903;9.999999747378752e-06;577920;1651186552.226755
904;9.999999747378752e-06;578560;1651186554.850367
905;9.999999747378752e-06;579200;1651186556.1076424
906;9.999999747378752e-06;579840;1651186557.277835
907;9.999999747378752e-06;580480;1651186558.4556913
908;9.999999747378752e-06;581120;1651186559.6344728
909;9.999999747378752e-06;581760;1651186560.8242803
910;9.999999747378752e-06;582400;1651186561.9357307
911;9.999999747378752e-06;583040;1651186563.04137
912;9.999999747378752e-06;583680;1651186564.16609
913;9.999999747378752e-06;584320;1651186565.2665932
914;9.999999747378752e-06;584960;1651186566.3901317
915;9.999999747378752e-06;585600;1651186567.5028093
916;9.999999747378752e-06;586240;1651186568.6272497
917;9.999999747378752e-06;586880;1651186569.7292316
918;9.999999747378752e-06;587520;1651186570.8190932
919;9.999999747378752e-06;588160;1651186573.5458505
920;9.999999747378752e-06;588800;1651186574.722778
921;9.999999747378752e-06;589440;1651186575.899011
922;9.999999747378752e-06;590080;1651186577.0685287
923;9.999999747378752e-06;590720;1651186578.2485306
924;9.999999747378752e-06;591360;1651186579.4235613
925;9.999999747378752e-06;592000;1651186580.6060221
926;9.999999747378752e-06;592640;1651186581.7844107
927;9.999999747378752e-06;593280;1651186582.9635322
928;9.999999747378752e-06;593920;1651186584.1406024
929;9.999999747378752e-06;594560;1651186585.3205733
930;9.999999747378752e-06;595200;1651186586.4947321
931;9.999999747378752e-06;595840;1651186587.6538718
932;9.999999747378752e-06;596480;1651186588.8301618
933;9.999999747378752e-06;597120;1651186591.58541
934;9.999999747378752e-06;597760;1651186592.7715166
935;9.999999747378752e-06;598400;1651186593.9430232
936;9.999999747378752e-06;599040;1651186595.1213465
937;9.999999747378752e-06;599680;1651186596.290708
938;9.999999747378752e-06;600320;1651186597.4753652
939;9.999999747378752e-06;600960;1651186598.656423
940;9.999999747378752e-06;601600;1651186599.8278296
941;9.999999747378752e-06;602240;1651186601.0034142
942;9.999999747378752e-06;602880;1651186602.1787024
943;9.999999747378752e-06;603520;1651186603.3546917
944;9.999999747378752e-06;604160;1651186604.5177352
945;9.999999747378752e-06;604800;1651186606.3105805
946;9.999999747378752e-06;605440;1651186608.4372313
947;9.999999747378752e-06;606080;1651186609.7232623
948;9.999999747378752e-06;606720;1651186612.3860388
949;9.999999747378752e-06;607360;1651186613.5464563
950;9.999999747378752e-06;608000;1651186614.7221842
951;9.999999747378752e-06;608640;1651186615.8915145
952;9.999999747378752e-06;609280;1651186617.0734231
953;9.999999747378752e-06;609920;1651186618.2455525
954;9.999999747378752e-06;610560;1651186619.4256365
955;9.999999747378752e-06;611200;1651186620.5841045
956;9.999999747378752e-06;611840;1651186621.7480319
957;9.999999747378752e-06;612480;1651186622.9272623
958;9.999999747378752e-06;613120;1651186624.0793073
959;9.999999747378752e-06;613760;1651186625.2533236
960;9.999999747378752e-06;614400;1651186628.010859
961;9.999999747378752e-06;615040;1651186629.1883051
962;9.999999747378752e-06;615680;1651186631.9696865
963;9.999999747378752e-06;616320;1651186633.1491818
964;9.999999747378752e-06;616960;1651186634.3233933
965;9.999999747378752e-06;617600;1651186635.5040023
966;9.999999747378752e-06;618240;1651186636.683624
967;9.999999747378752e-06;618880;1651186637.8619356
968;9.999999747378752e-06;619520;1651186639.0440757
969;9.999999747378752e-06;620160;1651186640.1991422
970;9.999999747378752e-06;620800;1651186641.369431
971;9.999999747378752e-06;621440;1651186642.5266607
972;9.999999747378752e-06;622080;1651186643.7055023
973;9.999999747378752e-06;622720;1651186644.8800843
974;9.999999747378752e-06;623360;1651186647.6578965
975;9.999999747378752e-06;624000;1651186648.832241
976;9.999999747378752e-06;624640;1651186651.581746
977;9.999999747378752e-06;625280;1651186652.6959019
978;9.999999747378752e-06;625920;1651186653.882447
979;9.999999747378752e-06;626560;1651186654.9991224
980;9.999999747378752e-06;627200;1651186656.1240566
981;9.999999747378752e-06;627840;1651186657.2806754
982;9.999999747378752e-06;628480;1651186658.4451873
983;9.999999747378752e-06;629120;1651186659.6183434
984;9.999999747378752e-06;629760;1651186660.7888036
985;9.999999747378752e-06;630400;1651186661.9643393
986;9.999999747378752e-06;631040;1651186663.1404662
987;9.999999747378752e-06;631680;1651186664.3236706
988;9.999999747378752e-06;632320;1651186667.095527
989;9.999999747378752e-06;632960;1651186668.2682195
990;9.999999747378752e-06;633600;1651186670.6125379
991;9.999999747378752e-06;634240;1651186672.2071495
992;9.999999747378752e-06;634880;1651186673.3884315
993;9.999999747378752e-06;635520;1651186674.5725954
994;9.999999747378752e-06;636160;1651186675.7500696
995;9.999999747378752e-06;636800;1651186676.925017
996;9.999999747378752e-06;637440;1651186678.0986288
997;9.999999747378752e-06;638080;1651186679.279628
998;9.999999747378752e-06;638720;1651186680.4504967
999;9.999999747378752e-06;639360;1651186681.6223266
1000;9.999999747378752e-06;640000;1651186729.322998
1001;9.999999747378752e-06;640640;1651186730.5049865
1002;9.999999747378752e-06;641280;1651186731.6744957
1003;9.999999747378752e-06;641920;1651186732.8205068
1004;9.999999747378752e-06;642560;1651186733.953844
1005;9.999999747378752e-06;643200;1651186735.0944984
1006;9.999999747378752e-06;643840;1651186736.2139003
1007;9.999999747378752e-06;644480;1651186737.3434014
1008;9.999999747378752e-06;645120;1651186738.4407709
1009;9.999999747378752e-06;645760;1651186739.564787
1010;9.999999747378752e-06;646400;1651186740.705754
1011;9.999999747378752e-06;647040;1651186743.4818366
1012;9.999999747378752e-06;647680;1651186744.6626234
1013;9.999999747378752e-06;648320;1651186747.372252
1014;9.999999747378752e-06;648960;1651186748.4870818
1015;9.999999747378752e-06;649600;1651186749.6248682
1016;9.999999747378752e-06;650240;1651186750.7444298
1017;9.999999747378752e-06;650880;1651186751.8403392
1018;9.999999747378752e-06;651520;1651186752.9734142
1019;9.999999747378752e-06;652160;1651186754.0758424
1020;9.999999747378752e-06;652800;1651186755.2048461
1021;9.999999747378752e-06;653440;1651186756.2951288
1022;9.999999747378752e-06;654080;1651186757.429665
1023;9.999999747378752e-06;654720;1651186758.5348244
1024;9.999999747378752e-06;655360;1651186759.6767356
1025;9.999999747378752e-06;656000;1651186760.80597
1026;9.999999747378752e-06;656640;1651186763.574926
1027;9.999999747378752e-06;657280;1651186764.7567024
1028;9.999999747378752e-06;657920;1651186767.4852548
1029;9.999999747378752e-06;658560;1651186768.622845
1030;9.999999747378752e-06;659200;1651186769.7417333
1031;9.999999747378752e-06;659840;1651186770.8575356
1032;9.999999747378752e-06;660480;1651186771.9747088
1033;9.999999747378752e-06;661120;1651186773.0947292
1034;9.999999747378752e-06;661760;1651186774.1966522
1035;9.999999747378752e-06;662400;1651186775.3125677
1036;9.999999747378752e-06;663040;1651186776.4213686
1037;9.999999747378752e-06;663680;1651186777.5495234
1038;9.999999747378752e-06;664320;1651186778.6567473
1039;9.999999747378752e-06;664960;1651186779.7785616
1040;9.999999747378752e-06;665600;1651186780.916053
1041;9.999999747378752e-06;666240;1651186783.700012
1042;9.999999747378752e-06;666880;1651186785.1675985
1043;9.999999747378752e-06;667520;1651186787.6319966
1044;9.999999747378752e-06;668160;1651186788.806227
1045;9.999999747378752e-06;668800;1651186789.986925
1046;9.999999747378752e-06;669440;1651186791.1661882
1047;9.999999747378752e-06;670080;1651186792.3468235
1048;9.999999747378752e-06;670720;1651186793.5276296
1049;9.999999747378752e-06;671360;1651186794.7024012
1050;9.999999747378752e-06;672000;1651186795.855848
1051;9.999999747378752e-06;672640;1651186796.9559898
1052;9.999999747378752e-06;673280;1651186798.067057
1053;9.999999747378752e-06;673920;1651186799.1862006
1054;9.999999747378752e-06;674560;1651186800.30305
1055;9.999999747378752e-06;675200;1651186803.0354633
1056;9.999999747378752e-06;675840;1651186804.2164283
1057;9.999999747378752e-06;676480;1651186806.9851112
1058;9.999999747378752e-06;677120;1651186808.1022794
1059;9.999999747378752e-06;677760;1651186809.2442017
1060;9.999999747378752e-06;678400;1651186810.357041
1061;9.999999747378752e-06;679040;1651186811.4914737
1062;9.999999747378752e-06;679680;1651186812.5970051
1063;9.999999747378752e-06;680320;1651186813.734476
1064;9.999999747378752e-06;680960;1651186814.861836
1065;9.999999747378752e-06;681600;1651186816.04009
1066;9.999999747378752e-06;682240;1651186817.2168572
1067;9.999999747378752e-06;682880;1651186818.3890877
1068;9.999999747378752e-06;683520;1651186819.5603077
1069;9.999999747378752e-06;684160;1651186820.733495
1070;9.999999747378752e-06;684800;1651186823.5147624
1071;9.999999747378752e-06;685440;1651186824.6900382
1072;9.999999747378752e-06;686080;1651186827.4623241
1073;9.999999747378752e-06;686720;1651186828.6385713
1074;9.999999747378752e-06;687360;1651186829.8252077
1075;9.999999747378752e-06;688000;1651186830.9907265
1076;9.999999747378752e-06;688640;1651186832.0977006
1077;9.999999747378752e-06;689280;1651186833.234262
1078;9.999999747378752e-06;689920;1651186834.3425264
1079;9.999999747378752e-06;690560;1651186835.4647233
1080;9.999999747378752e-06;691200;1651186836.5628111
1081;9.999999747378752e-06;691840;1651186837.6794095
1082;9.999999747378752e-06;692480;1651186838.807206
1083;9.999999747378752e-06;693120;1651186839.9554882
1084;9.999999747378752e-06;693760;1651186842.6407695
1085;9.999999747378752e-06;694400;1651186843.8401089
1086;9.999999747378752e-06;695040;1651186846.6276839
1087;9.999999747378752e-06;695680;1651186847.8021452
1088;9.999999747378752e-06;696320;1651186848.9786217
1089;9.999999747378752e-06;696960;1651186850.151315
1090;9.999999747378752e-06;697600;1651186851.3245666
1091;9.999999747378752e-06;698240;1651186852.5049708
1092;9.999999747378752e-06;698880;1651186853.6791253
1093;9.999999747378752e-06;699520;1651186854.8562338
1094;9.999999747378752e-06;700160;1651186856.0388997
1095;9.999999747378752e-06;700800;1651186857.2144687
1096;9.999999747378752e-06;701440;1651186858.3916318
1097;9.999999747378752e-06;702080;1651186859.5697799
1098;9.999999747378752e-06;702720;1651186860.8908453
1099;9.999999747378752e-06;703360;1651186863.4982293
1100;9.999999747378752e-06;704000;1651186910.0119114
1101;9.999999747378752e-06;704640;1651186911.1906316
1102;9.999999747378752e-06;705280;1651186912.3639746
1103;9.999999747378752e-06;705920;1651186913.5380714
1104;9.999999747378752e-06;706560;1651186914.720537
1105;9.999999747378752e-06;707200;1651186917.4942691
1106;9.999999747378752e-06;707840;1651186918.674989
1107;9.999999747378752e-06;708480;1651186919.8523123
1108;9.999999747378752e-06;709120;1651186922.6268177
1109;9.999999747378752e-06;709760;1651186923.806771
1110;9.999999747378752e-06;710400;1651186924.9837458
1111;9.999999747378752e-06;711040;1651186926.1662993
1112;9.999999747378752e-06;711680;1651186927.3456323
1113;9.999999747378752e-06;712320;1651186928.521291
1114;9.999999747378752e-06;712960;1651186929.6962013
1115;9.999999747378752e-06;713600;1651186930.872941
1116;9.999999747378752e-06;714240;1651186932.049554
1117;9.999999747378752e-06;714880;1651186933.2228017
1118;9.999999747378752e-06;715520;1651186934.3984487
1119;9.999999747378752e-06;716160;1651186937.1534152
1120;9.999999747378752e-06;716800;1651186938.3284204
1121;9.999999747378752e-06;717440;1651186939.503102
1122;9.999999747378752e-06;718080;1651186942.2799325
1123;9.999999747378752e-06;718720;1651186943.4567156
1124;9.999999747378752e-06;719360;1651186944.6272404
1125;9.999999747378752e-06;720000;1651186945.7929485
1126;9.999999747378752e-06;720640;1651186946.9744012
1127;9.999999747378752e-06;721280;1651186948.1505003
1128;9.999999747378752e-06;721920;1651186949.3318338
1129;9.999999747378752e-06;722560;1651186950.5086925
1130;9.999999747378752e-06;723200;1651186951.666514
1131;9.999999747378752e-06;723840;1651186952.83557
1132;9.999999747378752e-06;724480;1651186953.9863753
1133;9.999999747378752e-06;725120;1651186955.144071
1134;9.999999747378752e-06;725760;1651186957.9269829
1135;9.999999747378752e-06;726400;1651186959.1025639
1136;9.999999747378752e-06;727040;1651186961.8736024
1137;9.999999747378752e-06;727680;1651186963.0375335
1138;9.999999747378752e-06;728320;1651186964.15783
1139;9.999999747378752e-06;728960;1651186965.3180392
1140;9.999999747378752e-06;729600;1651186966.4551225
1141;9.999999747378752e-06;730240;1651186967.6182458
1142;9.999999747378752e-06;730880;1651186968.7776773
1143;9.999999747378752e-06;731520;1651186969.9219055
1144;9.999999747378752e-06;732160;1651186971.085126
1145;9.999999747378752e-06;732800;1651186972.1823905
1146;9.999999747378752e-06;733440;1651186973.3518724
1147;9.999999747378752e-06;734080;1651186974.5271006
1148;9.999999747378752e-06;734720;1651186977.300759
1149;9.999999747378752e-06;735360;1651186978.482963
1150;9.999999747378752e-06;736000;1651186979.6598122
1151;9.999999747378752e-06;736640;1651186982.431361
1152;9.999999747378752e-06;737280;1651186983.5621595
1153;9.999999747378752e-06;737920;1651186984.7137625
1154;9.999999747378752e-06;738560;1651186985.858991
1155;9.999999747378752e-06;739200;1651186987.0332034
1156;9.999999747378752e-06;739840;1651186988.1563675
1157;9.999999747378752e-06;740480;1651186989.3338196
1158;9.999999747378752e-06;741120;1651186990.46357
1159;9.999999747378752e-06;741760;1651186991.60905
1160;9.999999747378752e-06;742400;1651186992.7603135
1161;9.999999747378752e-06;743040;1651186993.8816323
1162;9.999999747378752e-06;743680;1651186995.0314035
1163;9.999999747378752e-06;744320;1651186997.804812
1164;9.999999747378752e-06;744960;1651186998.9814572
1165;9.999999747378752e-06;745600;1651187001.7613904
1166;9.999999747378752e-06;746240;1651187002.9356985
1167;9.999999747378752e-06;746880;1651187004.113991
1168;9.999999747378752e-06;747520;1651187005.284219
1169;9.999999747378752e-06;748160;1651187006.4613733
1170;9.999999747378752e-06;748800;1651187007.6342952
1171;9.999999747378752e-06;749440;1651187008.7863715
1172;9.999999747378752e-06;750080;1651187009.9678268
1173;9.999999747378752e-06;750720;1651187011.142654
1174;9.999999747378752e-06;751360;1651187012.2815387
1175;9.999999747378752e-06;752000;1651187013.4258935
1176;9.999999747378752e-06;752640;1651187014.6042109
1177;9.999999747378752e-06;753280;1651187017.3704271
1178;9.999999747378752e-06;753920;1651187018.518709
1179;9.999999747378752e-06;754560;1651187019.6835253
1180;9.999999747378752e-06;755200;1651187020.8653226
1181;9.999999747378752e-06;755840;1651187022.036522
1182;9.999999747378752e-06;756480;1651187023.2013206
1183;9.999999747378752e-06;757120;1651187024.312978
1184;9.999999747378752e-06;757760;1651187025.4730198
1185;9.999999747378752e-06;758400;1651187026.6126478
1186;9.999999747378752e-06;759040;1651187027.7620597
1187;9.999999747378752e-06;759680;1651187028.921913
1188;9.999999747378752e-06;760320;1651187030.041689
1189;9.999999747378752e-06;760960;1651187031.213792
1190;9.999999747378752e-06;761600;1651187032.3314219
1191;9.999999747378752e-06;762240;1651187034.6570785
1192;9.999999747378752e-06;762880;1651187036.2642808
1193;9.999999747378752e-06;763520;1651187037.4361362
1194;9.999999747378752e-06;764160;1651187038.6132426
1195;9.999999747378752e-06;764800;1651187039.787906
1196;9.999999747378752e-06;765440;1651187040.9577382
1197;9.999999747378752e-06;766080;1651187042.1343596
1198;9.999999747378752e-06;766720;1651187043.314395
1199;9.999999747378752e-06;767360;1651187044.4706502
1200;9.999999747378752e-06;768000;1651187090.5686734
1201;9.999999747378752e-06;768640;1651187091.7268882
1202;9.999999747378752e-06;769280;1651187092.8996558
1203;9.999999747378752e-06;769920;1651187094.051534
1204;9.999999747378752e-06;770560;1651187095.1537526
1205;9.999999747378752e-06;771200;1651187096.2713106
1206;9.999999747378752e-06;771840;1651187097.380143
1207;9.999999747378752e-06;772480;1651187098.5200164
1208;9.999999747378752e-06;773120;1651187099.6316173
1209;9.999999747378752e-06;773760;1651187102.4080267
1210;9.999999747378752e-06;774400;1651187103.586375
1211;9.999999747378752e-06;775040;1651187104.7649264
1212;9.999999747378752e-06;775680;1651187105.9394379
1213;9.999999747378752e-06;776320;1651187107.114001
1214;9.999999747378752e-06;776960;1651187109.876469
1215;9.999999747378752e-06;777600;1651187110.983393
1216;9.999999747378752e-06;778240;1651187112.1162424
1217;9.999999747378752e-06;778880;1651187113.2520301
1218;9.999999747378752e-06;779520;1651187114.3988655
1219;9.999999747378752e-06;780160;1651187115.525704
1220;9.999999747378752e-06;780800;1651187116.6371841
1221;9.999999747378752e-06;781440;1651187117.7794218
1222;9.999999747378752e-06;782080;1651187118.9118161
1223;9.999999747378752e-06;782720;1651187121.65444
1224;9.999999747378752e-06;783360;1651187122.837011
1225;9.999999747378752e-06;784000;1651187124.0161953
1226;9.999999747378752e-06;784640;1651187125.1898851
1227;9.999999747378752e-06;785280;1651187126.3619993
1228;9.999999747378752e-06;785920;1651187129.1435778
1229;9.999999747378752e-06;786560;1651187130.277975
1230;9.999999747378752e-06;787200;1651187131.39175
1231;9.999999747378752e-06;787840;1651187132.5083175
1232;9.999999747378752e-06;788480;1651187133.6434498
1233;9.999999747378752e-06;789120;1651187134.7768543
1234;9.999999747378752e-06;789760;1651187135.9080436
1235;9.999999747378752e-06;790400;1651187137.0273263
1236;9.999999747378752e-06;791040;1651187138.1698282
1237;9.999999747378752e-06;791680;1651187139.2773128
1238;9.999999747378752e-06;792320;1651187142.0453923
1239;9.999999747378752e-06;792960;1651187143.2324097
1240;9.999999747378752e-06;793600;1651187144.4095964
1241;9.999999747378752e-06;794240;1651187145.585223
1242;9.999999747378752e-06;794880;1651187146.76382
1243;9.999999747378752e-06;795520;1651187149.5343735
1244;9.999999747378752e-06;796160;1651187150.6430588
1245;9.999999747378752e-06;796800;1651187151.7864907
1246;9.999999747378752e-06;797440;1651187152.900994
1247;9.999999747378752e-06;798080;1651187154.0098042
1248;9.999999747378752e-06;798720;1651187155.123369
1249;9.999999747378752e-06;799360;1651187156.2652173
1250;9.999999747378752e-06;800000;1651187157.3606887
1251;9.999999747378752e-06;800640;1651187158.5318086
1252;9.999999747378752e-06;801280;1651187159.702163
1253;9.999999747378752e-06;801920;1651187162.476115
1254;9.999999747378752e-06;802560;1651187163.640994
1255;9.999999747378752e-06;803200;1651187164.7636194
1256;9.999999747378752e-06;803840;1651187165.9017699
1257;9.999999747378752e-06;804480;1651187167.0183527
1258;9.999999747378752e-06;805120;1651187169.7857597
1259;9.999999747378752e-06;805760;1651187170.9711797
1260;9.999999747378752e-06;806400;1651187172.1499274
1261;9.999999747378752e-06;807040;1651187173.3260272
1262;9.999999747378752e-06;807680;1651187174.5005589
1263;9.999999747378752e-06;808320;1651187175.6800878
1264;9.999999747378752e-06;808960;1651187176.8582428
1265;9.999999747378752e-06;809600;1651187178.0333748
1266;9.999999747378752e-06;810240;1651187179.2138205
1267;9.999999747378752e-06;810880;1651187181.9914665
1268;9.999999747378752e-06;811520;1651187183.1642115
1269;9.999999747378752e-06;812160;1651187184.3194718
1270;9.999999747378752e-06;812800;1651187185.466605
1271;9.999999747378752e-06;813440;1651187186.6357703
1272;9.999999747378752e-06;814080;1651187189.3971581
1273;9.999999747378752e-06;814720;1651187190.576835
1274;9.999999747378752e-06;815360;1651187191.7506099
1275;9.999999747378752e-06;816000;1651187192.9315403
1276;9.999999747378752e-06;816640;1651187194.1111262
1277;9.999999747378752e-06;817280;1651187195.2615097
1278;9.999999747378752e-06;817920;1651187196.4212635
1279;9.999999747378752e-06;818560;1651187197.553474
1280;9.999999747378752e-06;819200;1651187198.660457
1281;9.999999747378752e-06;819840;1651187201.389616
1282;9.999999747378752e-06;820480;1651187202.571434
1283;9.999999747378752e-06;821120;1651187203.7475586
1284;9.999999747378752e-06;821760;1651187204.9294014
1285;9.999999747378752e-06;822400;1651187206.1038384
1286;9.999999747378752e-06;823040;1651187208.8418467
1287;9.999999747378752e-06;823680;1651187210.0278301
1288;9.999999747378752e-06;824320;1651187211.2039468
1289;9.999999747378752e-06;824960;1651187212.3814921
1290;9.999999747378752e-06;825600;1651187213.5556479
1291;9.999999747378752e-06;826240;1651187214.735377
1292;9.999999747378752e-06;826880;1651187215.9118521
1293;9.999999747378752e-06;827520;1651187217.0196981
1294;9.999999747378752e-06;828160;1651187218.1516986
1295;9.999999747378752e-06;828800;1651187219.294492
1296;9.999999747378752e-06;829440;1651187222.0736854
1297;9.999999747378752e-06;830080;1651187223.2428567
1298;9.999999747378752e-06;830720;1651187224.4247928
1299;9.999999747378752e-06;831360;1651187225.6017547
1300;9.999999747378752e-06;832000;1651187271.532586
1301;9.999999747378752e-06;832640;1651187272.7140148
1302;9.999999747378752e-06;833280;1651187273.8230586
1303;9.999999747378752e-06;833920;1651187275.4087055
1304;9.999999747378752e-06;834560;1651187277.6983273
1305;9.999999747378752e-06;835200;1651187278.8763978
1306;9.999999747378752e-06;835840;1651187280.0544133
1307;9.999999747378752e-06;836480;1651187281.2276556
1308;9.999999747378752e-06;837120;1651187282.4081557
1309;9.999999747378752e-06;837760;1651187285.1876132
1310;9.999999747378752e-06;838400;1651187286.3688233
1311;9.999999747378752e-06;839040;1651187287.543256
1312;9.999999747378752e-06;839680;1651187288.7155569
1313;9.999999747378752e-06;840320;1651187289.890593
1314;9.999999747378752e-06;840960;1651187291.0476346
1315;9.999999747378752e-06;841600;1651187292.2244854
1316;9.999999747378752e-06;842240;1651187293.3979037
1317;9.999999747378752e-06;842880;1651187294.5717108
1318;9.999999747378752e-06;843520;1651187297.3478074
1319;9.999999747378752e-06;844160;1651187298.5267527
1320;9.999999747378752e-06;844800;1651187299.665977
1321;9.999999747378752e-06;845440;1651187300.804079
1322;9.999999747378752e-06;846080;1651187301.924296
1323;9.999999747378752e-06;846720;1651187304.6746306
1324;9.999999747378752e-06;847360;1651187305.8473377
1325;9.999999747378752e-06;848000;1651187307.022923
1326;9.999999747378752e-06;848640;1651187308.2043726
1327;9.999999747378752e-06;849280;1651187309.3770065
1328;9.999999747378752e-06;849920;1651187310.5552292
1329;9.999999747378752e-06;850560;1651187311.7343302
1330;9.999999747378752e-06;851200;1651187312.9080765
1331;9.999999747378752e-06;851840;1651187314.079773
1332;9.999999747378752e-06;852480;1651187316.8555672
1333;9.999999747378752e-06;853120;1651187318.0345447
1334;9.999999747378752e-06;853760;1651187319.2148826
1335;9.999999747378752e-06;854400;1651187320.3605125
1336;9.999999747378752e-06;855040;1651187321.4860566
1337;9.999999747378752e-06;855680;1651187324.2077234
1338;9.999999747378752e-06;856320;1651187325.3817952
1339;9.999999747378752e-06;856960;1651187326.5588074
1340;9.999999747378752e-06;857600;1651187327.7369347
1341;9.999999747378752e-06;858240;1651187328.9104567
1342;9.999999747378752e-06;858880;1651187330.0916996
1343;9.999999747378752e-06;859520;1651187331.2648351
1344;9.999999747378752e-06;860160;1651187332.445793
1345;9.999999747378752e-06;860800;1651187333.6240325
1346;9.999999747378752e-06;861440;1651187336.4035387
1347;9.999999747378752e-06;862080;1651187337.5301576
1348;9.999999747378752e-06;862720;1651187338.6622267
1349;9.999999747378752e-06;863360;1651187339.7891288
1350;9.999999747378752e-06;864000;1651187340.926901
1351;9.999999747378752e-06;864640;1651187342.0574675
1352;9.999999747378752e-06;865280;1651187344.8356082
1353;9.999999747378752e-06;865920;1651187346.007579
1354;9.999999747378752e-06;866560;1651187347.1784465
1355;9.999999747378752e-06;867200;1651187348.3566666
1356;9.999999747378752e-06;867840;1651187349.5336602
1357;9.999999747378752e-06;868480;1651187350.7059534
1358;9.999999747378752e-06;869120;1651187351.8831058
1359;9.999999747378752e-06;869760;1651187353.0414295
1360;9.999999747378752e-06;870400;1651187354.143424
1361;9.999999747378752e-06;871040;1651187356.9199352
1362;9.999999747378752e-06;871680;1651187358.0964892
1363;9.999999747378752e-06;872320;1651187359.279021
1364;9.999999747378752e-06;872960;1651187360.414967
1365;9.999999747378752e-06;873600;1651187361.5403664
1366;9.999999747378752e-06;874240;1651187364.2604473
1367;9.999999747378752e-06;874880;1651187365.4207337
1368;9.999999747378752e-06;875520;1651187366.5758045
1369;9.999999747378752e-06;876160;1651187367.7322762
1370;9.999999747378752e-06;876800;1651187368.8891692
1371;9.999999747378752e-06;877440;1651187370.0502036
1372;9.999999747378752e-06;878080;1651187371.2052176
1373;9.999999747378752e-06;878720;1651187372.3649037
1374;9.999999747378752e-06;879360;1651187373.5224278
1375;9.999999747378752e-06;880000;1651187376.2817724
1376;9.999999747378752e-06;880640;1651187377.3465126
1377;9.999999747378752e-06;881280;1651187378.473639
1378;9.999999747378752e-06;881920;1651187379.5727823
1379;9.999999747378752e-06;882560;1651187380.6969657
1380;9.999999747378752e-06;883200;1651187381.8000972
1381;9.999999747378752e-06;883840;1651187384.5626688
1382;9.999999747378752e-06;884480;1651187385.7168467
1383;9.999999747378752e-06;885120;1651187386.875257
1384;9.999999747378752e-06;885760;1651187388.0296235
1385;9.999999747378752e-06;886400;1651187389.1922104
1386;9.999999747378752e-06;887040;1651187390.3452272
1387;9.999999747378752e-06;887680;1651187391.4994378
1388;9.999999747378752e-06;888320;1651187392.659697
1389;9.999999747378752e-06;888960;1651187393.8195255
1390;9.999999747378752e-06;889600;1651187396.538863
1391;9.999999747378752e-06;890240;1651187397.643654
1392;9.999999747378752e-06;890880;1651187398.7949867
1393;9.999999747378752e-06;891520;1651187399.9160988
1394;9.999999747378752e-06;892160;1651187401.067209
1395;9.999999747378752e-06;892800;1651187403.80364
1396;9.999999747378752e-06;893440;1651187404.9787211
1397;9.999999747378752e-06;894080;1651187406.1570048
1398;9.999999747378752e-06;894720;1651187407.332752
1399;9.999999747378752e-06;895360;1651187408.5053065
1400;9.999999747378752e-06;896000;1651187454.4004824
1401;9.999999747378752e-06;896640;1651187455.5222147
1402;9.999999747378752e-06;897280;1651187456.6558115
1403;9.999999747378752e-06;897920;1651187459.3759677
1404;9.999999747378752e-06;898560;1651187460.553319
1405;9.999999747378752e-06;899200;1651187461.7266603
1406;9.999999747378752e-06;899840;1651187462.9044964
1407;9.999999747378752e-06;900480;1651187464.0787816
1408;9.999999747378752e-06;901120;1651187465.2504225
1409;9.999999747378752e-06;901760;1651187466.424409
1410;9.999999747378752e-06;902400;1651187467.6034765
1411;9.999999747378752e-06;903040;1651187468.7788653
1412;9.999999747378752e-06;903680;1651187471.5572388
1413;9.999999747378752e-06;904320;1651187472.731569
1414;9.999999747378752e-06;904960;1651187473.8946278
1415;9.999999747378752e-06;905600;1651187475.0720513
1416;9.999999747378752e-06;906240;1651187476.249467
1417;9.999999747378752e-06;906880;1651187478.021403
1418;9.999999747378752e-06;907520;1651187480.1726472
1419;9.999999747378752e-06;908160;1651187481.3571806
1420;9.999999747378752e-06;908800;1651187482.5396142
1421;9.999999747378752e-06;909440;1651187483.7146392
1422;9.999999747378752e-06;910080;1651187484.890535
1423;9.999999747378752e-06;910720;1651187486.0635896
1424;9.999999747378752e-06;911360;1651187487.1790829
1425;9.999999747378752e-06;912000;1651187488.310174
1426;9.999999747378752e-06;912640;1651187489.4363165
1427;9.999999747378752e-06;913280;1651187492.2154195
1428;9.999999747378752e-06;913920;1651187493.3989537
1429;9.999999747378752e-06;914560;1651187494.5751772
1430;9.999999747378752e-06;915200;1651187495.749613
1431;9.999999747378752e-06;915840;1651187496.9250152
1432;9.999999747378752e-06;916480;1651187499.694814
1433;9.999999747378752e-06;917120;1651187500.8731637
1434;9.999999747378752e-06;917760;1651187502.0477679
1435;9.999999747378752e-06;918400;1651187503.2242599
1436;9.999999747378752e-06;919040;1651187504.401469
1437;9.999999747378752e-06;919680;1651187505.5755253
1438;9.999999747378752e-06;920320;1651187506.7508132
1439;9.999999747378752e-06;920960;1651187507.9078362
1440;9.999999747378752e-06;921600;1651187509.0931866
1441;9.999999747378752e-06;922240;1651187511.8666961
1442;9.999999747378752e-06;922880;1651187513.0458355
1443;9.999999747378752e-06;923520;1651187514.2257
1444;9.999999747378752e-06;924160;1651187515.3918293
1445;9.999999747378752e-06;924800;1651187516.5735507
1446;9.999999747378752e-06;925440;1651187519.347108
1447;9.999999747378752e-06;926080;1651187520.5206246
1448;9.999999747378752e-06;926720;1651187521.6981852
1449;9.999999747378752e-06;927360;1651187522.8773396
1450;9.999999747378752e-06;928000;1651187524.0544853
1451;9.999999747378752e-06;928640;1651187525.2294874
1452;9.999999747378752e-06;929280;1651187526.4076116
1453;9.999999747378752e-06;929920;1651187527.5781784
1454;9.999999747378752e-06;930560;1651187528.7554739
1455;9.999999747378752e-06;931200;1651187531.512158
1456;9.999999747378752e-06;931840;1651187532.6391861
1457;9.999999747378752e-06;932480;1651187533.7619717
1458;9.999999747378752e-06;933120;1651187534.8985808
1459;9.999999747378752e-06;933760;1651187536.053187
1460;9.999999747378752e-06;934400;1651187538.7816725
1461;9.999999747378752e-06;935040;1651187539.995222
1462;9.999999747378752e-06;935680;1651187541.1681595
1463;9.999999747378752e-06;936320;1651187542.3502197
1464;9.999999747378752e-06;936960;1651187543.526506
1465;9.999999747378752e-06;937600;1651187544.7070222
1466;9.999999747378752e-06;938240;1651187545.8890264
1467;9.999999747378752e-06;938880;1651187547.0670679
1468;9.999999747378752e-06;939520;1651187548.2349153
1469;9.999999747378752e-06;940160;1651187551.0100384
1470;9.999999747378752e-06;940800;1651187552.187019
1471;9.999999747378752e-06;941440;1651187553.3448896
1472;9.999999747378752e-06;942080;1651187554.523847
1473;9.999999747378752e-06;942720;1651187555.6916559
1474;9.999999747378752e-06;943360;1651187556.910696
1475;9.999999747378752e-06;944000;1651187559.641763
1476;9.999999747378752e-06;944640;1651187560.8184614
1477;9.999999747378752e-06;945280;1651187561.9946923
1478;9.999999747378752e-06;945920;1651187563.170259
1479;9.999999747378752e-06;946560;1651187564.3501308
1480;9.999999747378752e-06;947200;1651187565.5327883
1481;9.999999747378752e-06;947840;1651187566.6948094
1482;9.999999747378752e-06;948480;1651187567.8074083
1483;9.999999747378752e-06;949120;1651187568.9043696
1484;9.999999747378752e-06;949760;1651187571.668309
1485;9.999999747378752e-06;950400;1651187572.844414
1486;9.999999747378752e-06;951040;1651187574.0278807
1487;9.999999747378752e-06;951680;1651187575.2019494
1488;9.999999747378752e-06;952320;1651187576.380886
1489;9.999999747378752e-06;952960;1651187579.1551814
1490;9.999999747378752e-06;953600;1651187580.2884586
1491;9.999999747378752e-06;954240;1651187581.4048378
1492;9.999999747378752e-06;954880;1651187582.530207
1493;9.999999747378752e-06;955520;1651187583.667874
1494;9.999999747378752e-06;956160;1651187584.7804835
1495;9.999999747378752e-06;956800;1651187585.90899
1496;9.999999747378752e-06;957440;1651187587.0012138
1497;9.999999747378752e-06;958080;1651187588.1263015
1498;9.999999747378752e-06;958720;1651187590.6911054
